{
  "json_schema_major_version": "1",
  "json_schema_minor_version": "1",
  "json_content_version": "1",
  "function_name": "Scale",
  "function_version": "1.2",
  "function_type": "non-driver",
  "short_description": "This function scales the input to a specfied range.",
  "long_description": "This function scales the input to a specfied range based on the statistic information.",
  "input_tables": [
    {
      "requiredInputKind": [
        "Dimension"
      ],
      "isOrdered": false,
      "partitionByOne": false,
      "name": "statistic",
      "isRequired": true,
      "description": "The statistic input generated by ScaleMap",
      "datatype": "TABLE_ALIAS",
      "allowsLists": false,
      "rName": "statistic",
      "useInR": true
    },
    {
      "requiredInputKind": [
        "PartitionByAny"
      ],
      "isOrdered": false,
      "partitionByOne": false,
      "name": "input",
      "isRequired": true,
      "description": "The input dataset for scale function.",
      "datatype": "TABLE_ALIAS",
      "allowsLists": false,
      "rName": "input",
      "useInR": true
    }
  ],
  "argument_clauses": [
    {
      "permittedValues": [
        "MEAN",
        "SUM",
        "USTD",
        "STD",
        "RANGE",
        "MIDRANGE",
        "MAXABS"
      ],
      "isOutputColumn": false,
      "allowPadding": true,
      "name": "Method",
      "isRequired": true,
      "description": "Specify one or more methods used to scale the dataset.  If multiple methods are specified, a column scalemethod is added to the output to identify the result of different methods. The permitted input values are [MEAN, SUM, USTD, STD, RANGE, MIDRANGE, MAXABS].",
      "datatype": "STRING",
      "allowsLists": true,
      "rName": "method",
      "useInR": true
    },
    {
      "defaultValue": false,
      "name": "Global",
      "alternateNames": [
        "GlobalScale"
      ],
      "isRequired": false,
      "description": " If true, all the input columns are scaled to the same location and scale. Otherwise, each column will be scaled separately.  The default value is false.",
      "datatype": "BOOLEAN",
      "allowsLists": false,
      "rName": "global",
      "useInR": true
    },
    {
      "targetTable": "input",
      "checkDuplicate": true,
      "allowedTypeGroups": [
        "NUMERIC"
      ],
      "allowPadding": true,
      "name": "InputColumns",
      "isRequired": false,
      "description": "The data columns that contain the attribute values of the samples in the input table. These columns must contain numeric values between -1e308 and 1e308. The input can be list of columns or ranges or a mixture. Format example: 'col1','[4:21]','[25:53]','col73'. Input columns must contain numeric SQL types.",
      "datatype": "COLUMNS",
      "allowsLists": true,
      "rName": "input.columns",
      "useInR": true
    },
    {
      "targetTable": "input",
      "checkDuplicate": true,
      "allowPadding": true,
      "name": "Accumulate",
      "isRequired": false,
      "description": "Columns from the input table to be passed through from input to output.",
      "datatype": "COLUMNS",
      "allowsLists": true,
      "rName": "accumulate",
      "useInR": true
    },
    {
      "defaultValue": [
        1
      ],
      "allowPadding": true,
      "name": "Multiplier",
      "alternateNames": [
        "MultFactor"
      ],
      "isRequired": false,
      "description": "The result will multiple this factor. If a single value is given, it will be adopted in all the input columns. If a list is specified, each value will be associated with a input column in order.  The default value is 1.0.",
      "datatype": "DOUBLE",
      "allowsLists": true,
      "rName": "multiplier",
      "useInR": true
    },
    {
      "defaultValue": [
        "0"
      ],
      "isOutputColumn": false,
      "allowPadding": true,
      "name": "Intercept",
      "alternateNames": [
        "AddFactor"
      ],
      "isRequired": false,
      "description": "The result will add this factor. If a single value is given, it will be adopted in all the input columns. If a list is specified, each value will be associated with a input column in order.   The default value is 0.",
      "datatype": "STRING",
      "allowsLists": true,
      "rName": "intercept",
      "useInR": true
    }
  ]
}