{
  "json_schema_major_version": "1",
  "json_schema_minor_version": "2",
  "json_content_version": "1",
  "function_name": "AdaBoost_Predict",
  "function_version": "1.9",
  "function_type": "driver",
  "function_r_name": "aa.adaboost.predict",
  "ref_function_r_name": "aa.adaboost.drive",
  "short_description": "Makes classification predictions based on an ensemble of weighted classifiers.",
  "long_description": "This function applies a adaboost model for predicting each of the input test data items.",
  "input_tables": [
    {
      "requiredInputKind": [
        "PartitionByKey"
      ],
      "isOrdered": false,
      "partitionByOne": false,
      "name": "AttributeTable",
      "alternateNames": [],
      "isRequired": true,
      "rDescription": "Specifies the name of the table containing the attribute names and the values of test data",
      "description": "Specifies the name of the table containing the attribute names and the values of test data",
      "datatype": "TABLE_ALIAS",
      "allowsLists": false,
      "rName": "newdata",
      "useInR": true,
      "rOrderNum": 2
    },
    {
      "requiredInputKind": [
        "Dimension"
      ],
      "isOrdered": false,
      "partitionByOne": false,
      "name": "Model",
      "alternateNames": [
        "ModelTable"
      ],
      "isRequired": true,
      "rDescription": "Specifies the name of the table containing the output model from adaboost_drive",
      "description": "Specifies the name of the table containing the output model from adaboost_drive",
      "datatype": "TABLE_ALIAS",
      "allowsLists": false,
      "rName": "object",
      "useInR": true,
      "rOrderNum": 1
    }
  ],
  "argument_clauses": [
    {
      "permittedValues": [],
      "isOutputColumn": false,
      "name": "Domain",
      "alternateNames": [],
      "isRequired": false,
      "rDescription": "The address of the Queen. The host parameter is the Aster Database Queen’s IP address or hostname.",
      "description": "The address of the Queen. The host parameter is the Aster Database Queen’s IP address or hostname.",
      "datatype": "DRIVER",
      "allowsLists": false,
      "useInR": false,
      "rOrderNum": 0
    },
    {
      "permittedValues": [],
      "isOutputColumn": false,
      "name": "Database",
      "alternateNames": [],
      "isRequired": false,
      "rDescription": "The name of the database where the input table is located.",
      "description": "The name of the database where the input table is located.",
      "datatype": "DRIVER",
      "allowsLists": false,
      "useInR": false,
      "rOrderNum": 0
    },
    {
      "permittedValues": [],
      "isOutputColumn": false,
      "name": "UserId",
      "alternateNames": [],
      "isRequired": false,
      "rDescription": "The Aster Database user name of the user running this function.",
      "description": "The Aster Database user name of the user running this function.",
      "datatype": "DRIVER",
      "allowsLists": false,
      "useInR": false,
      "rOrderNum": 0
    },
    {
      "permittedValues": [],
      "isOutputColumn": false,
      "name": "Password",
      "alternateNames": [],
      "isRequired": false,
      "rDescription": "The Aster Database password of the user.",
      "description": "The Aster Database password of the user.",
      "datatype": "DRIVER",
      "allowsLists": false,
      "useInR": false,
      "rOrderNum": 0
    },
    {
      "permittedValues": [],
      "isOutputColumn": false,
      "name": "SSLSettings",
      "alternateNames": [],
      "isRequired": false,
      "rDescription": "A string that includes all the SSL settings, except the password for the truststore.",
      "description": "A string that includes all the SSL settings, except the password for the truststore.",
      "datatype": "DRIVER",
      "allowsLists": false,
      "useInR": false,
      "rOrderNum": 0
    },
    {
      "permittedValues": [],
      "isOutputColumn": false,
      "name": "SSLTrustStorePassword",
      "alternateNames": [],
      "isRequired": false,
      "rDescription": "The password for the SSL truststore.",
      "description": "The password for the SSL truststore.",
      "datatype": "DRIVER",
      "allowsLists": false,
      "useInR": false,
      "rOrderNum": 0
    },
    {
      "isOutputTable": false,
      "name": "ModelTableName",
      "alternateNames": [],
      "isRequired": false,
      "rDescription": "Indicates whether to include model object, default value is FALSE.",
      "description": "Specifies the name of the previously built model table on which to base the output probabilities.",
      "datatype": "TABLE_NAME",
      "allowsLists": false,
      "rName": "output.response.model",
      "useInR": true,
      "rOrderNum": -1
    },
    {
      "targetTable": [
        "AttributeTable"
      ],
      "checkDuplicate": true,
      "allowedTypes": [],
      "allowedTypeGroups": [
        "ALL"
      ],
      "requiredLength": 1,
      "matchLengthOfArgument": "",
      "allowPadding": true,
      "name": "AttrTableGroupbyColumns",
      "alternateNames": [],
      "isRequired": true,
      "rDescription": "Specifies the names of the columns on which the attribute table is partitioned.",
      "description": "Specifies the names of the columns on which the attribute table is partitioned.",
      "datatype": "COLUMNS",
      "allowsLists": false,
      "rName": "attr.groupby.columns",
      "useInR": true,
      "rOrderNum": 3
    },
    {
      "targetTable": [
        "AttributeTable"
      ],
      "checkDuplicate": true,
      "allowedTypes": [],
      "allowedTypeGroups": [
        "ALL"
      ],
      "matchLengthOfArgument": "",
      "allowPadding": true,
      "name": "AttrTablePidColumns",
      "alternateNames": [],
      "isRequired": true,
      "rDescription": "Specifies the names of the attribute table columns that contain the data point identifiers.",
      "description": "Specifies the names of the attribute table columns that contain the data point identifiers.",
      "datatype": "COLUMNS",
      "allowsLists": true,
      "rName": "attr.pid.columns",
      "useInR": true,
      "rOrderNum": 4
    },
    {
      "targetTable": [
        "AttributeTable"
      ],
      "checkDuplicate": true,
      "allowedTypes": [],
      "allowedTypeGroups": [
        "ALL"
      ],
      "requiredLength": 1,
      "matchLengthOfArgument": "",
      "allowPadding": true,
      "name": "AttrTableValColumn",
      "alternateNames": [],
      "isRequired": true,
      "rDescription": "Specifies the name of the attribute table column that contains the data point values.",
      "description": "Specifies the name of the attribute table column that contains the data point values.",
      "datatype": "COLUMNS",
      "allowsLists": false,
      "rName": "attr.val.column",
      "useInR": true,
      "rOrderNum": 5
    },
    {
      "targetTable": [
        "AttributeTable"
      ],
      "checkDuplicate": true,
      "allowedTypes": [],
      "allowedTypeGroups": [
        "ALL"
      ],
      "matchLengthOfArgument": "",
      "allowPadding": true,
      "name": "Accumulate",
      "alternateNames": [],
      "isRequired": false,
      "rDescription": "Specifies the names of input_table columns to copy to the output table.",
      "description": "Specifies the names of input_table columns to copy to the output table.",
      "datatype": "COLUMNS",
      "allowsLists": true,
      "rName": "accumulate",
      "useInR": true,
      "rOrderNum": 7
    },
    {
      "defaultValue": false,
      "name": "OutputResponseProbDist",
      "alternateNames": [],
      "isRequired": false,
      "rDescription": "Specifies whether to output probabilities. If this value is true, you must specify the model on which to base the output probabilities, either in this argument or in the “output.response.model” argument. The model table is the name of a previously built model object.",
      "description": "Specifies whether to output probabilities. If this value is true, you must specify the model on which to base the output probabilities, either in this argument or in the ModelTableName argument. The model_table is the name of a previously built model table.",
      "datatype": "BOOLEAN",
      "allowsLists": false,
      "rName": "output.response.probdist",
      "useInR": true,
      "rOrderNum": 6
    },
    {
      "defaultValue": false,
      "name": "OutputMajorityProbability",
      "alternateNames": [],
      "isRequired": false,
      "rDescription": "Only output the majority label probability instead of the full vector.",
      "description": "Only output the majority label probability instead of the full vector.",
      "datatype": "BOOLEAN",
      "allowsLists": false,
      "useInR": false,
      "rOrderNum": 0
    }
  ]
}
