{
  "json_schema_major_version": "1",
  "json_schema_minor_version": "2",
  "json_content_version": "1",
  "function_name": "AdaBoost_Drive",
  "function_version": "1.7",
  "function_type": "driver",
  "function_r_name": "aa.adaboost.drive",
  "short_description": "This is a driver function to build a adaboost model",
  "long_description": "The Adaboost_Drive function takes the entire data set as training input and builds an ensemble of weak classifiers from it",
  "argument_clauses": [
    {
      "permittedValues": [],
      "isOutputColumn": false,
      "name": "Domain",
      "alternateNames": [],
      "isRequired": false,
      "rDescription": "The address of the Queen. The host parameter is the Aster Database Queen’s IP address or hostname.",
      "description": "The address of the Queen. The host parameter is the Aster Database Queen’s IP address or hostname.",
      "datatype": "DRIVER",
      "allowsLists": false,
      "useInR": false,
      "rOrderNum": 0
    },
    {
      "permittedValues": [],
      "isOutputColumn": false,
      "name": "Database",
      "alternateNames": [],
      "isRequired": false,
      "rDescription": "The name of the database where the input table is located.",
      "description": "The name of the database where the input table is located.",
      "datatype": "DRIVER",
      "allowsLists": false,
      "useInR": false,
      "rOrderNum": 0
    },
    {
      "permittedValues": [],
      "isOutputColumn": false,
      "name": "UserId",
      "alternateNames": [],
      "isRequired": false,
      "rDescription": "The Aster Database user name of the user running this function.",
      "description": "The Aster Database user name of the user running this function.",
      "datatype": "DRIVER",
      "allowsLists": false,
      "useInR": false,
      "rOrderNum": 0
    },
    {
      "permittedValues": [],
      "isOutputColumn": false,
      "name": "Password",
      "alternateNames": [],
      "isRequired": false,
      "rDescription": "The Aster Database password of the user.",
      "description": "The Aster Database password of the user.",
      "datatype": "DRIVER",
      "allowsLists": false,
      "useInR": false,
      "rOrderNum": 0
    },
    {
      "permittedValues": [],
      "isOutputColumn": false,
      "name": "SSLSettings",
      "alternateNames": [],
      "isRequired": false,
      "rDescription": "A string that includes all the SSL settings, except the password for the truststore.",
      "description": "A string that includes all the SSL settings, except the password for the truststore.",
      "datatype": "DRIVER",
      "allowsLists": false,
      "useInR": false,
      "rOrderNum": 0
    },
    {
      "permittedValues": [],
      "isOutputColumn": false,
      "name": "SSLTrustStorePassword",
      "alternateNames": [],
      "isRequired": false,
      "rDescription": "The password for the SSL truststore.",
      "description": "The password for the SSL truststore.",
      "datatype": "DRIVER",
      "allowsLists": false,
      "useInR": false,
      "rOrderNum": 0
    },
    {
      "isOutputTable": false,
      "name": "AttributeTable",
      "alternateNames": [],
      "isRequired": true,
      "rDescription": "Specifies the name of the table that contains the attributes and values of the data.",
      "description": "Specifies the name of the table that contains the attributes and values of the data.",
      "datatype": "TABLE_NAME",
      "allowsLists": false,
      "rName": "attribute.data",
      "useInR": true,
      "rOrderNum": 1
    },
    {
      "isOutputTable": false,
      "name": "ResponseTable",
      "alternateNames": [],
      "isRequired": true,
      "rDescription": "Specifies the name of the table that contains the responses (labels) of the data.",
      "description": "Specifies the name of the table that contains the responses (labels) of the data.",
      "datatype": "TABLE_NAME",
      "allowsLists": false,
      "rName": "response.data",
      "useInR": true,
      "rOrderNum": 5
    },
    {
      "isOutputTable": false,
      "name": "CategoricalAttributeTable",
      "alternateNames": [],
      "isRequired": false,
      "rDescription": "Specifies the name of the table that contains the names of the categorical attributes.",
      "description": "Specifies the name of the table that contains the names of the categorical attributes.",
      "datatype": "TABLE_NAME",
      "allowsLists": false,
      "rName": "categorical.attribute.data",
      "useInR": true,
      "rOrderNum": 4
    },
    {
      "isOutputTable": true,
      "name": "OutputTable",
      "alternateNames": [],
      "isRequired": true,
      "rDescription": "Specifies the name of the output table in which the function stores the predictive model it generates.",
      "description": "Specifies the name of the output table in which the function stores the predictive model it generates.",
      "datatype": "TABLE_NAME",
      "allowsLists": false,
      "rName": "model.table",
      "useInR": true,
      "rOrderNum": 100
    },
    {
      "targetTable": [
        "AttributeTable",
        "ResponseTable"
      ],
      "checkDuplicate": true,
      "allowedTypes": [],
      "allowedTypeGroups": [
        "ALL"
      ],
      "matchLengthOfArgument": "",
      "allowPadding": true,
      "name": "IdColumns",
      "alternateNames": [],
      "isRequired": true,
      "rDescription": "Specifies the names of the columns in the response and attribute tables that specify the identifier of the instance.",
      "description": "Specifies the names of the columns in the response and attribute tables that specify the identifier of the instance.",
      "datatype": "COLUMN_NAMES",
      "allowsLists": true,
      "rName": "id.columns",
      "useInR": true,
      "rOrderNum": 6
    },
    {
      "targetTable": [
        "AttributeTable"
      ],
      "checkDuplicate": true,
      "allowedTypes": [],
      "allowedTypeGroups": [
        "ALL"
      ],
      "matchLengthOfArgument": "",
      "allowPadding": true,
      "name": "AttributeNameColumns",
      "alternateNames": [],
      "isRequired": true,
      "rDescription": "Specifies the names of attribute table columns that contain the data attributes.",
      "description": "Specifies the names of attribute table columns that contain the data attributes.",
      "datatype": "COLUMN_NAMES",
      "allowsLists": true,
      "rName": "attribute.name.columns",
      "useInR": true,
      "rOrderNum": 2
    },
    {
      "targetTable": [
        "AttributeTable"
      ],
      "checkDuplicate": true,
      "allowedTypes": [],
      "allowedTypeGroups": [
        "ALL"
      ],
      "requiredLength": 1,
      "matchLengthOfArgument": "",
      "allowPadding": true,
      "name": "AttributeValueColumn",
      "alternateNames": [],
      "isRequired": true,
      "rDescription": "Specifies the names of attribute table columns that contain the data values.",
      "description": "Specifies the names of attribute table columns that contain the data values.",
      "datatype": "COLUMN_NAMES",
      "allowsLists": false,
      "rName": "attribute.value.column",
      "useInR": true,
      "rOrderNum": 3
    },
    {
      "targetTable": [
        "ResponseTable"
      ],
      "checkDuplicate": true,
      "allowedTypes": [],
      "allowedTypeGroups": [
        "ALL"
      ],
      "requiredLength": 1,
      "matchLengthOfArgument": "",
      "allowPadding": true,
      "name": "ResponseColumn",
      "alternateNames": [],
      "isRequired": true,
      "rDescription": "Specifies the name of the response table column that contains the responses (labels) of the data.",
      "description": "Specifies the name of the response table column that contains the responses (labels) of the data.",
      "datatype": "COLUMN_NAMES",
      "allowsLists": false,
      "rName": "response.column",
      "useInR": true,
      "rOrderNum": 7
    },
    {
      "defaultValue": 20,
      "lowerBound": 2,
      "upperBound": 200,
      "lowerBoundType": "INCLUSIVE",
      "upperBoundType": "INCLUSIVE",
      "allowNaN": false,
      "name": "IterNum",
      "alternateNames": [],
      "isRequired": false,
      "rDescription": "Specifies the number of iterations to boost the weak classifiers, which is also the number of weak classifiers in the ensemble (T). The iterations must an INTEGER in the range [2, 200]. The default value is 20.",
      "description": "Specifies the number of iterations to boost the weak classifiers, which is also the number of weak classifiers in the ensemble (T). The iterations must an INTEGER in the range [2, 200]. The default value is 20.",
      "datatype": "INTEGER",
      "allowsLists": false,
      "rName": "iter.num",
      "useInR": true,
      "rOrderNum": 8
    },
    {
      "defaultValue": 10,
      "lowerBound": 1,
      "upperBound": 2147483647,
      "lowerBoundType": "INCLUSIVE",
      "upperBoundType": "INCLUSIVE",
      "allowNaN": false,
      "name": "NumSplits",
      "alternateNames": [],
      "isRequired": false,
      "rDescription": "Specifies the number of splits to try for each attribute in the node splitting. The splits must an INTEGER. The default value is 10.",
      "description": "Specifies the number of splits to try for each attribute in the node splitting. The splits must an INTEGER. The default value is 10.",
      "datatype": "INTEGER",
      "allowsLists": false,
      "rName": "num.splits",
      "useInR": true,
      "rOrderNum": 9
    },
    {
      "defaultValue": true,
      "name": "ApproxSplits",
      "alternateNames": [],
      "isRequired": false,
      "rDescription": "Specifies whether to use approximate percentiles. The default value is 'true'.",
      "description": "Specifies whether to use approximate percentiles. The default value is 'true'.",
      "datatype": "BOOLEAN",
      "allowsLists": false,
      "rName": "approx.splits",
      "useInR": true,
      "rOrderNum": 10
    },
    {
      "permittedValues": [
        "GINI",
        "ENTROPY"
      ],
      "defaultValue": "gini",
      "isOutputColumn": false,
      "name": "SplitMeasure",
      "alternateNames": [],
      "isRequired": false,
      "rDescription": "Specifies the type of measure to use in node splitting. The default value is 'gini'.",
      "description": "Specifies the type of measure to use in node splitting. The default value is 'gini'.",
      "datatype": "STRING",
      "allowsLists": false,
      "rName": "split.measure",
      "useInR": true,
      "rOrderNum": 11
    },
    {
      "defaultValue": 3,
      "lowerBound": 1,
      "upperBound": 10,
      "lowerBoundType": "INCLUSIVE",
      "upperBoundType": "INCLUSIVE",
      "allowNaN": false,
      "name": "maxDepth",
      "alternateNames": [],
      "isRequired": false,
      "rDescription": "Specifies the maximum depth of the tree. The max_depth must an INTEGER in the range [1, 10]. The default value is 3.",
      "description": "Specifies the maximum depth of the tree. The max_depth must an INTEGER in the range [1, 10]. The default value is 3.",
      "datatype": "INTEGER",
      "allowsLists": false,
      "rName": "max.depth",
      "useInR": true,
      "rOrderNum": 12
    },
    {
      "defaultValue": 100,
      "lowerBound": -2147483648,
      "upperBound": 2147483647,
      "lowerBoundType": "INCLUSIVE",
      "upperBoundType": "INCLUSIVE",
      "allowNaN": false,
      "name": "MinNodeSize",
      "alternateNames": [],
      "isRequired": false,
      "rDescription": "Specifies the minimum size of any particular node within each decision tree. The min_node_size must an INTEGER. The default value is 100.",
      "description": "Specifies the minimum size of any particular node within each decision tree. The min_node_size must an INTEGER. The default value is 100.",
      "datatype": "INTEGER",
      "allowsLists": false,
      "rName": "min.node.size",
      "useInR": true,
      "rOrderNum": 13
    },
    {
      "defaultValue": true,
      "name": "dropOutputTable",
      "alternateNames": [],
      "isRequired": false,
      "rDescription": "Specifies whether to drop output_table if it exists. The default value is 'true'.",
      "description": "Specifies whether to drop output_table if it exists. The default value is 'true'.",
      "datatype": "BOOLEAN",
      "allowsLists": false,
      "rName": "drop.output.table",
      "useInR": true,
      "rOrderNum": 14
    },
    {
      "defaultValue": false,
      "name": "OutputResponseProbDist",
      "alternateNames": [],
      "isRequired": false,
      "rDescription": "Switch to enable/disable output of probability distribution for output labels.",
      "description": "Switch to enable/disable output of probability distribution for output labels.",
      "datatype": "BOOLEAN",
      "allowsLists": false,
      "rName": "output.response.probdist",
      "useInR": true,
      "rOrderNum": 15
    }
  ]
}

