{
  "json_schema_major_version": "1",
  "json_schema_minor_version": "2",
  "json_content_version": "1",
  "function_name": "AddOnePlayer",
  "function_version": "1.2",
  "function_type": "non-driver",
  "function_r_name": "aa.add.one.player",
  "short_description": "This function augment the combination by adding one extra player which is not in the combination yet.",
  "long_description": "This function augment the combination by adding one extra player which is not in the combination yet. It also adds a column for binomial coefficient, which is used in computing partial Shapley values.",
  "input_tables": [
    {
      "requiredInputKind": [
        "PartitionByAny"
      ],
      "isOrdered": false,
      "partitionByOne": false,
      "name": "input",
      "alternateNames": [],
      "isRequired": true,
      "rDescription": "A table output by the GenerateCombination or SortCombination function.",
      "description": "A table output by the GenerateCombination or SortCombination function.",
      "datatype": "TABLE_ALIAS",
      "allowsLists": false,
      "rName": "data",
      "useInR": true,
      "rOrderNum": 1
    }
  ],
  "argument_clauses": [
    {
      "targetTable": [
        "input"
      ],
      "checkDuplicate": true,
      "allowedTypes": [],
      "allowedTypeGroups": [
        "ALL"
      ],
      "requiredLength": 1,
      "matchLengthOfArgument": "",
      "allowPadding": true,
      "name": "CombinationColumn",
      "alternateNames": [
        "CombColName"
      ],
      "isRequired": true,
      "rDescription": "Specifies the name of the input table column that contains the combinations.",
      "description": "Specifies the name of the input table column that contains the combinations.",
      "datatype": "COLUMNS",
      "allowsLists": false,
      "rName": "combination.column",
      "useInR": true,
      "rOrderNum": 2
    },
    {
      "targetTable": [
        "input"
      ],
      "checkDuplicate": true,
      "allowedTypes": [],
      "allowedTypeGroups": [
        "INTEGER"
      ],
      "requiredLength": 1,
      "matchLengthOfArgument": "",
      "allowPadding": true,
      "name": "SizeColumn",
      "alternateNames": [
        "SizeColName"
      ],
      "isRequired": true,
      "rDescription": "Specifies the name of the input table column that contains the size of each combination.",
      "description": "Specifies the name of the input table column that contains the size of each combination.",
      "datatype": "COLUMNS",
      "allowsLists": false,
      "rName": "size.column",
      "useInR": true,
      "rOrderNum": 3
    },
    {
      "targetTable": [
        "input"
      ],
      "checkDuplicate": true,
      "allowedTypes": [],
      "allowedTypeGroups": [
        "NUMERIC"
      ],
      "requiredLength": 1,
      "matchLengthOfArgument": "",
      "allowPadding": true,
      "name": "ValueColumn",
      "alternateNames": [
        "ValueColName"
      ],
      "isRequired": true,
      "rDescription": "Specifies the name of the input table column that contains the characteristic value of each combination.",
      "description": "Specifies the name of the input table column that contains the characteristic value of each combination.",
      "datatype": "COLUMNS",
      "allowsLists": false,
      "rName": "value.column",
      "useInR": true,
      "rOrderNum": 4
    },
    {
      "lowerBound": 2,
      "upperBound": 2147483647,
      "lowerBoundType": "INCLUSIVE",
      "upperBoundType": "INCLUSIVE",
      "allowNaN": false,
      "name": "NumPlayers",
      "alternateNames": [
        "NumberOfPlayers"
      ],
      "isRequired": true,
      "rDescription": "Specifies the number of players in the game, a positive integer.",
      "description": "Specifies the number of players in the game, a positive integer.",
      "datatype": "INTEGER",
      "allowsLists": false,
      "rName": "num.players",
      "useInR": true,
      "rOrderNum": 5
    },
    {
      "permittedValues": [
        " ",
        ",",
        ";",
        ":",
        "#",
        "%",
        "&"
      ],
      "defaultValue": " ",
      "isOutputColumn": false,
      "name": "Delimiter",
      "alternateNames": [],
      "isRequired": false,
      "rDescription": "Specifies the character that separates player numbers in combinations—either ' ' (space, the default), '#', '$', '%', or '&'.",
      "description": "Specifies the character that separates player numbers in combinations—either ' ' (space, the default), '#', '$', '%', or '&'.",
      "datatype": "STRING",
      "allowsLists": false,
      "rName": "delimiter",
      "useInR": true,
      "rOrderNum": 6
    }
  ]
}
