{
  "json_schema_major_version": "1",
  "json_schema_minor_version": "2",
  "json_content_version": "1",
  "function_name": "Apache_Log_Parser",
  "function_version": "2.4",
  "function_type": "non-driver",
  "function_r_name": "aa.apache.log.parser",
  "short_description": "Parse Apache web server logs.",
  "long_description": "Parse Apache web server logs,  extracting log items in accordance with given format string.",
  "input_tables": [
    {
      "requiredInputKind": [
        "PartitionByAny"
      ],
      "isOrdered": false,
      "partitionByOne": false,
      "name": "input",
      "alternateNames": [],
      "isRequired": true,
      "rDescription": "Input table, must have a column that contains the information to be parsed",
      "description": "Input table, must have a column that contains the information to be parsed",
      "datatype": "TABLE_ALIAS",
      "allowsLists": false,
      "rName": "data",
      "useInR": true,
      "rOrderNum": 1
    }
  ],
  "argument_clauses": [
    {
      "targetTable": [
        "input"
      ],
      "checkDuplicate": true,
      "allowedTypes": [],
      "allowedTypeGroups": [
        "STRING"
      ],
      "requiredLength": 1,
      "matchLengthOfArgument": "",
      "allowPadding": true,
      "name": "TargetColumn",
      "alternateNames": [
        "LogColumn"
      ],
      "isRequired": true,
      "rDescription": "Specifies the name of the input column that contains the information to be parsed",
      "description": "Specifies the name of the input column that contains the information to be parsed",
      "datatype": "COLUMNS",
      "allowsLists": false,
      "rName": "target.column",
      "useInR": true,
      "rOrderNum": 2
    },
    {
      "permittedValues": [],
      "defaultValue": "%h %l %u %t \"%r\" %>s %b \"%{Referer}i\" \"%{User-agent}i\"",
      "isOutputColumn": false,
      "name": "LogFormat",
      "alternateNames": [],
      "isRequired": false,
      "rDescription": "String that specifies the format used to generate the server access logs, which you can find in the Apache server configuration file. For each log item in the format string, the function builds an output table column built from the input table columns. The default log format is NCSA extended/combined format, which is: \"%h %l %u %t \"%r\" %>s %b \"%{Referer}i\" \"%{User-agent}i\"\"",
      "description": "String that specifies the format used to generate the server access logs, which you can find in the Apache server configuration file. For each log item in the format string, the function builds an output table column built from the input table columns. The default log format is NCSA extended/combined format, which is: \"%h %l %u %t \"%r\" %>s %b \"%{Referer}i\" \"%{User-agent}i\"\"",
      "datatype": "STRING",
      "allowsLists": false,
      "rName": "log.format",
      "useInR": true,
      "rOrderNum": 3
    },
    {
      "permittedValues": [],
      "defaultValue": [
        ".png",
        ".xml",
        ".js"
      ],
      "isOutputColumn": false,
      "matchLengthOfArgument": "",
      "allowPadding": true,
      "name": "ExcludeFiles",
      "alternateNames": [],
      "isRequired": false,
      "rDescription": "Specifies the types of files to exclude, by suffix. The default value is '.png', '.xml', '.js'. If an input row contains a file of an excluded type, then the function does not generate an output file row for that input row.",
      "description": "Specifies the types of files to exclude, by suffix. The default value is '.png', '.xml', '.js'. If an input row contains a file of an excluded type, then the function does not generate an output file row for that input row.",
      "datatype": "STRING",
      "allowsLists": true,
      "rName": "exclude.files",
      "useInR": true,
      "rOrderNum": 4
    },
    {
      "defaultValue": false,
      "name": "SearchInfoFlag",
      "alternateNames": [
        "ReturnSearchInfo"
      ],
      "isRequired": false,
      "rDescription": "Specifies whether to return search information. The default value is 'false'. If you specify 'true', the function extracts the search engine and search terms (if they exist) into two output columns. The supported search engines are Google, Bing, and Yahoo. The function provides more complete parsing capabilities for Google.",
      "description": "Specifies whether to return search information. The default value is 'false'. If you specify 'true', the function extracts the search engine and search terms (if they exist) into two output columns. The supported search engines are Google, Bing, and Yahoo. The function provides more complete parsing capabilities for Google.",
      "datatype": "BOOLEAN",
      "allowsLists": false,
      "rName": "search.info.flag",
      "useInR": true,
      "rOrderNum": 5
    }
  ]
}
