{
  "json_schema_major_version": "1",
  "json_schema_minor_version": "2",
  "json_content_version": "1",
  "function_name": "Categorize",
  "function_version": "1.1",
  "function_type": "non-driver",
  "function_r_name": "aa.categorize",
  "short_description": "Converts column types to strings.",
  "long_description": "Converts column types to strings so that they can be interpreted as categories by functions that used mixed numerical and categorical data.",
  "input_tables": [
    {
      "requiredInputKind": [
        "PartitionByAny"
      ],
      "isOrdered": false,
      "partitionByOne": false,
      "name": "input",
      "alternateNames": [],
      "isRequired": true,
      "rDescription": "The table containing the input data.",
      "description": "The table containing the input data.",
      "datatype": "TABLE_ALIAS",
      "allowsLists": false,
      "rName": "data",
      "useInR": true,
      "rOrderNum": 1
    }
  ],
  "argument_clauses": [
    {
      "targetTable": [
        "input"
      ],
      "checkDuplicate": true,
      "allowedTypes": [],
      "allowedTypeGroups": [
        "ALL"
      ],
      "matchLengthOfArgument": "",
      "allowPadding": true,
      "name": "Columns",
      "alternateNames": [],
      "isRequired": true,
      "rDescription": "Specifies the names of the input columns that contain numeric values to be converted to VARCHAR.",
      "description": "Specifies the names of the input columns that contain numeric values to be converted to VARCHAR.",
      "datatype": "COLUMNS",
      "allowsLists": true,
      "rName": "columns",
      "useInR": true,
      "rOrderNum": 2
    }
  ]
}
