{
  "json_schema_major_version": "1",
  "json_schema_minor_version": "2",
  "json_content_version": "1",
  "function_name": "CCM",
  "function_version": "1.1",
  "function_type": "driver",
  "function_r_name": "aa.ccm",
  "short_description": "Tests for causality in time-series using the CCM method.",
  "long_description": "Tests for cause and effects attributes in time-series using the multispatial convergent cross-mapping method.",
  "argument_clauses": [
    {
      "permittedValues": [],
      "isOutputColumn": false,
      "name": "Domain",
      "alternateNames": [],
      "isRequired": false,
      "rDescription": "The address of the Queen. The host parameter is the Aster Database Queen’s IP address or hostname.",
      "description": "The address of the Queen. The host parameter is the Aster Database Queen’s IP address or hostname.",
      "datatype": "DRIVER",
      "allowsLists": false,
      "useInR": false,
      "rOrderNum": 0
    },
    {
      "permittedValues": [],
      "isOutputColumn": false,
      "name": "Database",
      "alternateNames": [],
      "isRequired": false,
      "rDescription": "The name of the database where the input table is located.",
      "description": "The name of the database where the input table is located.",
      "datatype": "DRIVER",
      "allowsLists": false,
      "useInR": false,
      "rOrderNum": 0
    },
    {
      "permittedValues": [],
      "isOutputColumn": false,
      "name": "UserId",
      "alternateNames": [],
      "isRequired": false,
      "rDescription": "The Aster Database user name of the user running this function.",
      "description": "The Aster Database user name of the user running this function.",
      "datatype": "DRIVER",
      "allowsLists": false,
      "useInR": false,
      "rOrderNum": 0
    },
    {
      "permittedValues": [],
      "isOutputColumn": false,
      "name": "Password",
      "alternateNames": [],
      "isRequired": false,
      "rDescription": "The Aster Database password of the user.",
      "description": "The Aster Database password of the user.",
      "datatype": "DRIVER",
      "allowsLists": false,
      "useInR": false,
      "rOrderNum": 0
    },
    {
      "permittedValues": [],
      "isOutputColumn": false,
      "name": "SSLSettings",
      "alternateNames": [],
      "isRequired": false,
      "rDescription": "A string that includes all the SSL settings, except the password for the truststore.",
      "description": "A string that includes all the SSL settings, except the password for the truststore.",
      "datatype": "DRIVER",
      "allowsLists": false,
      "useInR": false,
      "rOrderNum": 0
    },
    {
      "permittedValues": [],
      "isOutputColumn": false,
      "name": "SSLTrustStorePassword",
      "alternateNames": [],
      "isRequired": false,
      "rDescription": "The password for the SSL truststore.",
      "description": "The password for the SSL truststore.",
      "datatype": "DRIVER",
      "allowsLists": false,
      "useInR": false,
      "rOrderNum": 0
    },
    {
      "isOutputTable": false,
      "name": "InputTable",
      "alternateNames": [],
      "isRequired": true,
      "rDescription": "Table containing the input data.",
      "description": "Table containing the input data.",
      "datatype": "TABLE_NAME",
      "allowsLists": false,
      "rName": "data",
      "useInR": true,
      "rOrderNum": 1
    },
    {
      "targetTable": [
        "InputTable"
      ],
      "checkDuplicate": true,
      "allowedTypes": [],
      "allowedTypeGroups": [
        "ALL"
      ],
      "requiredLength": 1,
      "matchLengthOfArgument": "",
      "allowPadding": true,
      "name": "SequenceIdColumn",
      "alternateNames": [],
      "isRequired": true,
      "rDescription": "Column containing the sequence ids. A sequence is a sample of the time series.",
      "description": "Column containing the sequence ids. A sequence is a sample of the time series.",
      "datatype": "COLUMN_NAMES",
      "allowsLists": false,
      "rName": "sequence.id.column",
      "useInR": true,
      "rOrderNum": 2
    },
    {
      "targetTable": [
        "InputTable"
      ],
      "checkDuplicate": true,
      "allowedTypes": [],
      "allowedTypeGroups": [
        "ALL"
      ],
      "requiredLength": 1,
      "matchLengthOfArgument": "",
      "allowPadding": true,
      "name": "TimeColumn",
      "alternateNames": [],
      "isRequired": true,
      "rDescription": "Column containing the timestamps.",
      "description": "Column containing the timestamps.",
      "datatype": "COLUMN_NAMES",
      "allowsLists": false,
      "rName": "time.column",
      "useInR": true,
      "rOrderNum": 3
    },
    {
      "targetTable": [
        "InputTable"
      ],
      "checkDuplicate": true,
      "allowedTypes": [],
      "allowedTypeGroups": [
        "ALL"
      ],
      "matchLengthOfArgument": "",
      "allowPadding": true,
      "name": "CauseColumns",
      "alternateNames": [],
      "isRequired": true,
      "rDescription": "Columns to be evaluated as potential causes.",
      "description": "Columns to be evaluated as potential causes.",
      "datatype": "COLUMN_NAMES",
      "allowsLists": true,
      "rName": "cause.columns",
      "useInR": true,
      "rOrderNum": 4
    },
    {
      "targetTable": [
        "InputTable"
      ],
      "checkDuplicate": true,
      "allowedTypes": [],
      "allowedTypeGroups": [
        "ALL"
      ],
      "matchLengthOfArgument": "",
      "allowPadding": true,
      "name": "EffectColumns",
      "alternateNames": [],
      "isRequired": true,
      "rDescription": "Columns to be evaluated as potential effects.",
      "description": "Columns to be evaluated as potential effects.",
      "datatype": "COLUMN_NAMES",
      "allowsLists": true,
      "rName": "effect.columns",
      "useInR": true,
      "rOrderNum": 5
    },
    {
      "defaultValue": [
        100
      ],
      "lowerBound": 0,
      "lowerBoundType": "EXCLUSIVE",
      "matchLengthOfArgument": "",
      "allowPadding": true,
      "name": "LibrarySize",
      "alternateNames": [],
      "isRequired": false,
      "rDescription": "The CCM algorithm works by using “libraries” of randomly selected points along the potential effect time series to predict values of the cause time series. A causal relationship is said to exist if the correlation between the predicted values of the cause time series and the actual values increases as the size of the library increases. Each input value must be greater than 0. The default value is 100.",
      "description": "The CCM algorithm works by using “libraries” of randomly selected points along the potential effect time series to predict values of the cause time series. A causal relationship is said to exist if the correlation between the predicted values of the cause time series and the actual values increases as the size of the library increases. Each input value must be greater than 0. The default value is 100.",
      "datatype": "INTEGER",
      "allowsLists": true,
      "rName": "library.size",
      "useInR": true,
      "rOrderNum": 6
    },
    {
      "defaultValue": [
        2
      ],
      "lowerBound": 0,
      "lowerBoundType": "EXCLUSIVE",
      "matchLengthOfArgument": "",
      "allowPadding": true,
      "name": "EmbeddingDimensions",
      "alternateNames": [
        "EmbeddingDimension"
      ],
      "isRequired": false,
      "rDescription": "The embedding dimension is an estimate of the number of past values to use when predicting a given value of the time series. The input value must be greater than 0. Thedefault value is 2.",
      "description": "The embedding dimension is an estimate of the number of past values to use when predicting a given value of the time series. The input value must be greater than 0. Thedefault value is 2.",
      "datatype": "INTEGER",
      "allowsLists": true,
      "rName": "embedding.dimension",
      "useInR": true,
      "rOrderNum": 7
    },
    {
      "defaultValue": 1,
      "lowerBound": 0,
      "upperBound": 2147483647,
      "lowerBoundType": "EXCLUSIVE",
      "upperBoundType": "INCLUSIVE",
      "allowNaN": false,
      "name": "TimeStep",
      "alternateNames": [],
      "isRequired": false,
      "rDescription": "The time.step parameter indicates the number of time steps between past values to use when predicting a given value of the time series. The input value must be greater than 0. The default value is 1.",
      "description": "The TimeStep parameter indicates the number of time steps between past values to use when predicting a given value of the time series. The input value must be greater than 0. The default value is 1.",
      "datatype": "INTEGER",
      "allowsLists": false,
      "rName": "time.step",
      "useInR": true,
      "rOrderNum": 8
    },
    {
      "defaultValue": 100,
      "lowerBound": 0,
      "upperBound": 2147483647,
      "lowerBoundType": "EXCLUSIVE",
      "upperBoundType": "INCLUSIVE",
      "allowNaN": false,
      "name": "BootstrapIterations",
      "alternateNames": [],
      "isRequired": false,
      "rDescription": "The number of bootstrap iterations used to predict. The bootstrap process is used to estimate the uncertainty associated with the predicted values. The input value must be greater than 0. The default value is 100.",
      "description": "The number of bootstrap iterations used to predict. The bootstrap process is used to estimate the uncertainty associated with the predicted values. The input value must be greater than 0. The default value is 100.",
      "datatype": "INTEGER",
      "allowsLists": false,
      "rName": "bootstrap.iterations",
      "useInR": true,
      "rOrderNum": 9
    },
    {
      "defaultValue": 1,
      "lowerBound": 1,
      "upperBound": 2147483647,
      "lowerBoundType": "INCLUSIVE",
      "upperBoundType": "INCLUSIVE",
      "allowNaN": false,
      "name": "PredictStep",
      "alternateNames": [],
      "isRequired": false,
      "rDescription": " If the best embedding dimension is needed to choose, the predict step is used for specify the number of time steps into the future to make predictions from past observations.",
      "description": " If the best embedding dimension is needed to choose, the predict step is used for specify the number of time steps into the future to make predictions from past observations.",
      "datatype": "INTEGER",
      "allowsLists": false,
      "rName": "predict.step",
      "useInR": true,
      "rOrderNum": 10
    },
    {
      "defaultValue": false,
      "name": "SelfPredict",
      "alternateNames": [],
      "isRequired": false,
      "rDescription": "If self.predict is set to true, the ta.ccm function will attempt to predict each attribute using the attribute itself. If an attribute can predict its own time series well, the signal-to-noise ratio is too low for the ta.ccm algorithm to work effectively. The default value is false.",
      "description": "If SelfPredict is set to true, the CCM function will attempt to predict each attribute using the attribute itself. If an attribute can predict its own time series well, the signal-to-noise ratio is too low for the CCM algorithm to work effectively. The default value is false.",
      "datatype": "BOOLEAN",
      "allowsLists": false,
      "rName": "self.predict",
      "useInR": true,
      "rOrderNum": 11
    },
    {
      "permittedValues": [
        "DistanceAndTime",
        "DistanceOnly"
      ],
      "defaultValue": "DistanceOnly",
      "isOutputColumn": false,
      "name": "PointSelectRule",
      "alternateNames": [],
      "isRequired": false,
      "rDescription": " The rules to select nearest points if the best embedding dimension is needed to choose. Two options are provided. One is DistanceAndTime. The other one is DistanceOnly. The default value is DistanceOnly.",
      "description": " The rules to select nearest points if the best embedding dimension is needed to choose. Two options are provided. One is DistanceAndTime. The other one is DistanceOnly. The default value is DistanceOnly.",
      "datatype": "STRING",
      "allowsLists": false,
      "rName": "point.select.rule",
      "useInR": true,
      "rOrderNum": 13
    },
    {
      "permittedValues": [
        "Single",
        "Distribute"
      ],
      "defaultValue": "Single",
      "isOutputColumn": false,
      "name": "Mode",
      "alternateNames": [],
      "isRequired": false,
      "rDescription": "Specifies the execution mode. CCM can be executed in single mode and distribute node. The default value is single mode.",
      "description": "Specifies the execution mode. CCM can be executed in single mode and distribute node. The default value is single mode.",
      "datatype": "STRING",
      "allowsLists": false,
      "rName": "mode",
      "useInR": true,
      "rOrderNum": 14
    },
    {
      "lowerBound": -9223372036854775808,
      "upperBound": 9223372036854775807,
      "lowerBoundType": "INCLUSIVE",
      "upperBoundType": "INCLUSIVE",
      "allowNaN": false,
      "name": "Seed",
      "alternateNames": [],
      "isRequired": false,
      "rDescription": "Specifies the random seed used to initialize the algorithm.",
      "description": "Specifies the random seed used to initialize the algorithm.",
      "datatype": "LONG",
      "allowsLists": false,
      "rName": "seed",
      "useInR": true,
      "rOrderNum": 12
    }
  ]
}