{
  "json_schema_major_version": "1",
  "json_schema_minor_version": "2",
  "json_content_version": "1",
  "function_name": "CCMPrepare",
  "function_version": "1.1",
  "function_type": "non-driver",
  "function_r_name": "aa.ccm.prepare",
  "short_description": "Prepares time-series data for the CCM function.",
  "long_description": "Prepares time-series data for the CCM function.",
  "input_tables": [
    {
      "requiredInputKind": [
        "PartitionByKey"
      ],
      "isOrdered": false,
      "partitionByOne": false,
      "name": "input",
      "alternateNames": [],
      "isRequired": true,
      "rDescription": "The table containing the input data.",
      "description": "The table containing the input data.",
      "datatype": "TABLE_ALIAS",
      "allowsLists": false,
      "rName": "data",
      "useInR": true,
      "rOrderNum": 1
    }
  ]
}
