{
  "json_schema_major_version": "1",
  "json_schema_minor_version": "2",
  "json_content_version": "1",
  "function_name": "CMAVG",
  "function_version": "1.3",
  "function_type": "non-driver",
  "function_r_name": "aa.cmavg",
  "short_description": "Computes Cumulative Moving Averages",
  "long_description": "The cumulative moving average computes the average  from the beginning of a series.",
  "input_tables": [
    {
      "requiredInputKind": [
        "PartitionByKey"
      ],
      "isOrdered": true,
      "partitionByOne": false,
      "name": "input",
      "alternateNames": [],
      "isRequired": true,
      "rDescription": "Specifies the name of the table that contains the columns",
      "description": "Specifies the name of the table that contains the columns",
      "datatype": "TABLE_ALIAS",
      "allowsLists": false,
      "rName": "data",
      "useInR": true,
      "rOrderNum": 1
    }
  ],
  "argument_clauses": [
    {
      "targetTable": [
        "input"
      ],
      "checkDuplicate": true,
      "allowedTypes": [],
      "allowedTypeGroups": [
        "NUMERIC"
      ],
      "matchLengthOfArgument": "",
      "allowPadding": true,
      "name": "TargetColumns",
      "alternateNames": [
        "Columns"
      ],
      "isRequired": false,
      "rDescription": "Specifies the input column names for which the moving average is to be computed. If you omit this argument, then the function copies every input column to the output table but does not compute moving average.",
      "description": "Specifies the input column names for which the moving average is to be computed. If you omit this argument, then the function copies every input column to the output table but does not compute moving average.",
      "datatype": "COLUMNS",
      "allowsLists": true,
      "rName": "target.columns",
      "useInR": true,
      "rOrderNum": 2
    }
  ]
}
