{
  "json_schema_major_version": "1",
  "json_schema_minor_version": "2",
  "json_content_version": "1",
  "function_name": "Corr_Map",
  "function_version": "1.5",
  "function_type": "non-driver",
  "function_r_name": "aa.cor",
  "short_description": "This Function calculates SUM(Xi), SUM(Yi), SUM(Xi^2),SUM(Yi^2), SUM(Xi* Yi) for all the Xi and Yi pairs.",
  "long_description": "This function is used as part of the correlation function and is not intended to be used by itself. This Function calculates SUM(Xi), SUM(Yi), SUM(Xi^2), SUM(Yi^2), SUM(Xi* Yi) for all the Xi and Yi pairs.",
  "function_operation": "map",
  "partner_function": "Corr_Reduce",
  "input_tables": [
    {
      "requiredInputKind": [
        "PartitionByAny"
      ],
      "isOrdered": false,
      "partitionByOne": false,
      "name": "input",
      "alternateNames": [],
      "isRequired": true,
      "rDescription": "The input table that contains the Xi and Yi pairs. ",
      "description": "The input table that contains the Xi and Yi pairs. ",
      "datatype": "TABLE_ALIAS",
      "allowsLists": false,
      "useInR": true,
      "rOrderNum": 0
    }
  ],
  "argument_clauses": [
    {
      "targetTable": [
        "input"
      ],
      "checkDuplicate": true,
      "allowedTypes": [],
      "allowedTypeGroups": [
        "ALL"
      ],
      "matchLengthOfArgument": "",
      "allowPadding": true,
      "name": "GroupByColumns",
      "alternateNames": [],
      "isRequired": false,
      "rDescription": "Specifies the names of the input columns that define the group for correlation calculation. By default, all input columns belong to a single group, for which the function calculates correlation. ",
      "description": "Specifies the names of the input columns that define the group for correlation calculation. By default, all input columns belong to a single group, for which the function calculates correlation. ",
      "datatype": "COLUMNS",
      "allowsLists": true,
      "rName": "group.by.columns",
      "useInR": true,
      "rOrderNum": 0
    },
    {
      "permittedValues": [],
      "isOutputColumn": true,
      "name": "KeyName",
      "alternateNames": [],
      "isRequired": true,
      "rDescription": "Specifies the name for the Corr_Map output table column that contains the correlations, and by which the Corr_Map output table is partitioned. ",
      "description": "Specifies the name for the Corr_Map output table column that contains the correlations, and by which the Corr_Map output table is partitioned. ",
      "datatype": "STRING",
      "allowsLists": false,
      "rName": "key.name",
      "useInR": true,
      "rOrderNum": 0
    },
    {
      "permittedValues": [],
      "isOutputColumn": false,
      "matchLengthOfArgument": "",
      "allowPadding": true,
      "name": "TargetColumns",
      "alternateNames": [
        "ColumnPairs",
        "Columns"
      ],
      "isRequired": false,
      "rDescription": "Specifies pairs of columns for which to calculate correlations. For each column pair, 'col_name1:col_name2', the function calculates the correlation between col_name1 and col_name2. For each column range, '[col_index1:col_index2]', the function calculates the correlation between every pair of columns in the range. For example, if you specify '[1:3]', the function calculates the correlation between the pairs (1,2), (1,3), (2,3),(1,1),(3,3). The mininum value of col_index1 is 0, and col_index1 must be less than col_index2. ",
      "description": "Specifies pairs of columns for which to calculate correlations. For each column pair, 'col_name1:col_name2', the function calculates the correlation between col_name1 and col_name2. For each column range, '[col_index1:col_index2]', the function calculates the correlation between every pair of columns in the range. For example, if you specify '[1:3]', the function calculates the correlation between the pairs (1,2), (1,3), (2,3),(1,1),(3,3). The mininum value of col_index1 is 0, and col_index1 must be less than col_index2. ",
      "datatype": "STRING",
      "allowsLists": true,
      "rName": "target.columns",
      "useInR": true,
      "rOrderNum": 0
    }
  ]
}
