{
  "json_schema_major_version": "1",
  "json_schema_minor_version": "2",
  "json_content_version": "1",
  "function_name": "CoxSurvFit",
  "function_version": "1.2",
  "function_type": "driver",
  "function_r_name": "aa.cox.survfit",
  "ref_function_r_name": "aa.coxph",
  "short_description": "Fit cox survival curves (survival functions) from given new predictions.",
  "long_description": "Fit cox survival curves (survival functions) from given new predictions.",
  "argument_clauses": [
    {
      "permittedValues": [],
      "isOutputColumn": false,
      "name": "Domain",
      "alternateNames": [],
      "isRequired": false,
      "rDescription": "The address of the Queen. The host parameter is the Aster Database Queen’s IP address or hostname.",
      "description": "The address of the Queen. The host parameter is the Aster Database Queen’s IP address or hostname.",
      "datatype": "DRIVER",
      "allowsLists": false,
      "useInR": false,
      "rOrderNum": 0
    },
    {
      "permittedValues": [],
      "isOutputColumn": false,
      "name": "Database",
      "alternateNames": [],
      "isRequired": false,
      "rDescription": "The name of the database where the input table is located.",
      "description": "The name of the database where the input table is located.",
      "datatype": "DRIVER",
      "allowsLists": false,
      "useInR": false,
      "rOrderNum": 0
    },
    {
      "permittedValues": [],
      "isOutputColumn": false,
      "name": "UserId",
      "alternateNames": [],
      "isRequired": false,
      "rDescription": "The Aster Database user name of the user running this function.",
      "description": "The Aster Database user name of the user running this function.",
      "datatype": "DRIVER",
      "allowsLists": false,
      "useInR": false,
      "rOrderNum": 0
    },
    {
      "permittedValues": [],
      "isOutputColumn": false,
      "name": "Password",
      "alternateNames": [],
      "isRequired": false,
      "rDescription": "The Aster Database password of the user.",
      "description": "The Aster Database password of the user.",
      "datatype": "DRIVER",
      "allowsLists": false,
      "useInR": false,
      "rOrderNum": 0
    },
    {
      "permittedValues": [],
      "isOutputColumn": false,
      "name": "SSLSettings",
      "alternateNames": [],
      "isRequired": false,
      "rDescription": "A string that includes all the SSL settings, except the password for the truststore.",
      "description": "A string that includes all the SSL settings, except the password for the truststore.",
      "datatype": "DRIVER",
      "allowsLists": false,
      "useInR": false,
      "rOrderNum": 0
    },
    {
      "permittedValues": [],
      "isOutputColumn": false,
      "name": "SSLTrustStorePassword",
      "alternateNames": [],
      "isRequired": false,
      "rDescription": "The password for the SSL truststore.",
      "description": "The password for the SSL truststore.",
      "datatype": "DRIVER",
      "allowsLists": false,
      "useInR": false,
      "rOrderNum": 0
    },
    {
      "isOutputTable": false,
      "name": "CoxLinearPredictorModelTable",
      "alternateNames": [],
      "isRequired": true,
      "rDescription": "Specifies the name of the Cox linear predictor model table, which was output by the ta.coxph function.",
      "description": "Specifies the name of the Cox linear predictor model table, which was output by the CoxPH function.",
      "datatype": "TABLE_NAME",
      "allowsLists": false,
      "rName": "cox.model.table",
      "useInR": true,
      "rOrderNum": 2
    },
    {
      "isOutputTable": false,
      "name": "CoxCoefModelTable",
      "alternateNames": [],
      "isRequired": true,
      "rDescription": "Specifies the name of the Cox coefficient model table, which was output by the ta.coxph function.",
      "description": "Specifies the name of the Cox coefficient model table, which was output by the CoxPH function.",
      "datatype": "TABLE_NAME",
      "allowsLists": false,
      "rName": "object",
      "useInR": true,
      "rOrderNum": 1
    },
    {
      "isOutputTable": false,
      "name": "PredictTable",
      "alternateNames": [],
      "isRequired": true,
      "rDescription": "Specifies the name of the predict table, which contains new prediction feature values for survival calculation.",
      "description": "Specifies the name of the predict table, which contains new prediction feature values for survival calculation.",
      "datatype": "TABLE_NAME",
      "allowsLists": false,
      "rName": "predict.table",
      "useInR": true,
      "rOrderNum": 3
    },
    {
      "isOutputTable": true,
      "name": "OutputTable",
      "alternateNames": [],
      "isRequired": true,
      "rDescription": "Specifies the name of the output table that contains survival probabilities. The table must not exist",
      "description": "Specifies the name of the output table that contains survival probabilities. The table must not exist",
      "datatype": "TABLE_NAME",
      "allowsLists": false,
      "rName": "survival.probability",
      "useInR": true,
      "rOrderNum": 100
    },
    {
      "targetTable": [
        "PredictTable"
      ],
      "checkDuplicate": true,
      "allowedTypes": [],
      "allowedTypeGroups": [
        "NUMERIC",
        "STRING"
      ],
      "matchLengthOfArgument": "",
      "allowPadding": true,
      "name": "PredictFeatureColumns",
      "alternateNames": [],
      "isRequired": true,
      "rDescription": "Specifies the names of the columns that contain the values for the features in the Cox model—one column name for each feature name. The ith feature name corresponds to the ith column name. For example, consider this pair of arguments: predict.feature.names('name', 'age') predict.feature.columns('c1', 'c2') The predictive values of the feature 'name' are in column 'c1', and the predictive values of the feature 'age' are in column 'c2'",
      "description": "Specifies the names of the columns that contain the values for the features in the Cox model—one column name for each feature name. The ith feature name corresponds to the ith column name. For example, consider this pair of arguments: Predict_Feature_Names('name', 'age') Predict_Feature_Columns('c1', 'c2') The predictive values of the feature 'name' are in column 'c1', and the predictive values of the feature 'age' are in column 'c2'",
      "datatype": "COLUMN_NAMES",
      "allowsLists": true,
      "rName": "predict.feature.columns",
      "useInR": true,
      "rOrderNum": 5
    },
    {
      "targetTable": [
        "PredictTable"
      ],
      "checkDuplicate": true,
      "allowedTypes": [],
      "allowedTypeGroups": [
        "ALL"
      ],
      "matchLengthOfArgument": "",
      "allowPadding": true,
      "name": "Accumulate",
      "alternateNames": [],
      "isRequired": false,
      "rDescription": "Specifies the names of the columns in predict_table that the function copies to the output table.",
      "description": "Specifies the names of the columns in predict_table that the function copies to the output table.",
      "datatype": "COLUMN_NAMES",
      "allowsLists": true,
      "rName": "accumulate",
      "useInR": true,
      "rOrderNum": 6
    },
    {
      "permittedValues": [],
      "isOutputColumn": false,
      "matchLengthOfArgument": "",
      "allowPadding": true,
      "name": "PredictFeatureNames",
      "alternateNames": [],
      "isRequired": true,
      "rDescription": "Specifies the names of features in the Cox model.",
      "description": "Specifies the names of features in the Cox model.",
      "datatype": "STRING",
      "allowsLists": true,
      "rName": "predict.feature.names",
      "useInR": true,
      "rOrderNum": 4
    }
  ]
}
