{
  "json_schema_major_version": "1",
  "json_schema_minor_version": "2",
  "json_content_version": "1",
  "function_name": "CrossValidation",
  "function_version": "1.1",
  "function_type": "driver",
  "function_r_name": "aa.crossvalidation",
  "short_description": "This function runs cross validation of glm for analytics functions.",
  "long_description": "This function runs cross validation of glm for analytics functions to evaluate models.",
  "argument_clauses": [
    {
      "permittedValues": [],
      "isOutputColumn": false,
      "name": "Domain",
      "alternateNames": [],
      "isRequired": false,
      "rDescription": "The address of the Queen. The host parameter is the Aster Database Queen’s IP address or hostname.",
      "description": "The address of the Queen. The host parameter is the Aster Database Queen’s IP address or hostname.",
      "datatype": "DRIVER",
      "allowsLists": false,
      "useInR": false,
      "rOrderNum": 0
    },
    {
      "permittedValues": [],
      "isOutputColumn": false,
      "name": "Database",
      "alternateNames": [],
      "isRequired": false,
      "rDescription": "The name of the database where the input table is located.",
      "description": "The name of the database where the input table is located.",
      "datatype": "DRIVER",
      "allowsLists": false,
      "useInR": false,
      "rOrderNum": 0
    },
    {
      "permittedValues": [],
      "isOutputColumn": false,
      "name": "UserId",
      "alternateNames": [],
      "isRequired": false,
      "rDescription": "The Aster Database user name of the user running this function.",
      "description": "The Aster Database user name of the user running this function.",
      "datatype": "DRIVER",
      "allowsLists": false,
      "useInR": false,
      "rOrderNum": 0
    },
    {
      "permittedValues": [],
      "isOutputColumn": false,
      "name": "Password",
      "alternateNames": [],
      "isRequired": false,
      "rDescription": "The Aster Database password of the user.",
      "description": "The Aster Database password of the user.",
      "datatype": "DRIVER",
      "allowsLists": false,
      "useInR": false,
      "rOrderNum": 0
    },
    {
      "permittedValues": [],
      "isOutputColumn": false,
      "name": "SSLSettings",
      "alternateNames": [],
      "isRequired": false,
      "rDescription": "A string that includes all the SSL settings, except the password for the truststore.",
      "description": "A string that includes all the SSL settings, except the password for the truststore.",
      "datatype": "DRIVER",
      "allowsLists": false,
      "useInR": false,
      "rOrderNum": 0
    },
    {
      "permittedValues": [],
      "isOutputColumn": false,
      "name": "SSLTrustStorePassword",
      "alternateNames": [],
      "isRequired": false,
      "rDescription": "The password for the SSL truststore.",
      "description": "The password for the SSL truststore.",
      "datatype": "DRIVER",
      "allowsLists": false,
      "useInR": false,
      "rOrderNum": 0
    },
    {
      "isOutputTable": true,
      "defaultValue": "cvtable",
      "name": "CVTable",
      "alternateNames": [],
      "isRequired": false,
      "rDescription": "The name of the output table that contains the cross-validation errors for all models. Default is ‘cvtable’.",
      "description": "The name of the output table that contains the cross-validation errors for all models. Default is ‘cvtable’.",
      "datatype": "TABLE_NAME",
      "allowsLists": false,
      "rName": "cv.table",
      "useInR": true,
      "rOrderNum": 100
    },
    {
      "permittedValues": [
        "GLM"
      ],
      "isOutputColumn": false,
      "name": "Function",
      "alternateNames": [],
      "isRequired": true,
      "rDescription": "The name of the function to be cross-validated. Only ta.glm (‘glm’) is supported.",
      "description": "The name of the function to be cross-validated. Only GLM (‘glm’) is supported.",
      "datatype": "STRING",
      "allowsLists": false,
      "rName": "function.name",
      "useInR": true,
      "rOrderNum": 2
    },
    {
      "permittedValues": [],
      "isOutputColumn": false,
      "matchLengthOfArgument": "",
      "allowPadding": true,
      "name": "CVParams",
      "alternateNames": [],
      "isRequired": true,
      "rDescription": "The list of the arguments that will be used in cross validation",
      "description": "The list of the arguments that will be used in cross validation",
      "datatype": "STRING",
      "allowsLists": true,
      "rName": "cv.params ",
      "useInR": true,
      "rOrderNum": 3
    },
    {
      "defaultValue": 10,
      "lowerBound": 0,
      "upperBound": 2147483647,
      "lowerBoundType": "EXCLUSIVE",
      "upperBoundType": "INCLUSIVE",
      "allowNaN": false,
      "name": "FoldNum",
      "alternateNames": [],
      "isRequired": false,
      "rDescription": "The value of k in k-fold cross validation. Default is 10.",
      "description": "The value of k in k-fold cross validation. Default is 10.",
      "datatype": "INTEGER",
      "allowsLists": false,
      "rName": "K",
      "useInR": true,
      "rOrderNum": 4
    },
    {
      "permittedValues": [
        "AUROC",
        "MSE"
      ],
      "defaultValue": "AUROC",
      "isOutputColumn": false,
      "name": "Metric",
      "alternateNames": [],
      "isRequired": false,
      "rDescription": "Error function used to calculate the cross-validation error. Possible values are ‘AUROC’ (area under the ROC curve) and ‘MSE’ (mean squared error). Default is 'AUROC'.",
      "description": "Error function used to calculate the cross-validation error. Possible values are ‘AUROC’ (area under the ROC curve) and ‘MSE’ (mean squared error). Default is 'AUROC'.",
      "datatype": "STRING",
      "allowsLists": false,
      "rName": "metric",
      "useInR": true,
      "rOrderNum": 5
    },
    {
      "isOutputTable": false,
      "name": "InputTable",
      "alternateNames": [],
      "isRequired": true,
      "rDescription": "Specifies the table containing the input data.",
      "description": "Specifies the table containing the input data.",
      "datatype": "TABLE_NAME",
      "allowsLists": false,
      "rName": "data",
      "useInR": true,
      "rOrderNum": 1
    },
    {
      "targetTable": [
        "InputTable"
      ],
      "checkDuplicate": true,
      "allowedTypes": [],
      "allowedTypeGroups": [
        "ALL"
      ],
      "matchLengthOfArgument": "",
      "allowPadding": true,
      "name": "InputColumns",
      "alternateNames": [],
      "isRequired": false,
      "rDescription": "Specifies the names of the columns of the input table that contain the response and predictors like Y,X1,X2,...,Xp.",
      "description": "Specifies the names of the columns of the input table that contain the response and predictors like Y,X1,X2,...,Xp.",
      "datatype": "STRING",
      "allowsLists": true,
      "rName": "input.columns",
      "useInR": true,
      "rOrderNum": 6
    },
    {
      "targetTable": [
        "InputTable"
      ],
      "checkDuplicate": true,
      "allowedTypes": [],
      "allowedTypeGroups": [
        "ALL"
      ],
      "matchLengthOfArgument": "",
      "allowPadding": true,
      "name": "CategoricalColumns",
      "alternateNames": [],
      "isRequired": false,
      "rDescription": "Specifies columnname-value pairs, 'columnname:max_cardinality' or 'columnname:(category [, ...])' or 'columnname'",
      "description": "Specifies columnname-value pairs, 'columnname:max_cardinality' or 'columnname:(category [, ...])' or 'columnname'",
      "datatype": "STRING",
      "allowsLists": true,
      "rName": "categorical.columns",
      "useInR": true,
      "rOrderNum": 7
    },
    {
      "permittedValues": [],
      "isOutputColumn": false,
      "matchLengthOfArgument": "",
      "allowPadding": true,
      "name": "OutputTable",
      "alternateNames": [],
      "isRequired": true,
      "rDescription": "Specifies the output table.",
      "description": "Specifies the output table.",
      "datatype": "STRING",
      "allowsLists": true,
      "rName": "output.table",
      "useInR": true,
      "rOrderNum": 9
    },
    {
      "defaultValue": false,
      "name": "Step",
      "alternateNames": [],
      "isRequired": false,
      "rDescription": "Specifies whether the function runs stepwise glm.",
      "description": "Specifies whether the function runs stepwise glm.",
      "datatype": "BOOLEAN",
      "allowsLists": false,
      "rName": "step",
      "useInR": true,
      "rOrderNum": 8
    },
    {
      "permittedValues": [
        "LOGISTIC",
        "BINOMIAL",
        "POISSON",
        "GAUSSIAN",
        "GAMMA",
        "INVERSE_GAUSSIAN",
        "NEGATIVE_BINOMIAL"
      ],
      "defaultValue": [
        "BINOMIAL"
      ],
      "isOutputColumn": false,
      "matchLengthOfArgument": "",
      "allowPadding": true,
      "name": "Family",
      "alternateNames": [],
      "isRequired": false,
      "rDescription": "Specifies the distribution exponential family.",
      "description": "Specifies the distribution exponential family.",
      "datatype": "STRING",
      "allowsLists": true,
      "rName": "family",
      "useInR": true,
      "rOrderNum": 10
    },
    {
      "permittedValues": [
        "CANONICAL",
        "IDENTITY",
        "INVERSE",
        "LOG",
        "COMPLEMENTARY_LOG_LOG",
        "SQUARE_ROOT",
        "INVERSE_MU_SQUARED",
        "LOGIT",
        "PROBIT",
        "CAUCHIT"
      ],
      "defaultValue": [
        "CANONICAL"
      ],
      "isOutputColumn": false,
      "matchLengthOfArgument": "",
      "allowPadding": true,
      "name": "Link",
      "alternateNames": [],
      "isRequired": false,
      "rDescription": "Specifies the canonical link functions.",
      "description": "Specifies the canonical link functions.",
      "datatype": "STRING",
      "allowsLists": true,
      "rName": "link",
      "useInR": true,
      "rOrderNum": 11
    },
    {
      "permittedValues": [],
      "defaultValue": [
        "1.0"
      ],
      "isOutputColumn": false,
      "matchLengthOfArgument": "",
      "allowPadding": true,
      "name": "Weight",
      "alternateNames": [],
      "isRequired": false,
      "rDescription": "Specifies the name of an input table column that contains the weights to assign to responses.",
      "description": "Specifies the name of an input table column that contains the weights to assign to responses.",
      "datatype": "STRING",
      "allowsLists": true,
      "rName": "weight",
      "useInR": true,
      "rOrderNum": 12
    },
    {
      "permittedValues": [],
      "isOutputColumn": false,
      "matchLengthOfArgument": "",
      "allowPadding": true,
      "name": "Threshold",
      "alternateNames": [],
      "isRequired": false,
      "rDescription": "Specify the convergence threshold.",
      "description": "Specify the convergence threshold.",
      "datatype": "STRING",
      "allowsLists": true,
      "rName": "threshold",
      "useInR": true,
      "rOrderNum": 13
    },
    {
      "permittedValues": [],
      "isOutputColumn": false,
      "matchLengthOfArgument": "",
      "allowPadding": true,
      "name": "MaxIterNum",
      "alternateNames": [],
      "isRequired": false,
      "rDescription": "Specifies the maximum number of steps the function executes before quitting if the convergence threshold has not been met.",
      "description": "Specifies the maximum number of steps the function executes before quitting if the convergence threshold has not been met.",
      "datatype": "STRING",
      "allowsLists": true,
      "rName": "max.iter.num",
      "useInR": true,
      "rOrderNum": 14
    },
    {
      "permittedValues": [],
      "isOutputColumn": false,
      "matchLengthOfArgument": "",
      "allowPadding": true,
      "name": "Intercept",
      "alternateNames": [],
      "isRequired": false,
      "rDescription": "Specifies whether an intercept is included in the model.",
      "description": "Specifies whether an intercept is included in the model.",
      "datatype": "STRING",
      "allowsLists": true,
      "rName": "intercept",
      "useInR": true,
      "rOrderNum": 15
    }
  ]
}
