{
  "json_schema_major_version": "1",
  "json_schema_minor_version": "2",
  "json_content_version": "1",
  "function_name": "DenseSVMModelPrinter",
  "function_version": "1.2",
  "function_type": "non-driver",
  "function_r_name": "aa.svm.dense.modelprinter",
  "ref_function_r_name": "aa.svm.dense.train",
  "short_description": "This function converts the binary weight vector into (attributeid,weight) pairs. ",
  "long_description": "This function reads a linear/non-linear SVM model from model table, then convert  the model to a format of (attributeid, weight) pairs, where weight is the measurement of the attribute in each one of the classes.",
  "input_tables": [
    {
      "requiredInputKind": [
        "PartitionByAny"
      ],
      "isOrdered": false,
      "partitionByOne": false,
      "name": "input",
      "alternateNames": [],
      "isRequired": true,
      "rDescription": "It should be the training dataset, otherwise the result may be incomplete.",
      "description": "It should be the training dataset, otherwise the result may be incomplete.",
      "datatype": "TABLE_ALIAS",
      "allowsLists": false,
      "rName": "data",
      "useInR": true,
      "rOrderNum": 2
    },
    {
      "requiredInputKind": [
        "Dimension"
      ],
      "isOrdered": false,
      "partitionByOne": false,
      "name": "model",
      "alternateNames": [],
      "isRequired": true,
      "rDescription": "The model table generated by SparseSVMTrainer.",
      "description": "The model table generated by SparseSVMTrainer.",
      "datatype": "TABLE_ALIAS",
      "allowsLists": false,
      "rName": "object",
      "useInR": true,
      "rOrderNum": 1
    }
  ],
  "argument_clauses": [
    {
      "targetTable": [
        "input"
      ],
      "checkDuplicate": true,
      "allowedTypes": [],
      "allowedTypeGroups": [
        "NUMERIC"
      ],
      "matchLengthOfArgument": "",
      "allowPadding": true,
      "name": "AttributeColumns",
      "alternateNames": [],
      "isRequired": true,
      "rDescription": "Input table columns that contain the attributes of the test samples. Attribute columns must be numeric (int, real, bigint, smallint, or float).",
      "description": "Input table columns that contain the attributes of the test samples. Attribute columns must be numeric (int, real, bigint, smallint, or float).",
      "datatype": "COLUMNS",
      "allowsLists": true,
      "rName": "attribute.columns",
      "useInR": true,
      "rOrderNum": 3
    },
    {
      "defaultValue": false,
      "name": "Summary",
      "alternateNames": [
        "ShowSummary"
      ],
      "isRequired": false,
      "rDescription": " If true, the output contains only summary information of the model. If false, the output contains the weight of each attribute in the model. The default value is false.",
      "description": " If true, the output contains only summary information of the model. If false, the output contains the weight of each attribute in the model. The default value is false.",
      "datatype": "BOOLEAN",
      "allowsLists": false,
      "rName": "summary",
      "useInR": true,
      "rOrderNum": 4
    }
  ]
}
