{
  "json_schema_major_version": "1",
  "json_schema_minor_version": "2",
  "json_content_version": "1",
  "function_name": "DenseSVMPredictor",
  "function_version": "1.2",
  "function_type": "non-driver",
  "function_r_name": "aa.svm.dense.predict",
  "ref_function_r_name": "aa.svm.dense.train",
  "short_description": "This function gives a predict label for each input sample according to the pre-trained SVM model table.",
  "long_description": "This function predicts input samples for dense input format.  The model is trained by DenseSvmTrainer, and it is used to give one or more  predicts according to the confidence value for each sample. ",
  "input_tables": [
    {
      "requiredInputKind": [
        "PartitionByAny"
      ],
      "isOrdered": false,
      "partitionByOne": false,
      "name": "input",
      "alternateNames": [],
      "isRequired": true,
      "rDescription": "Input query data.",
      "description": "Input query data.",
      "datatype": "TABLE_ALIAS",
      "allowsLists": false,
      "rName": "newdata",
      "useInR": true,
      "rOrderNum": 2
    },
    {
      "requiredInputKind": [
        "Dimension"
      ],
      "isOrdered": false,
      "partitionByOne": false,
      "name": "model",
      "alternateNames": [],
      "isRequired": true,
      "rDescription": "The model table generated by SVMTrainer.",
      "description": "The model table generated by SVMTrainer.",
      "datatype": "TABLE_ALIAS",
      "allowsLists": false,
      "rName": "object",
      "useInR": true,
      "rOrderNum": 1
    }
  ],
  "argument_clauses": [
    {
      "targetTable": [
        "input"
      ],
      "checkDuplicate": true,
      "allowedTypes": [],
      "allowedTypeGroups": [
        "NUMERIC"
      ],
      "matchLengthOfArgument": "",
      "allowPadding": true,
      "name": "AttributeColumns",
      "alternateNames": [],
      "isRequired": true,
      "rDescription": "Input table columns that contain the attributes of the test samples. Attribute columns must be numeric (int, real, bigint, smallint, or float).",
      "description": "Input table columns that contain the attributes of the test samples. Attribute columns must be numeric (int, real, bigint, smallint, or float).",
      "datatype": "COLUMNS",
      "allowsLists": true,
      "rName": "attribute.columns",
      "useInR": true,
      "rOrderNum": 3
    },
    {
      "targetTable": [
        "input"
      ],
      "checkDuplicate": true,
      "allowedTypes": [],
      "allowedTypeGroups": [
        "DISTRIBUTIONTYPE"
      ],
      "requiredLength": 1,
      "matchLengthOfArgument": "",
      "allowPadding": true,
      "name": "SampleIdColumn",
      "alternateNames": [],
      "isRequired": true,
      "rDescription": "Name of the input table column that contains the identifiers of the test samples.",
      "description": "Name of the input table column that contains the identifiers of the test samples.",
      "datatype": "COLUMNS",
      "allowsLists": false,
      "rName": "sample.id.column",
      "useInR": true,
      "rOrderNum": 4
    },
    {
      "targetTable": [
        "input"
      ],
      "checkDuplicate": true,
      "allowedTypes": [],
      "allowedTypeGroups": [
        "ALL"
      ],
      "matchLengthOfArgument": "",
      "allowPadding": true,
      "name": "AccumulateLabel",
      "alternateNames": [],
      "isRequired": false,
      "rDescription": "Columns to be copied from the input table to the output table.",
      "description": "Columns to be copied from the input table to the output table.",
      "datatype": "COLUMNS",
      "allowsLists": true,
      "rName": "accumulate.label",
      "useInR": true,
      "rOrderNum": 5
    },
    {
      "defaultValue": 1,
      "lowerBound": 1,
      "upperBound": 2147483647,
      "lowerBoundType": "INCLUSIVE",
      "upperBoundType": "INCLUSIVE",
      "allowNaN": false,
      "name": "OutputClassNum",
      "alternateNames": [
        "OutputClassNumber"
      ],
      "isRequired": false,
      "rDescription": "Only valid for multiple class models. If the value of this argument is k, the output table will include k class labels with corresponding predict_confidence instead of a single predicted result. The input value must be no less than 1. The default value is 1.",
      "description": "Only valid for multiple class models. If the value of this argument is k, the output table will include k class labels with corresponding predict_confidence instead of a single predicted result. The input value must be no less than 1. The default value is 1.",
      "datatype": "INTEGER",
      "allowsLists": false,
      "rName": "output.class.num",
      "useInR": true,
      "rOrderNum": 6
    }
  ]
}
