{
  "json_schema_major_version": "1",
  "json_schema_minor_version": "2",
  "json_content_version": "1",
  "function_name": "FellegiSunterTrainer",
  "function_version": "1.2",
  "function_type": "driver",
  "function_r_name": "aa.fellegi.sunter.train",
  "short_description": "SQL/MR function to train a Fellegi-Sunter model",
  "long_description": "SQL/MR function to train a Fellegi-Sunter model",
  "argument_clauses": [
    {
      "permittedValues": [],
      "isOutputColumn": false,
      "name": "Domain",
      "alternateNames": [],
      "isRequired": false,
      "rDescription": "The address of the Queen. The host parameter is the Aster Database Queen’s IP address or hostname.",
      "description": "The address of the Queen. The host parameter is the Aster Database Queen’s IP address or hostname.",
      "datatype": "DRIVER",
      "allowsLists": false,
      "useInR": false,
      "rOrderNum": 0
    },
    {
      "permittedValues": [],
      "isOutputColumn": false,
      "name": "Database",
      "alternateNames": [],
      "isRequired": false,
      "rDescription": "The name of the database where the input table is located.",
      "description": "The name of the database where the input table is located.",
      "datatype": "DRIVER",
      "allowsLists": false,
      "useInR": false,
      "rOrderNum": 0
    },
    {
      "permittedValues": [],
      "isOutputColumn": false,
      "name": "UserId",
      "alternateNames": [],
      "isRequired": false,
      "rDescription": "The Aster Database user name of the user running this function.",
      "description": "The Aster Database user name of the user running this function.",
      "datatype": "DRIVER",
      "allowsLists": false,
      "useInR": false,
      "rOrderNum": 0
    },
    {
      "permittedValues": [],
      "isOutputColumn": false,
      "name": "Password",
      "alternateNames": [],
      "isRequired": false,
      "rDescription": "The Aster Database password of the user.",
      "description": "The Aster Database password of the user.",
      "datatype": "DRIVER",
      "allowsLists": false,
      "useInR": false,
      "rOrderNum": 0
    },
    {
      "permittedValues": [],
      "isOutputColumn": false,
      "name": "SSLSettings",
      "alternateNames": [],
      "isRequired": false,
      "rDescription": "A string that includes all the SSL settings, except the password for the truststore.",
      "description": "A string that includes all the SSL settings, except the password for the truststore.",
      "datatype": "DRIVER",
      "allowsLists": false,
      "useInR": false,
      "rOrderNum": 0
    },
    {
      "permittedValues": [],
      "isOutputColumn": false,
      "name": "SSLTrustStorePassword",
      "alternateNames": [],
      "isRequired": false,
      "rDescription": "The password for the SSL truststore.",
      "description": "The password for the SSL truststore.",
      "datatype": "DRIVER",
      "allowsLists": false,
      "useInR": false,
      "rOrderNum": 0
    },
    {
      "isOutputTable": false,
      "name": "InputTable",
      "alternateNames": [],
      "isRequired": true,
      "rDescription": "Specifies the name of the table that contains the object pairs and their field-pair similarity values",
      "description": "Specifies the name of the table that contains the object pairs and their field-pair similarity values",
      "datatype": "TABLE_NAME",
      "allowsLists": false,
      "rName": "data",
      "useInR": true,
      "rOrderNum": 1
    },
    {
      "targetTable": [
        "InputTable"
      ],
      "checkDuplicate": true,
      "allowedTypes": [],
      "allowedTypeGroups": [
        "ALL"
      ],
      "requiredLength": 1,
      "matchLengthOfArgument": "",
      "allowPadding": true,
      "name": "TagColumn",
      "alternateNames": [],
      "isRequired": false,
      "rDescription": "If you specify this argument, then the function uses supervised learning; if you omit it, then the function uses unsupervised learning. This argument specifies the name of the column that indicates whether two objects match. The column must contain only the values 'M' (matched) and 'U' (unmatched).",
      "description": "If you specify this argument, then the function uses supervised learning; if you omit it, then the function uses unsupervised learning. This argument specifies the name of the column that indicates whether two objects match. The column must contain only the values 'M' (matched) and 'U' (unmatched).",
      "datatype": "COLUMN_NAMES",
      "allowsLists": false,
      "rName": "tag.column",
      "useInR": true,
      "rOrderNum": 3
    },
    {
      "permittedValues": [],
      "isOutputColumn": false,
      "matchLengthOfArgument": "",
      "allowPadding": true,
      "name": "ComparisonFields",
      "alternateNames": [],
      "isRequired": true,
      "rDescription": "Specifies the columns of input_table to use in the field-pair similarity in the training process. If the value in the column is less than threshold_value, then the field pair does not agree; otherwise, the field pair agrees. The default value of threshold_value is 1.",
      "description": "Specifies the columns of input_table to use in the field-pair similarity in the training process. If the value in the column is less than threshold_value, then the field pair does not agree; otherwise, the field pair agrees. The default value of threshold_value is 1.",
      "datatype": "STRING",
      "allowsLists": true,
      "rName": "comparison.fields",
      "useInR": true,
      "rOrderNum": 2
    },
    {
      "defaultValue": 0.9,
      "lowerBound": 0,
      "upperBound": 1,
      "lowerBoundType": "EXCLUSIVE",
      "upperBoundType": "EXCLUSIVE",
      "allowNaN": false,
      "name": "InitialM",
      "alternateNames": [],
      "isRequired": false,
      "rDescription": "For unsupervised learning, this argument specifies the initial value of m, which is the probability that a field agrees, given that the object-pair belongs to the same object. The default value is 0.9. For supervised learning, the function ignores this argument.",
      "description": "For unsupervised learning, this argument specifies the initial value of m, which is the probability that a field agrees, given that the object-pair belongs to the same object. The default value is 0.9. For supervised learning, the function ignores this argument.",
      "datatype": "DOUBLE",
      "allowsLists": false,
      "rName": "initial.m",
      "useInR": true,
      "rOrderNum": 4
    },
    {
      "defaultValue": 0.1,
      "lowerBound": 0,
      "upperBound": 1,
      "lowerBoundType": "EXCLUSIVE",
      "upperBoundType": "EXCLUSIVE",
      "allowNaN": false,
      "name": "InitialU",
      "alternateNames": [],
      "isRequired": false,
      "rDescription": "For unsupervised learning, this argument specifies the initial value of u, which is the probability that a field agrees, given that the object-pair belongs to a different object. The default value is 0.1. For supervised learning, the function ignores this argument.",
      "description": "For unsupervised learning, this argument specifies the initial value of u, which is the probability that a field agrees, given that the object-pair belongs to a different object. The default value is 0.1. For supervised learning, the function ignores this argument.",
      "datatype": "DOUBLE",
      "allowsLists": false,
      "rName": "initial.u",
      "useInR": true,
      "rOrderNum": 5
    },
    {
      "defaultValue": 0.1,
      "lowerBound": 0,
      "upperBound": 1,
      "lowerBoundType": "EXCLUSIVE",
      "upperBoundType": "EXCLUSIVE",
      "allowNaN": false,
      "name": "InitialP",
      "alternateNames": [],
      "isRequired": false,
      "rDescription": "For unsupervised learning, this argument specifies the initial value of p, which is the percentage of all possible object-pairs that contain the same object. The default value is 0.1. For supervised learning, the function ignores this argument.",
      "description": "For unsupervised learning, this argument specifies the initial value of p, which is the percentage of all possible object-pairs that contain the same object. The default value is 0.1. For supervised learning, the function ignores this argument.",
      "datatype": "DOUBLE",
      "allowsLists": false,
      "rName": "initial.p",
      "useInR": true,
      "rOrderNum": 6
    },
    {
      "defaultValue": 100,
      "lowerBound": 10,
      "upperBound": 2147483647,
      "lowerBoundType": "INCLUSIVE",
      "upperBoundType": "INCLUSIVE",
      "allowNaN": false,
      "name": "MaxIteration",
      "alternateNames": [],
      "isRequired": false,
      "rDescription": "For unsupervised learning, this argument specifies the maximum number of iterations. The default value is 100. For supervised learning, the function ignores this argument.",
      "description": "For unsupervised learning, this argument specifies the maximum number of iterations. The default value is 100. For supervised learning, the function ignores this argument.",
      "datatype": "INTEGER",
      "allowsLists": false,
      "rName": "max.iteration",
      "useInR": true,
      "rOrderNum": 7
    },
    {
      "defaultValue": 1.0E-5,
      "lowerBound": 0,
      "upperBound": Infinity,
      "lowerBoundType": "EXCLUSIVE",
      "upperBoundType": "INCLUSIVE",
      "allowNaN": false,
      "name": "Eta",
      "alternateNames": [],
      "isRequired": false,
      "rDescription": "For unsupervised learning, this argument specifies the tolerance of the termination criterion. At the end of each iteration, the function computes the difference between the current value of p and the value of p at the end of the previous iteration. If the difference is less than eta_value, then the function terminates.The default value is 0.0001.",
      "description": "For unsupervised learning, this argument specifies the tolerance of the termination criterion. At the end of each iteration, the function computes the difference between the current value of p and the value of p at the end of the previous iteration. If the difference is less than eta_value, then the function terminates.The default value is 0.0001.",
      "datatype": "DOUBLE",
      "allowsLists": false,
      "rName": "eta",
      "useInR": true,
      "rOrderNum": 8
    },
    {
      "defaultValue": 0.9,
      "lowerBound": 0,
      "upperBound": Infinity,
      "lowerBoundType": "EXCLUSIVE",
      "upperBoundType": "INCLUSIVE",
      "allowNaN": false,
      "name": "Mu",
      "alternateNames": [],
      "isRequired": false,
      "rDescription": "Specifies the Type II (false positive) error, which occurs if a matched comparison is erroneously not linked. The default value is 0.9.",
      "description": "Specifies the Type II (false positive) error, which occurs if a matched comparison is erroneously not linked. The default value is 0.9.",
      "datatype": "DOUBLE",
      "allowsLists": false,
      "rName": "mu",
      "useInR": true,
      "rOrderNum": 10
    },
    {
      "defaultValue": 0.9,
      "lowerBound": 0,
      "upperBound": Infinity,
      "lowerBoundType": "EXCLUSIVE",
      "upperBoundType": "INCLUSIVE",
      "allowNaN": false,
      "name": "Lambda",
      "alternateNames": [],
      "isRequired": false,
      "rDescription": " Specifies the Type I (false negative) error, which occurs if an unmatched comparison is erroneously linked. The default value is 0.9.",
      "description": " Specifies the Type I (false negative) error, which occurs if an unmatched comparison is erroneously linked. The default value is 0.9.",
      "datatype": "DOUBLE",
      "allowsLists": false,
      "rName": "lambda",
      "useInR": true,
      "rOrderNum": 9
    }
  ]
}
