{
  "json_schema_major_version": "1",
  "json_schema_minor_version": "2",
  "json_content_version": "1",
  "function_name": "GenerateCombination",
  "function_version": "1.2",
  "function_type": "non-driver",
  "function_r_name": "aa.generate.combination",
  "short_description": "This function computes the characteristic values.",
  "long_description": "This function computes the characteristic values from the join of two tables. These two tables, conversion count and total count, are generated by the nPath function. This function will output the combination (set), the size, and the characteristic value for that set.",
  "input_tables": [
    {
      "requiredInputKind": [
        "PartitionByAny"
      ],
      "isOrdered": false,
      "partitionByOne": false,
      "name": "input",
      "alternateNames": [],
      "isRequired": true,
      "rDescription": "A table output by the GenerateCombination or SortCombination function.",
      "description": "A table output by the GenerateCombination or SortCombination function.",
      "datatype": "TABLE_ALIAS",
      "allowsLists": false,
      "rName": "data",
      "useInR": true,
      "rOrderNum": 1
    }
  ]
}
