{
  "json_schema_major_version": "1",
  "json_schema_minor_version": "2",
  "json_content_version": "1",
  "function_name": "Glm2",
  "function_version": "1.0",
  "function_type": "driver",
  "function_r_name": "aa.glm2",
  "short_description": "Implements the Glm2 SQL-MR function.",
  "long_description": "The GLM2 function is similar to the GLM function except that: 1) GLM2 supports the regularization models ridge, lasso, and elastic net. 2) GLM2 uses the coordinate descent method to minimize the loss function (GLM uses the Fisher scoring method). The GLM2 function generates a model table that you can input to the GLM2Predict function.",
  "argument_clauses": [
    {
      "permittedValues": [],
      "isOutputColumn": false,
      "name": "Domain",
      "alternateNames": [],
      "isRequired": false,
      "rDescription": "The address of the Queen. The host parameter is the Aster Database Queen’s IP address or hostname.",
      "description": "The address of the Queen. The host parameter is the Aster Database Queen’s IP address or hostname.",
      "datatype": "DRIVER",
      "allowsLists": false,
      "useInR": false,
      "rOrderNum": 0
    },
    {
      "permittedValues": [],
      "isOutputColumn": false,
      "name": "Database",
      "alternateNames": [],
      "isRequired": false,
      "rDescription": "The name of the database where the input table is located.",
      "description": "The name of the database where the input table is located.",
      "datatype": "DRIVER",
      "allowsLists": false,
      "useInR": false,
      "rOrderNum": 0
    },
    {
      "permittedValues": [],
      "isOutputColumn": false,
      "name": "UserId",
      "alternateNames": [],
      "isRequired": false,
      "rDescription": "The Aster Database user name of the user running this function.",
      "description": "The Aster Database user name of the user running this function.",
      "datatype": "DRIVER",
      "allowsLists": false,
      "useInR": false,
      "rOrderNum": 0
    },
    {
      "permittedValues": [],
      "isOutputColumn": false,
      "name": "Password",
      "alternateNames": [],
      "isRequired": false,
      "rDescription": "The Aster Database password of the user.",
      "description": "The Aster Database password of the user.",
      "datatype": "DRIVER",
      "allowsLists": false,
      "useInR": false,
      "rOrderNum": 0
    },
    {
      "permittedValues": [],
      "isOutputColumn": false,
      "name": "SSLSettings",
      "alternateNames": [],
      "isRequired": false,
      "rDescription": "A string that includes all the SSL settings, except the password for the truststore.",
      "description": "A string that includes all the SSL settings, except the password for the truststore.",
      "datatype": "DRIVER",
      "allowsLists": false,
      "useInR": false,
      "rOrderNum": 0
    },
    {
      "permittedValues": [],
      "isOutputColumn": false,
      "name": "SSLTrustStorePassword",
      "alternateNames": [],
      "isRequired": false,
      "rDescription": "The password for the SSL truststore.",
      "description": "The password for the SSL truststore.",
      "datatype": "DRIVER",
      "allowsLists": false,
      "useInR": false,
      "rOrderNum": 0
    },
    {
      "isOutputTable": false,
      "name": "InputTable",
      "alternateNames": [],
      "isRequired": true,
      "rDescription": "Specifies the name of the table that contains the columns described in the table in Input.",
      "description": "Specifies the name of the table that contains the columns described in the table in Input.",
      "datatype": "TABLE_NAME",
      "allowsLists": false,
      "rName": "input.table",
      "useInR": true,
      "rOrderNum": 1
    },
    {
      "isOutputTable": true,
      "name": "ModelTable",
      "alternateNames": [],
      "isRequired": true,
      "rDescription": "Specifies the name for the output table that contains the trained model. The trained model contains parameters, statistics, and the coefficients of the predictors for lambda. This table must not exist.",
      "description": "Specifies the name for the output table that contains the trained model. The trained model contains parameters, statistics, and the coefficients of the predictors for lambda. This table must not exist.",
      "datatype": "TABLE_NAME",
      "allowsLists": false,
      "rName": "model.table",
      "useInR": true,
      "rOrderNum": 100
    },
    {
      "isOutputTable": true,
      "name": "RegularizationTable",
      "alternateNames": [],
      "isRequired": false,
      "rDescription": "Specifies the name for the output table that contains the statistics and coefficients of each lambda. Recommended if you want predicted results for each lambda from GLM2Predict.",
      "description": "Specifies the name for the output table that contains the statistics and coefficients of each lambda. Recommended if you want predicted results for each lambda from GLM2Predict.",
      "datatype": "TABLE_NAME",
      "allowsLists": false,
      "rName": "regularization.table",
      "useInR": true,
      "rOrderNum": 101
    },
    {
      "targetTable": [
        "InputTable"
      ],
      "checkDuplicate": true,
      "allowedTypes": [],
      "allowedTypeGroups": [
        "ALL"
      ],
      "matchLengthOfArgument": "",
      "allowPadding": true,
      "name": "InputColumns",
      "alternateNames": [],
      "isRequired": true,
      "rDescription": "Specifies the names of the input table columns that contain the variables to use as predictors (independent variables).",
      "description": "Specifies the names of the input_table columns that contain the variables to use as predictors (independent variables).",
      "datatype": "COLUMN_NAMES",
      "allowsLists": true,
      "rName": "input.columns",
      "useInR": true,
      "rFormulaUsage": true,
      "rOrderNum": -1
    },
    {
      "targetTable": [
        "InputTable"
      ],
      "checkDuplicate": true,
      "allowedTypes": [],
      "allowedTypeGroups": [
        "NUMERIC"
      ],
      "requiredLength": 1,
      "matchLengthOfArgument": "",
      "allowPadding": true,
      "name": "ResponseColumn",
      "alternateNames": [],
      "isRequired": true,
      "rDescription": "Specifies the name of the input table column that contains the responses.",
      "description": "Specifies the name of the input_table column that contains the responses.",
      "datatype": "COLUMN_NAMES",
      "allowsLists": false,
      "rName": "response.column",
      "useInR": true,
      "rFormulaUsage": true,
      "rOrderNum": 0
    },
    {
      "targetTable": [
        "InputTable"
      ],
      "checkDuplicate": true,
      "allowedTypes": [],
      "allowedTypeGroups": [
        "ALL"
      ],
      "matchLengthOfArgument": "",
      "allowPadding": true,
      "name": "CategoricalColumns",
      "alternateNames": [],
      "isRequired": false,
      "rDescription": "Specifies the names of the input table columns that contain categorical variables, and which of their categories to use in the model. Default behavior: The function treats all variables as numerical. Each categorical_column_and_categories has one of these formats:  1) 'categorical_column:max_cardinality' : Uses the most common categories in categorical_column and groups the other categories into the category 'others'. For example, 'column_a:3' specifies that for column_a, the function uses the 3 most common categories and sets the category of the rows that do not belong to those 3 categories to 'others'.  2) 'categorical_column:(category [,...])' : Uses the specified categories of categorical_column and groups the other categories into the category 'others'. For example, 'column_a : (red, yellow, blue)' specifies that for column_a, the function uses the categories red, yellow, and blue, and sets the category of the rows that do not belong to those categories to 'others'. 3) 'categorical_column' : Uses all categories in categorical_column. If you use this argument, you must also specify each categorical_column in the input.column argument.",
      "description": "Specifies the names of the input_table columns that contain categorical variables, and which of their categories to use in the model. Default behavior: The function treats all variables as numerical. Each categorical_column_and_categories has one of these formats:  1) 'categorical_column:max_cardinality' : Uses the most common categories in categorical_column and groups the other categories into the category 'others'. For example, 'column_a:3' specifies that for column_a, the function uses the 3 most common categories and sets the category of the rows that do not belong to those 3 categories to 'others'.  2) 'categorical_column:(category [,...])' : Uses the specified categories of categorical_column and groups the other categories into the category 'others'. For example, 'column_a : (red, yellow, blue)' specifies that for column_a, the function uses the categories red, yellow, and blue, and sets the category of the rows that do not belong to those categories to 'others'. 3) 'categorical_column' : Uses all categories in categorical_column. If you use this argument, you must also specify each categorical_column in the InputColumns argument.",
      "datatype": "COLUMN_NAMES",
      "allowsLists": true,
      "rName": "categorical.columns",
      "useInR": true,
      "rFormulaUsage": true,
      "rOrderNum": -2
    },
    {
      "targetTable": [
        "InputTable"
      ],
      "checkDuplicate": true,
      "allowedTypes": [],
      "allowedTypeGroups": [
        "NUMERIC"
      ],
      "requiredLength": 1,
      "matchLengthOfArgument": "",
      "allowPadding": true,
      "name": "WeightColumn",
      "alternateNames": [],
      "isRequired": false,
      "rDescription": "Specifies the name of the input table column that contains the weights to assign to responses. Default: 1. You can use non-NULL weights to indicate that different observations have different dispersions (with the weights being inversely proportional to the dispersions). Equivalently, when the weights are positive integers wi, each response yi is the mean of wi unit-weight observations. A binomial GLM uses prior weights to give the number of trials when the response.column is the proportion of successes. A Poisson GLM rarely uses weights. If the weight is less than the response value, the function throws an exception. Therefore, if the response.column value is greater than 1 (the default weight), you must specify a weight that is greater than or equal to the response.column value.",
      "description": "Specifies the name of the input_table column that contains the weights to assign to responses. Default: 1. You can use non-NULL weights to indicate that different observations have different dispersions (with the weights being inversely proportional to the dispersions). Equivalently, when the weights are positive integers wi, each response yi is the mean of wi unit-weight observations. A binomial GLM uses prior weights to give the number of trials when the response is the proportion of successes. A Poisson GLM rarely uses weights. If the weight is less than the response value, the function throws an exception. Therefore, if the response value is greater than 1 (the default weight), you must specify a weight that is greater than or equal to the response value.",
      "datatype": "COLUMN_NAMES",
      "allowsLists": false,
      "rName": "weight.column",
      "useInR": true,
      "rOrderNum": 2
    },
    {
      "permittedValues": [
        "GAUSSIAN",
        "BINOMIAL",
        "POISSON"
      ],
      "defaultValue": "GAUSSIAN",
      "isOutputColumn": false,
      "name": "Family",
      "alternateNames": [],
      "isRequired": false,
      "rDescription": "Specifies the distribution exponential family. Default: 'GAUSSIAN'.",
      "description": "Specifies the distribution exponential family. Default: 'GAUSSIAN'.",
      "datatype": "STRING",
      "allowsLists": false,
      "rName": "family",
      "useInR": true,
      "rOrderNum": 3
    },
    {
      "lowerBound": 0,
      "lowerBoundType": "INCLUSIVE",
      "matchLengthOfArgument": "",
      "allowPadding": true,
      "name": "Lambda",
      "alternateNames": [],
      "isRequired": false,
      "rDescription": "Disallowed if num.lambdas is specified. Specifies the regularization parameter sequence. Each lambda must be a nonnegative DOUBLE PRECISION value. A value of zero disables regularization. Default behavior: The function computes the regularization parameter sequence using the num.lambdas and min.lambda.ratio argument values.",
      "description": "Disallowed if NumLambdas is specified. Specifies the regularization parameter sequence. Each lambda must be a nonnegative DOUBLE PRECISION value. A value of zero disables regularization. Default behavior: The function computes the regularization parameter sequence using the NumLambdas and MinLambdaRatio argument values.",
      "datatype": "DOUBLE",
      "allowsLists": true,
      "rName": "lambda",
      "useInR": true,
      "rOrderNum": 4
    },
    {
      "defaultValue": 100,
      "lowerBound": 1,
      "upperBound": 10000,
      "lowerBoundType": "INCLUSIVE",
      "upperBoundType": "INCLUSIVE",
      "allowNaN": false,
      "name": "NumLambdas",
      "alternateNames": [],
      "isRequired": false,
      "rDescription": "Required if Lambda is omitted, otherwise disallowed. Specifies the number of lambda values in the regularization parameter sequence. The num.lambdas must be a positive INTEGER. Default: 100. Maximum: 10,000. The function uses num.lambdas and min.lambda.ratio to compute the regularization parameter sequence.",
      "description": "Required if Lambda is omitted, otherwise disallowed. Specifies the number of lambda values in the regularization parameter sequence. The num_lambdas must be a positive INTEGER. Default: 100. Maximum: 10,000. The function uses num_lambdas and min_lambda_ratio to compute the regularization parameter sequence.",
      "datatype": "INTEGER",
      "allowsLists": false,
      "rName": "num.lambdas",
      "useInR": true,
      "rOrderNum": 5
    },
    {
      "lowerBound": 0,
      "upperBound": 1,
      "lowerBoundType": "INCLUSIVE",
      "upperBoundType": "EXCLUSIVE",
      "allowNaN": false,
      "name": "MinLambdaRatio",
      "alternateNames": [],
      "isRequired": false,
      "rDescription": "Required if Lambda is omitted, otherwise disallowed. Specifies the minimum lambda value in the regularization parameter sequence (MinLambda) as a fraction of the maximum lambda value in the regularization parameter sequence (MaxLambda). The min.lambda.ratio must be in [0, 1). Default: 0.05 if the number of rows (observations) in the input data set is less than the number of predictors (independent variables), otherwise 0.0001. To calculate the value of MaxLambda, the function uses the input data set. To calculate the value of MinLambda, the function uses this formula: MinLambda = MaxLambda * min.lambda.ratio; To calculate the step for decreasing the lambda value from maximun lambda to minimum lambda, the function uses this formula: min.lambda.ratio^(1/(num.lambdas-1)).",
      "description": "Required if Lambda is omitted, otherwise disallowed. Specifies the minimum lambda value in the regularization parameter sequence (MinLambda) as a fraction of the maximum lambda value in the regularization parameter sequence (MaxLambda). The min_lambda_ratio must be in [0, 1). Default: 0.05 if the number of rows (observations) in the input data set is less than the number of predictors (independent variables), otherwise 0.0001. To calculate the value of MaxLambda, the function uses the input data set. To calculate the value of MinLambda, the function uses this formula: MinLambda = MaxLambda * min_lambda_ratio; To calculate the step for decreasing the lambda value from MaxLambda to MinLambda, the function uses this formula: min_lambda_ratio^(1/(num_lambdas-1)).",
      "datatype": "DOUBLE",
      "allowsLists": false,
      "rName": "min.lambda.ratio",
      "useInR": true,
      "rOrderNum": 6
    },
    {
      "defaultValue": 0.1,
      "lowerBound": 0,
      "upperBound": 1,
      "lowerBoundType": "INCLUSIVE",
      "upperBoundType": "INCLUSIVE",
      "allowNaN": false,
      "name": "Alpha",
      "alternateNames": [],
      "isRequired": false,
      "rDescription": "Specifies the mixing parameter for penalty computation. The alpha must be in [0, 1]. If alpha is in (0,1), it represents α in the elastic net regularization formula in Background. Default: 0.1.",
      "description": "Specifies the mixing parameter for penalty computation. The alpha must be in [0, 1]. If alpha is in (0,1), it represents α in the elastic net regularization formula in Background. Default: 0.1.",
      "datatype": "DOUBLE",
      "allowsLists": false,
      "rName": "alpha",
      "useInR": true,
      "rOrderNum": 7
    },
    {
      "defaultValue": 1.0E-7,
      "lowerBound": 0,
      "upperBound": Infinity,
      "lowerBoundType": "EXCLUSIVE",
      "upperBoundType": "INCLUSIVE",
      "allowNaN": false,
      "name": "Threshold",
      "alternateNames": [],
      "isRequired": false,
      "rDescription": "Specifies the convergence threshold of coordinate descent. The threshold must be a nonnegative DOUBLE PRECISION value. Default: 1.0e-7.",
      "description": "Specifies the convergence threshold of coordinate descent. The threshold must be a nonnegative DOUBLE PRECISION value. Default: 1.0e-7.",
      "datatype": "DOUBLE",
      "allowsLists": false,
      "rName": "threshold",
      "useInR": true,
      "rOrderNum": 8
    },
    {
      "defaultValue": 100000,
      "lowerBound": 0,
      "upperBound": 2147483647,
      "lowerBoundType": "EXCLUSIVE",
      "upperBoundType": "INCLUSIVE",
      "allowNaN": false,
      "name": "MaxIterNum",
      "alternateNames": [],
      "isRequired": false,
      "rDescription": "Specifies the maximum number of iterations over the data for all lambda values. The parameter max_iterations must be a positive INTEGER value. Default: 100000.",
      "description": "Specifies the maximum number of iterations over the data for all lambda values. The parameter max_iterations must be a positive INTEGER value. Default: 100000.",
      "datatype": "INTEGER",
      "allowsLists": false,
      "rName": "max.iter.num",
      "useInR": true,
      "rOrderNum": 9
    },
    {
      "defaultValue": true,
      "name": "Intercept",
      "alternateNames": [],
      "isRequired": false,
      "rDescription": "Specifies whether the function uses an intercept. For example, in β0+β1*X1+β2*X2+ ....+ βpXp, the intercept is β0. Default: 'true'.",
      "description": "Specifies whether the function uses an intercept. For example, in β0+β1*X1+β2*X2+ ....+ βpXp, the intercept is β0. Default: 'true'.",
      "datatype": "BOOLEAN",
      "allowsLists": false,
      "rName": "intercept",
      "useInR": true,
      "rOrderNum": 10
    }
  ]
}
