{
  "json_schema_major_version": "1",
  "json_schema_minor_version": "2",
  "json_content_version": "1",
  "function_name": "Glm2Predict",
  "function_version": "1.0",
  "function_type": "non-driver",
  "function_r_name": "aa.glm2.predict",
  "ref_function_r_name": "aa.glm2",
  "short_description": "Implements the Glm2Predict SQL-MR function.",
  "long_description": "The GLM2Predict function uses the model and (optionally) the regularization table generated by the GLM2 function to perform generalized linear model prediction on new input data.",
  "input_tables": [
    {
      "requiredInputKind": [
        "PartitionByAny"
      ],
      "isOrdered": false,
      "partitionByOne": false,
      "name": "input",
      "alternateNames": [],
      "isRequired": true,
      "rDescription": "Table containing the test data set.",
      "description": "Table containing the test data set.",
      "datatype": "TABLE_ALIAS",
      "allowsLists": false,
      "rName": "newdata",
      "useInR": true,
      "rOrderNum": 2
    },
    {
      "requiredInputKind": [
        "Dimension"
      ],
      "isOrdered": false,
      "partitionByOne": false,
      "name": "model",
      "alternateNames": [],
      "isRequired": true,
      "rDescription": "The table which contains the model table generated by the GLM function.",
      "description": "The table which contains the model table generated by the GLM function.",
      "datatype": "TABLE_ALIAS",
      "allowsLists": false,
      "rName": "object",
      "useInR": true,
      "rOrderNum": 1
    },
    {
      "requiredInputKind": [
        "Dimension"
      ],
      "isOrdered": false,
      "partitionByOne": false,
      "name": "regularization",
      "alternateNames": [],
      "isRequired": false,
      "rDescription": "The table which contains the regularization table generated by the GLM function.",
      "description": "The table which contains the regularization table generated by the GLM function.",
      "datatype": "TABLE_ALIAS",
      "allowsLists": false,
      "rName": "regularization",
      "useInR": true,
      "rOrderNum": 3
    }
  ],
  "argument_clauses": [
    {
      "targetTable": [
        "input"
      ],
      "checkDuplicate": true,
      "allowedTypes": [],
      "allowedTypeGroups": [
        "ALL"
      ],
      "matchLengthOfArgument": "",
      "allowPadding": true,
      "name": "Accumulate",
      "alternateNames": [],
      "isRequired": false,
      "rDescription": "Specifies the names of input table columns to copy to the output table.",
      "description": "Specifies the names of input table columns to copy to the output table.",
      "datatype": "COLUMNS",
      "allowsLists": true,
      "rName": "accumulate",
      "useInR": true,
      "rOrderNum": 5
    },
    {
      "lowerBound": 0,
      "lowerBoundType": "INCLUSIVE",
      "matchLengthOfArgument": "",
      "allowPadding": true,
      "name": "Lambda",
      "alternateNames": [],
      "isRequired": false,
      "rDescription": "If you specify a regularization table, otherwise disallowed. Specifies which lambda values in the regularization table to use to make predictions. If you omit the regularization table and Lambda argument, the function uses the minLambda value from the model table. (In the model table, minLambda appears in the level column.) If you specify the regularization table but omit the Lambda argument, the function uses all lambda values in the regularization table. If the Lambda argument specifies a lambda value that is not in the regularization table, the function uses the lambda value in the regularization table that is closest to the value that you specified.",
      "description": "If you specify a regularization table, otherwise disallowed. Specifies which lambda values in the regularization table to use to make predictions. If you omit the regularization table and Lambda argument, the function uses the minLambda value from the model table. (In the model table, minLambda appears in the level column.) If you specify the regularization table but omit the Lambda argument, the function uses all lambda values in the regularization table. If the Lambda argument specifies a lambda value that is not in the regularization table, the function uses the lambda value in the regularization table that is closest to the value that you specified.",
      "datatype": "DOUBLE",
      "allowsLists": true,
      "rName": "lambda",
      "useInR": true,
      "rOrderNum": 4
    }
  ]
}
