{
  "json_schema_major_version": "1",
  "json_schema_minor_version": "2",
  "json_content_version": "1",
  "function_name": "HMMDecoder",
  "function_version": "1.4",
  "function_type": "non-driver",
  "function_r_name": "aa.hmm.decoder",
  "short_description": "Find the state sequence that produces the observation sequence with the highest probability, with respecting to each trained HMM.",
  "long_description": "Given a Hidden Markov Model theta = (A, B, Pi) and an observation sequence, find the state sequence that produces the observation sequence with the highest probability.",
  "input_tables": [
    {
      "requiredInputKind": [
        "PartitionByKey"
      ],
      "isOrdered": true,
      "partitionByOne": false,
      "name": "observation",
      "alternateNames": [],
      "isRequired": true,
      "rDescription": "observation table",
      "description": "observation table",
      "datatype": "TABLE_ALIAS",
      "allowsLists": false,
      "rName": "observation",
      "useInR": true,
      "rOrderNum": 4
    },
    {
      "requiredInputKind": [
        "PartitionByKey"
      ],
      "isOrdered": false,
      "partitionByOne": false,
      "name": "InitStateProb",
      "alternateNames": [],
      "isRequired": true,
      "rDescription": "init state table",
      "description": "init state table",
      "datatype": "TABLE_ALIAS",
      "allowsLists": false,
      "rName": "init.state.prob",
      "useInR": true,
      "rOrderNum": 1
    },
    {
      "requiredInputKind": [
        "PartitionByKey"
      ],
      "isOrdered": false,
      "partitionByOne": false,
      "name": "TransProb",
      "alternateNames": [
        "StateTransitionProb"
      ],
      "isRequired": true,
      "rDescription": "state transition table",
      "description": "state transition table",
      "datatype": "TABLE_ALIAS",
      "allowsLists": false,
      "rName": "state.transition.prob",
      "useInR": true,
      "rOrderNum": 2
    },
    {
      "requiredInputKind": [
        "PartitionByKey"
      ],
      "isOrdered": false,
      "partitionByOne": false,
      "name": "EmissionProb",
      "alternateNames": [],
      "isRequired": true,
      "rDescription": "emission probability table",
      "description": "emission probability table",
      "datatype": "TABLE_ALIAS",
      "allowsLists": false,
      "rName": "emission.prob",
      "useInR": true,
      "rOrderNum": 3
    }
  ],
  "argument_clauses": [
    {
      "targetTable": [
        "InitStateProb"
      ],
      "checkDuplicate": true,
      "allowedTypes": [],
      "allowedTypeGroups": [
        "ALL"
      ],
      "matchLengthOfArgument": "",
      "allowPadding": true,
      "name": "InitStateModelColumn",
      "alternateNames": [
        "InitStateModelKey"
      ],
      "isRequired": true,
      "rDescription": "The name of the model attribute column in the init.state.prob table.",
      "description": "The name of the model attribute column in the InitStateProb table.",
      "datatype": "COLUMNS",
      "allowsLists": true,
      "rName": "state.model.key",
      "useInR": true,
      "rOrderNum": 5
    },
    {
      "targetTable": [
        "InitStateProb"
      ],
      "checkDuplicate": true,
      "allowedTypes": [],
      "allowedTypeGroups": [
        "ALL"
      ],
      "matchLengthOfArgument": "",
      "allowPadding": true,
      "name": "InitStateColumn",
      "alternateNames": [
        "InitStateKey"
      ],
      "isRequired": true,
      "rDescription": "The name of the state attribute column in the init.state.prob table.",
      "description": "The name of the state attribute column in the InitStateProb table.",
      "datatype": "COLUMNS",
      "allowsLists": true,
      "rName": "state.key",
      "useInR": true,
      "rOrderNum": 6
    },
    {
      "targetTable": [
        "InitStateProb"
      ],
      "checkDuplicate": true,
      "allowedTypes": [],
      "allowedTypeGroups": [
        "ALL"
      ],
      "matchLengthOfArgument": "",
      "allowPadding": true,
      "name": "InitStateProbColumn",
      "alternateNames": [
        "InitStateProbKey"
      ],
      "isRequired": true,
      "rDescription": "The name of the initial probability column in the init.state.prob table.",
      "description": "The name of the initial probability column in the InitStateProb table.",
      "datatype": "COLUMNS",
      "allowsLists": true,
      "rName": "state.prob.key",
      "useInR": true,
      "rOrderNum": 7
    },
    {
      "targetTable": [
        "TransProb"
      ],
      "checkDuplicate": true,
      "allowedTypes": [],
      "allowedTypeGroups": [
        "ALL"
      ],
      "matchLengthOfArgument": "",
      "allowPadding": true,
      "name": "TransAttributeColumn",
      "alternateNames": [
        "StateTransModelKey"
      ],
      "isRequired": true,
      "rDescription": "The name of the model attribute column in the state.transition.prob table.",
      "description": "The name of the model attribute column in the TransProb table.",
      "datatype": "COLUMNS",
      "allowsLists": true,
      "rName": "trans.model.key",
      "useInR": true,
      "rOrderNum": 8
    },
    {
      "targetTable": [
        "TransProb"
      ],
      "checkDuplicate": true,
      "allowedTypes": [],
      "allowedTypeGroups": [
        "ALL"
      ],
      "matchLengthOfArgument": "",
      "allowPadding": true,
      "name": "TransFromStateColumn",
      "alternateNames": [
        "StateTransFromStateKey"
      ],
      "isRequired": true,
      "rDescription": "The name of the source of the state transition column in the state.transition.prob table.",
      "description": "The name of the source of the state transition column in the TransProb table.",
      "datatype": "COLUMNS",
      "allowsLists": true,
      "rName": "trans.from.key",
      "useInR": true,
      "rOrderNum": 9
    },
    {
      "targetTable": [
        "TransProb"
      ],
      "checkDuplicate": true,
      "allowedTypes": [],
      "allowedTypeGroups": [
        "ALL"
      ],
      "matchLengthOfArgument": "",
      "allowPadding": true,
      "name": "TransToStateColumn",
      "alternateNames": [
        "StateTransToStateKey"
      ],
      "isRequired": true,
      "rDescription": "The name of the target of the state transition column in the state.transition.prob table.",
      "description": "The name of the target of the state transition column in the TransProb table.",
      "datatype": "COLUMNS",
      "allowsLists": true,
      "rName": "trans.to.key",
      "useInR": true,
      "rOrderNum": 10
    },
    {
      "targetTable": [
        "TransProb"
      ],
      "checkDuplicate": true,
      "allowedTypes": [],
      "allowedTypeGroups": [
        "ALL"
      ],
      "matchLengthOfArgument": "",
      "allowPadding": true,
      "name": "TransProbColumn",
      "alternateNames": [
        "StateTransProbKey"
      ],
      "isRequired": true,
      "rDescription": "The name of the state transition probability column in the state.transition.prob table.",
      "description": "The name of the state transition probability column in the TransProb table.",
      "datatype": "COLUMNS",
      "allowsLists": true,
      "rName": "trans.prob.key",
      "useInR": true,
      "rOrderNum": 11
    },
    {
      "targetTable": [
        "EmissionProb"
      ],
      "checkDuplicate": true,
      "allowedTypes": [],
      "allowedTypeGroups": [
        "ALL"
      ],
      "matchLengthOfArgument": "",
      "allowPadding": true,
      "name": "EmitModelColumn",
      "alternateNames": [
        "EmitModelKey"
      ],
      "isRequired": true,
      "rDescription": "The name of the model attribute column in the emission.prob table.",
      "description": "The name of the model attribute column in the EmissionProb table.",
      "datatype": "COLUMNS",
      "allowsLists": true,
      "rName": "emit.model.key",
      "useInR": true,
      "rOrderNum": 12
    },
    {
      "targetTable": [
        "EmissionProb"
      ],
      "checkDuplicate": true,
      "allowedTypes": [],
      "allowedTypeGroups": [
        "ALL"
      ],
      "matchLengthOfArgument": "",
      "allowPadding": true,
      "name": "EmitStateColumn",
      "alternateNames": [
        "EmitStateKey"
      ],
      "isRequired": true,
      "rDescription": "The name of the state attribute in the emission.prob table.",
      "description": "The name of the state attribute in the EmissionProb table.",
      "datatype": "COLUMNS",
      "allowsLists": true,
      "rName": "emit.state.key",
      "useInR": true,
      "rOrderNum": 13
    },
    {
      "targetTable": [
        "EmissionProb"
      ],
      "checkDuplicate": true,
      "allowedTypes": [],
      "allowedTypeGroups": [
        "ALL"
      ],
      "matchLengthOfArgument": "",
      "allowPadding": true,
      "name": "EmitObsColumn",
      "alternateNames": [
        "EmitObservedKey"
      ],
      "isRequired": true,
      "rDescription": "The name of the observation attribute column in the emission.prob table.",
      "description": "The name of the observation attribute column in the EmissionProb table.",
      "datatype": "COLUMNS",
      "allowsLists": true,
      "rName": "emit.observed.key",
      "useInR": true,
      "rOrderNum": 14
    },
    {
      "targetTable": [
        "EmissionProb"
      ],
      "checkDuplicate": true,
      "allowedTypes": [],
      "allowedTypeGroups": [
        "ALL"
      ],
      "matchLengthOfArgument": "",
      "allowPadding": true,
      "name": "EmitProbColumn",
      "alternateNames": [
        "EmitProbKey"
      ],
      "isRequired": true,
      "rDescription": "The name of the emission probability in the emission.prob table.",
      "description": "The name of the emission probability in the EmissionProb table.",
      "datatype": "COLUMNS",
      "allowsLists": true,
      "rName": "emit.prob.key",
      "useInR": true,
      "rOrderNum": 15
    },
    {
      "targetTable": [
        "observation"
      ],
      "checkDuplicate": true,
      "allowedTypes": [],
      "allowedTypeGroups": [
        "ALL"
      ],
      "requiredLength": 1,
      "matchLengthOfArgument": "",
      "allowPadding": true,
      "name": "ModelColumn",
      "alternateNames": [
        "ModelKey"
      ],
      "isRequired": true,
      "rDescription": "The name of the column that contains the model attribute. If you specify this argument, then model_attribute must match a model_key in the observation.partition clause.",
      "description": "The name of the column that contains the model attribute. If you specify this argument, then model_attribute must match a model_key in the PARTITION BY clause.",
      "datatype": "COLUMNS",
      "allowsLists": false,
      "rName": "model.key",
      "useInR": true,
      "rOrderNum": 16
    },
    {
      "targetTable": [
        "observation"
      ],
      "checkDuplicate": true,
      "allowedTypes": [],
      "allowedTypeGroups": [
        "ALL"
      ],
      "requiredLength": 1,
      "matchLengthOfArgument": "",
      "allowPadding": true,
      "name": "SeqColumn",
      "alternateNames": [
        "SequenceKey"
      ],
      "isRequired": true,
      "rDescription": "The name of the column that contains the sequence attribute. The sequence_attribute must be a sequence attribute in the observation.partition clause.",
      "description": "The name of the column that contains the sequence attribute. The sequence_attribute must be a sequence attribute in the PARTITION BY clause.",
      "datatype": "COLUMNS",
      "allowsLists": false,
      "rName": "sequence.key",
      "useInR": true,
      "rOrderNum": 17
    },
    {
      "targetTable": [
        "observation"
      ],
      "checkDuplicate": true,
      "allowedTypes": [],
      "allowedTypeGroups": [
        "ALL"
      ],
      "requiredLength": 1,
      "matchLengthOfArgument": "",
      "allowPadding": true,
      "name": "ObsColumn",
      "alternateNames": [
        "ObservedKey"
      ],
      "isRequired": true,
      "rDescription": "The name of the column that contains the observed symbols. Note: Observed symbols are case-sensitive.",
      "description": "The name of the column that contains the observed symbols. Note: Observed symbols are case-sensitive.",
      "datatype": "COLUMNS",
      "allowsLists": false,
      "rName": "observed.key",
      "useInR": true,
      "rOrderNum": 18
    },
    {
      "targetTable": [
        "observation"
      ],
      "checkDuplicate": true,
      "allowedTypes": [],
      "allowedTypeGroups": [
        "ALL"
      ],
      "matchLengthOfArgument": "",
      "allowPadding": true,
      "name": "Accumulate",
      "alternateNames": [],
      "isRequired": false,
      "rDescription": "Specifies the names of the columns in input_table that the function copies to the output table.",
      "description": "Specifies the names of the columns in input_table that the function copies to the output table.",
      "datatype": "COLUMNS",
      "allowsLists": true,
      "rName": "accumulate",
      "useInR": true,
      "rOrderNum": 21
    },
    {
      "targetTable": [
        "observation"
      ],
      "checkDuplicate": true,
      "allowedTypes": [
        "boolean"
      ],
      "allowedTypeGroups": [
        "INTEGER",
        "STRING"
      ],
      "requiredLength": 1,
      "matchLengthOfArgument": "",
      "allowPadding": true,
      "name": "SkipColumn",
      "alternateNames": [
        "SkipKey"
      ],
      "isRequired": false,
      "rDescription": "The name of the column whose values determine whether the function skips the row. The function skips the row if the value is “true”, “yes”, “y”, or “1”. The function does not skip the row if the value is “false”, “f”, “no”, “n”, “0”, or NULL.",
      "description": "The name of the column whose values determine whether the function skips the row. The function skips the row if the value is “true”, “yes”, “y”, or “1”. The function does not skip the row if the value is “false”, “f”, “no”, “n”, “0”, or NULL.",
      "datatype": "COLUMNS",
      "allowsLists": false,
      "rName": "skip.key",
      "useInR": true,
      "rOrderNum": 20
    },
    {
      "defaultValue": 2147483647,
      "lowerBound": 1,
      "upperBound": 2147483647,
      "lowerBoundType": "INCLUSIVE",
      "upperBoundType": "INCLUSIVE",
      "allowNaN": false,
      "name": "SequenceMaxSize",
      "alternateNames": [],
      "isRequired": false,
      "rDescription": "The maximum length, in rows, of a sequence in the observation table.",
      "description": "The maximum length, in rows, of a sequence in the observation table.",
      "datatype": "INTEGER",
      "allowsLists": false,
      "rName": "sequence.max.size",
      "useInR": true,
      "rOrderNum": 19
    }
  ]
}
