{
  "json_schema_major_version": "1",
  "json_schema_minor_version": "2",
  "json_content_version": "1",
  "function_name": "IDWT2D",
  "function_version": "1.5",
  "function_type": "driver",
  "function_r_name": "aa.idwt2d",
  "short_description": "This function performs 2D reverse wavelet transform. ",
  "long_description": "This function is a driver function used for 2D DWT inverse transformation (reconstruction).  It can perform transformation on multiple sequences simultaneously.  For each sequence, the related wavelet coefficients are stored in the meta table.  Finally, the function reconstructs values in time domain. ",
  "argument_clauses": [
    {
      "permittedValues": [],
      "isOutputColumn": false,
      "name": "Domain",
      "alternateNames": [],
      "isRequired": false,
      "rDescription": "The address of the Queen. The host parameter is the Aster Database Queen’s IP address or hostname.",
      "description": "The address of the Queen. The host parameter is the Aster Database Queen’s IP address or hostname.",
      "datatype": "DRIVER",
      "allowsLists": false,
      "useInR": false,
      "rOrderNum": 0
    },
    {
      "permittedValues": [],
      "isOutputColumn": false,
      "name": "Database",
      "alternateNames": [],
      "isRequired": false,
      "rDescription": "The name of the database where the input table is located.",
      "description": "The name of the database where the input table is located.",
      "datatype": "DRIVER",
      "allowsLists": false,
      "useInR": false,
      "rOrderNum": 0
    },
    {
      "permittedValues": [],
      "isOutputColumn": false,
      "name": "UserId",
      "alternateNames": [],
      "isRequired": false,
      "rDescription": "The Aster Database user name of the user running this function.",
      "description": "The Aster Database user name of the user running this function.",
      "datatype": "DRIVER",
      "allowsLists": false,
      "useInR": false,
      "rOrderNum": 0
    },
    {
      "permittedValues": [],
      "isOutputColumn": false,
      "name": "Password",
      "alternateNames": [],
      "isRequired": false,
      "rDescription": "The Aster Database password of the user.",
      "description": "The Aster Database password of the user.",
      "datatype": "DRIVER",
      "allowsLists": false,
      "useInR": false,
      "rOrderNum": 0
    },
    {
      "permittedValues": [],
      "isOutputColumn": false,
      "name": "SSLSettings",
      "alternateNames": [],
      "isRequired": false,
      "rDescription": "A string that includes all the SSL settings, except the password for the truststore.",
      "description": "A string that includes all the SSL settings, except the password for the truststore.",
      "datatype": "DRIVER",
      "allowsLists": false,
      "useInR": false,
      "rOrderNum": 0
    },
    {
      "permittedValues": [],
      "isOutputColumn": false,
      "name": "SSLTrustStorePassword",
      "alternateNames": [],
      "isRequired": false,
      "rDescription": "The password for the SSL truststore.",
      "description": "The password for the SSL truststore.",
      "datatype": "DRIVER",
      "allowsLists": false,
      "useInR": false,
      "rOrderNum": 0
    },
    {
      "isOutputTable": false,
      "name": "InputTable",
      "alternateNames": [],
      "isRequired": true,
      "rDescription": "Specifies the name of the input table or view that contains the coefficients generated by ta.dwt2d. Typically, this table is the output table of ta.dwt2d.",
      "description": "Specifies the name of the input table or view that contains the coefficients generated by DWT2D. Typically, this table is the output table of DWT2D.",
      "datatype": "TABLE_NAME",
      "allowsLists": false,
      "rName": "data",
      "useInR": true,
      "rOrderNum": 2
    },
    {
      "isOutputTable": false,
      "name": "MetaTable",
      "alternateNames": [],
      "isRequired": true,
      "rDescription": " Specifies the name of the input table or view that contains the meta information used in ta.dwt2d. Typically, this table is the meta table output by ta.dwt2d.",
      "description": "Specifies the name of the input table or view that contains the meta information used in DWT2D. Typically, this table is the meta table output by DWT2D.",
      "datatype": "TABLE_NAME",
      "allowsLists": false,
      "rName": "meta.table",
      "useInR": true,
      "rOrderNum": 1
    },
    {
      "isOutputTable": true,
      "name": "OutputTable",
      "alternateNames": [],
      "isRequired": true,
      "rDescription": "Specifies the name for the table that the function creates to store the reconstructed result. This table must not exist.",
      "description": "Specifies the name for the table that the function creates to store the reconstructed result. This table must not exist.",
      "datatype": "TABLE_NAME",
      "allowsLists": false,
      "rName": "output.table",
      "useInR": true,
      "rOrderNum": 100
    },
    {
      "targetTable": [
        "InputTable"
      ],
      "checkDuplicate": true,
      "allowedTypes": [],
      "allowedTypeGroups": [
        "ALL"
      ],
      "requiredLength": 1,
      "matchLengthOfArgument": "",
      "allowPadding": true,
      "name": "SortColumn",
      "alternateNames": [],
      "isRequired": true,
      "rDescription": "Specifies the name of the input column that represents the order of coefficients in each sequence (the waveletid column in the ta.dwt2d output table). The column must contain a sequence of integer values that start from 1 for each sequence. If a value is missing from the sequence, then the function treats the corresponding data column as 0.",
      "description": "Specifies the name of the input column that represents the order of coefficients in each sequence (the waveletid column in the DWT2D output table). The column must contain a sequence of integer values that start from 1 for each sequence. If a value is missing from the sequence, then the function treats the corresponding data column as 0.",
      "datatype": "COLUMN_NAMES",
      "allowsLists": false,
      "rName": "sort.column",
      "useInR": true,
      "rOrderNum": 4
    },
    {
      "targetTable": [
        "InputTable"
      ],
      "checkDuplicate": true,
      "allowedTypes": [],
      "allowedTypeGroups": [
        "ALL"
      ],
      "matchLengthOfArgument": "",
      "allowPadding": true,
      "name": "InputColumns",
      "alternateNames": [],
      "isRequired": true,
      "rDescription": "Specifies the names of the columns in the data or view that contain the data to be transformed. These columns must contain numeric values between -1e308 and 1e308. The function treats NULL as 0.",
      "description": "Specifies the names of the columns in the input table or view that contain the data to be transformed. These columns must contain numeric values between -1e308 and 1e308. The function treats NULL as 0.",
      "datatype": "COLUMN_NAMES",
      "allowsLists": true,
      "rName": "input.columns",
      "useInR": true,
      "rOrderNum": 3
    },
    {
      "targetTable": [
        "InputTable"
      ],
      "checkDuplicate": true,
      "allowedTypes": [],
      "allowedTypeGroups": [
        "ALL"
      ],
      "matchLengthOfArgument": "",
      "allowPadding": true,
      "name": "PartitionColumns",
      "alternateNames": [],
      "isRequired": false,
      "rDescription": "Specifies the names of the partition.columns, which identify the sequences. Rows with the same partition.columns values belong to the same sequence. If you specify multiple partition.columns, then the function treats the first one as the distribute key of the output and meta tables. By default, all rows belong to one sequence, and the function generates a distribute key column named dwt_idrandom_name in both the output table and the meta table. In both tables, every cell of dwt_idrandom_name has the value 1.",
      "description": " Specifies the names of the partition columns, which identify the sequences. Rows with the same partition column values belong to the same sequence. If you specify multiple partition columns, then the function treats the first one as the distribute key of the output and meta tables. By default, all rows belong to one sequence, and the function generates a distribute key column named dwt_idrandom_name in both the output table and the meta table. In both tables, every cell of dwt_idrandom_name has the value 1.",
      "datatype": "COLUMN_NAMES",
      "allowsLists": true,
      "rName": "partition.columns",
      "useInR": true,
      "rOrderNum": 6
    },
    {
      "defaultValue": true,
      "name": "VerboseFlag",
      "alternateNames": [
        "CompactOutput"
      ],
      "isRequired": false,
      "rDescription": "Specifies whether to ignore (not output) rows in which all coefficient values are very small (having an absolute value less than 1e-12). The default value is 'true'. For a sparse input matrix, ignoring such rows reduces the output table size.",
      "description": "Specifies whether to ignore (not output) rows in which all coefficient values are very small (having an absolute value less than 1e-12). The default value is 'true'. For a sparse input matrix, ignoring such rows reduces the output table size.",
      "datatype": "BOOLEAN",
      "allowsLists": false,
      "rName": "compact.output",
      "useInR": true,
      "rOrderNum": 5
    }
  ]
}
