{
  "json_schema_major_version": "1",
  "json_schema_minor_version": "2",
  "json_content_version": "1",
  "function_name": "KNNRecommenderTrain",
  "function_version": "1.1",
  "function_type": "driver",
  "function_r_name": "aa.knn.recommender.train",
  "short_description": "This function trains a interpolation weight model based on weighted collaborative filtering approach.",
  "long_description": "This function trains a interpolation weight model based on weighted collaborative filtering approach.",
  "argument_clauses": [
    {
      "permittedValues": [],
      "isOutputColumn": false,
      "name": "Domain",
      "alternateNames": [],
      "isRequired": false,
      "rDescription": "The address of the Queen. The host parameter is the Aster Database Queen’s IP address or hostname.",
      "description": "The address of the Queen. The host parameter is the Aster Database Queen’s IP address or hostname.",
      "datatype": "DRIVER",
      "allowsLists": false,
      "useInR": false,
      "rOrderNum": 0
    },
    {
      "permittedValues": [],
      "isOutputColumn": false,
      "name": "Database",
      "alternateNames": [],
      "isRequired": false,
      "rDescription": "The name of the database where the input table is located.",
      "description": "The name of the database where the input table is located.",
      "datatype": "DRIVER",
      "allowsLists": false,
      "useInR": false,
      "rOrderNum": 0
    },
    {
      "permittedValues": [],
      "isOutputColumn": false,
      "name": "UserId",
      "alternateNames": [],
      "isRequired": false,
      "rDescription": "The Aster Database user name of the user running this function.",
      "description": "The Aster Database user name of the user running this function.",
      "datatype": "DRIVER",
      "allowsLists": false,
      "useInR": false,
      "rOrderNum": 0
    },
    {
      "permittedValues": [],
      "isOutputColumn": false,
      "name": "Password",
      "alternateNames": [],
      "isRequired": false,
      "rDescription": "The Aster Database password of the user.",
      "description": "The Aster Database password of the user.",
      "datatype": "DRIVER",
      "allowsLists": false,
      "useInR": false,
      "rOrderNum": 0
    },
    {
      "permittedValues": [],
      "isOutputColumn": false,
      "name": "SSLSettings",
      "alternateNames": [],
      "isRequired": false,
      "rDescription": "A string that includes all the SSL settings, except the password for the truststore.",
      "description": "A string that includes all the SSL settings, except the password for the truststore.",
      "datatype": "DRIVER",
      "allowsLists": false,
      "useInR": false,
      "rOrderNum": 0
    },
    {
      "permittedValues": [],
      "isOutputColumn": false,
      "name": "SSLTrustStorePassword",
      "alternateNames": [],
      "isRequired": false,
      "rDescription": "The password for the SSL truststore.",
      "description": "The password for the SSL truststore.",
      "datatype": "DRIVER",
      "allowsLists": false,
      "useInR": false,
      "rOrderNum": 0
    },
    {
      "isOutputTable": false,
      "name": "RatingTable",
      "alternateNames": [],
      "isRequired": true,
      "rDescription": "The user rating table.",
      "description": "The user rating table.",
      "datatype": "TABLE_NAME",
      "allowsLists": false,
      "rName": "rating.table",
      "useInR": true,
      "rOrderNum": 1
    },
    {
      "isOutputTable": true,
      "name": "WeightModelTable",
      "alternateNames": [],
      "isRequired": true,
      "rDescription": "Name for the output table containing the interpolation weights",
      "description": "Name for the output table containing the interpolation weights",
      "datatype": "TABLE_NAME",
      "allowsLists": false,
      "rName": "weight.model.table",
      "useInR": true,
      "rOrderNum": 100
    },
    {
      "isOutputTable": true,
      "name": "BiasModelTable",
      "alternateNames": [],
      "isRequired": true,
      "rDescription": "Name for the output table containing the global, user, and item bias statistics.",
      "description": "Name for the output table containing the global, user, and item bias statistics.",
      "datatype": "TABLE_NAME",
      "allowsLists": false,
      "rName": "bias.model.table",
      "useInR": true,
      "rOrderNum": 101
    },
    {
      "isOutputTable": true,
      "name": "NearestItemsTable",
      "alternateNames": [],
      "isRequired": false,
      "rDescription": "Name for the output table containing the nearest neighbors for each item. If this argument is not present, the NearestNeighbors table is not produced, If the argument is used, and a table with the specified name exists, the function uses the existing table to train the model, If the argument is used and no table with the specified name exists, the function creates a table with the specified name.",
      "description": "Name for the output table containing the nearest neighbors for each item. If this argument is not present, the NearestNeighbors table is not produced, If the argument is used, and a table with the specified name exists, the function uses the existing table to train the model, If the argument is used and no table with the specified name exists, the function creates a table with the specified name.",
      "datatype": "TABLE_NAME",
      "allowsLists": false,
      "rName": "nearest.items",
      "useInR": true,
      "rOrderNum": 102
    },
    {
      "targetTable": [
        "RatingTable"
      ],
      "checkDuplicate": true,
      "allowedTypes": [],
      "allowedTypeGroups": [
        "INTEGER"
      ],
      "requiredLength": 1,
      "matchLengthOfArgument": "",
      "allowPadding": true,
      "name": "UserIdColumn",
      "alternateNames": [],
      "isRequired": false,
      "rDescription": " The user id column in the rating table. The default is the first column in the rating table.",
      "description": " The user id column in the rating table. The default is the first column in the rating table.",
      "datatype": "COLUMN_NAMES",
      "allowsLists": false,
      "rName": "userid.column",
      "useInR": true,
      "rOrderNum": 2
    },
    {
      "targetTable": [
        "RatingTable"
      ],
      "checkDuplicate": true,
      "allowedTypes": [],
      "allowedTypeGroups": [
        "INTEGER"
      ],
      "requiredLength": 1,
      "matchLengthOfArgument": "",
      "allowPadding": true,
      "name": "ItemIdColumn",
      "alternateNames": [],
      "isRequired": false,
      "rDescription": "The item id column in the rating table. The default is the second column in the rating table.",
      "description": "The item id column in the rating table. The default is the second column in the rating table.",
      "datatype": "COLUMN_NAMES",
      "allowsLists": false,
      "rName": "itemid.column",
      "useInR": true,
      "rOrderNum": 3
    },
    {
      "targetTable": [
        "RatingTable"
      ],
      "checkDuplicate": true,
      "allowedTypes": [],
      "allowedTypeGroups": [
        "NUMERIC"
      ],
      "requiredLength": 1,
      "matchLengthOfArgument": "",
      "allowPadding": true,
      "name": "RatingColumn",
      "alternateNames": [],
      "isRequired": false,
      "rDescription": "The rating column in the rating table. The default is the third column in the rating table.",
      "description": "The rating column in the rating table. The default is the third column in the rating table.",
      "datatype": "COLUMN_NAMES",
      "allowsLists": false,
      "rName": "rating.column",
      "useInR": true,
      "rOrderNum": 4
    },
    {
      "defaultValue": 0.001,
      "lowerBound": 0,
      "upperBound": 1,
      "lowerBoundType": "EXCLUSIVE",
      "upperBoundType": "INCLUSIVE",
      "allowNaN": false,
      "name": "LearningRate",
      "alternateNames": [],
      "isRequired": false,
      "rDescription": "Initial learning rate. The learning rate adjusts automatically during training based on changes in the rmse. Default is 0.001.",
      "description": "Initial learning rate. The learning rate adjusts automatically during training based on changes in the rmse. Default is 0.001.",
      "datatype": "DOUBLE",
      "allowsLists": false,
      "rName": "learning.rate",
      "useInR": true,
      "rOrderNum": 6
    },
    {
      "defaultValue": 10,
      "lowerBound": 0,
      "upperBound": 2147483647,
      "lowerBoundType": "EXCLUSIVE",
      "upperBoundType": "INCLUSIVE",
      "allowNaN": false,
      "name": "MaxIterNum",
      "alternateNames": [],
      "isRequired": false,
      "rDescription": "Maximum number of iterations. Default is 10",
      "description": "Maximum number of iterations. Default is 10",
      "datatype": "INTEGER",
      "allowsLists": false,
      "rName": "max.iternum",
      "useInR": true,
      "rOrderNum": 7
    },
    {
      "defaultValue": 20,
      "lowerBound": 0,
      "upperBound": 2147483647,
      "lowerBoundType": "EXCLUSIVE",
      "upperBoundType": "INCLUSIVE",
      "allowNaN": false,
      "name": "K",
      "alternateNames": [],
      "isRequired": false,
      "rDescription": "The number of nearest neighbors used in the calculation of the interpolation weights. Default is 20.",
      "description": "The number of nearest neighbors used in the calculation of the interpolation weights. Default is 20.",
      "datatype": "INTEGER",
      "allowsLists": false,
      "rName": "k",
      "useInR": true,
      "rOrderNum": 5
    },
    {
      "defaultValue": 2.0E-4,
      "lowerBound": 0,
      "upperBound": Infinity,
      "lowerBoundType": "EXCLUSIVE",
      "upperBoundType": "INCLUSIVE",
      "allowNaN": false,
      "name": "Threshold",
      "alternateNames": [],
      "isRequired": false,
      "rDescription": "The function stops when the rmse drops below this level. Default is 0.0002.",
      "description": "The function stops when the rmse drops below this level. Default is 0.0002.",
      "datatype": "DOUBLE",
      "allowsLists": false,
      "rName": "threshold",
      "useInR": true,
      "rOrderNum": 8
    },
    {
      "permittedValues": [
        "AdjustedCosine",
        "Pearson"
      ],
      "defaultValue": "Pearson",
      "isOutputColumn": false,
      "name": "ItemSimilarity",
      "alternateNames": [],
      "isRequired": false,
      "rDescription": "The method used to calculate item similarity. The default is the Pearson correlation coefficient. Options include: Pearson (Pearson correlation coefficient), adjustedcosine (adjusted cosine similarity)",
      "description": "The method used to calculate item similarity. The default is the Pearson correlation coefficient. Options include: Pearson (Pearson correlation coefficient), adjustedcosine (adjusted cosine similarity)",
      "datatype": "STRING",
      "allowsLists": false,
      "rName": " item.similarity",
      "useInR": true,
      "rOrderNum": 9
    }
  ]
}
