{
  "json_schema_major_version": "1",
  "json_schema_minor_version": "2",
  "json_content_version": "1",
  "function_name": "LARSPredict",
  "function_version": "1.2",
  "function_type": "non-driver",
  "function_r_name": "aa.lars.predict",
  "ref_function_r_name": "aa.lars",
  "short_description": "This function makes predictions using the output model from lars",
  "long_description": "This function makes predictions using the output model from lars",
  "input_tables": [
    {
      "requiredInputKind": [
        "PartitionByKey",
        "PartitionByAny"
      ],
      "isOrdered": false,
      "partitionByOne": false,
      "name": "data",
      "alternateNames": [],
      "isRequired": true,
      "rDescription": "Specifies the data table for predict",
      "description": "Specifies the data table for predict",
      "datatype": "TABLE_ALIAS",
      "allowsLists": false,
      "rName": "newdata",
      "useInR": true,
      "rOrderNum": 2
    },
    {
      "requiredInputKind": [
        "Dimension"
      ],
      "isOrdered": false,
      "partitionByOne": false,
      "name": "model",
      "alternateNames": [],
      "isRequired": true,
      "rDescription": "Specifies the output model table from lars for predict",
      "description": "Specifies the output model table from lars for predict",
      "datatype": "TABLE_ALIAS",
      "allowsLists": false,
      "rName": "object",
      "useInR": true,
      "rOrderNum": 1
    }
  ],
  "argument_clauses": [
    {
      "targetTable": [
        "data"
      ],
      "checkDuplicate": true,
      "allowedTypes": [],
      "allowedTypeGroups": [
        "ALL"
      ],
      "matchLengthOfArgument": "",
      "allowPadding": true,
      "name": "TargetCol",
      "alternateNames": [],
      "isRequired": false,
      "rDescription": "Specifies the name of the response column in the input table (for prediction comparison). The sum-of-square error (SSE) for each prediction appears in the last row of the output table.",
      "description": "Specifies the name of the response column in the input table (for prediction comparison). The sum-of-square error (SSE) for each prediction appears in the last row of the output table.",
      "datatype": "COLUMNS",
      "allowsLists": true,
      "rName": "target.col",
      "useInR": true,
      "rOrderNum": 5
    },
    {
      "permittedValues": [
        "STEP",
        "FRACTION",
        "NORM",
        "LAMBDA"
      ],
      "defaultValue": "STEP",
      "isOutputColumn": false,
      "name": "Mode",
      "alternateNames": [],
      "isRequired": false,
      "rDescription": " Specifies the mode for the s argument: 'STEP' (default): The s argument indicates the steps corresponding to the steps in the model generated by the ta.lars function. The s argument can include any real values in [1, k], where k is the maximum step in the model, 'FRACTION': The s argument indicates the fractions of the L1 norm of the coefficients against the maximum L1 norm. The maximum L1 norm is that of the full OLS solution, which is the coefficients at the last step. The s argument can include any real values in [0, 1], 'NORM': The s argument indicates the L1 norm of the coefficients. The s argument can include any real values in [0, max L1 norm]. For maximum L1 norm, see above, 'LAMBDA': The s argument indicates the maximum absolute correlations. For definition,The s argument can include any real values.",
      "description": "Specifies the mode for the S argument: 'STEP' (default): The S argument indicates the steps corresponding to the steps in the model generated by the LARS function. The S argument can include any real values in [1, k], where k is the maximum step in the model, 'FRACTION': The S argument indicates the fractions of the L1 norm of the coefficients against the maximum L1 norm. The maximum L1 norm is that of the full OLS solution, which is the coefficients at the last step. The S argument can include any real values in [0, 1], 'NORM': The S argument indicates the L1 norm of the coefficients. The S argument can include any real values in [0, max L1 norm]. For maximum L1 norm, see above, 'LAMBDA': The S argument indicates the maximum absolute correlations. For definition, The S argument can include any real values.",
      "datatype": "STRING",
      "allowsLists": false,
      "rName": "mode",
      "useInR": true,
      "rOrderNum": 3
    },
    {
      "matchLengthOfArgument": "",
      "allowPadding": true,
      "name": "S",
      "alternateNames": [],
      "isRequired": false,
      "rDescription": "Specifies the positions of the coefficients at which to generate predictions. Each coefficient is a different DOUBLE PRECISION value in the range specified by the mode argument.",
      "description": " Specifies the positions of the coefficients at which to generate predictions. Each coefficient is a different DOUBLE PRECISION value in the range specified by the Mode argument.",
      "datatype": "DOUBLE",
      "allowsLists": true,
      "rName": "s",
      "useInR": true,
      "rOrderNum": 4
    }
  ]
}
