{
  "json_schema_major_version": "1",
  "json_schema_minor_version": "2",
  "json_content_version": "1",
  "function_name": "LDAInference",
  "function_version": "1.2",
  "function_type": "driver",
  "function_r_name": "aa.lda.inference",
  "ref_function_r_name": "aa.lda",
  "short_description": "This function infers the topic distribution for the input.",
  "long_description": "This function is used to output the topic distribution for each document in inputtable. Inputtable contains the documents to be infered and the  modeltable is the output of LdaTrainer. The result is stored in outputtable.",
  "argument_clauses": [
    {
      "permittedValues": [],
      "isOutputColumn": false,
      "name": "Domain",
      "alternateNames": [],
      "isRequired": false,
      "rDescription": "The address of the Queen. The host parameter is the Aster Database Queen’s IP address or hostname.",
      "description": "The address of the Queen. The host parameter is the Aster Database Queen’s IP address or hostname.",
      "datatype": "DRIVER",
      "allowsLists": false,
      "useInR": false,
      "rOrderNum": 0
    },
    {
      "permittedValues": [],
      "isOutputColumn": false,
      "name": "Database",
      "alternateNames": [],
      "isRequired": false,
      "rDescription": "The name of the database where the input table is located.",
      "description": "The name of the database where the input table is located.",
      "datatype": "DRIVER",
      "allowsLists": false,
      "useInR": false,
      "rOrderNum": 0
    },
    {
      "permittedValues": [],
      "isOutputColumn": false,
      "name": "UserId",
      "alternateNames": [],
      "isRequired": false,
      "rDescription": "The Aster Database user name of the user running this function.",
      "description": "The Aster Database user name of the user running this function.",
      "datatype": "DRIVER",
      "allowsLists": false,
      "useInR": false,
      "rOrderNum": 0
    },
    {
      "permittedValues": [],
      "isOutputColumn": false,
      "name": "Password",
      "alternateNames": [],
      "isRequired": false,
      "rDescription": "The Aster Database password of the user.",
      "description": "The Aster Database password of the user.",
      "datatype": "DRIVER",
      "allowsLists": false,
      "useInR": false,
      "rOrderNum": 0
    },
    {
      "permittedValues": [],
      "isOutputColumn": false,
      "name": "SSLSettings",
      "alternateNames": [],
      "isRequired": false,
      "rDescription": "A string that includes all the SSL settings, except the password for the truststore.",
      "description": "A string that includes all the SSL settings, except the password for the truststore.",
      "datatype": "DRIVER",
      "allowsLists": false,
      "useInR": false,
      "rOrderNum": 0
    },
    {
      "permittedValues": [],
      "isOutputColumn": false,
      "name": "SSLTrustStorePassword",
      "alternateNames": [],
      "isRequired": false,
      "rDescription": "The password for the SSL truststore.",
      "description": "The password for the SSL truststore.",
      "datatype": "DRIVER",
      "allowsLists": false,
      "useInR": false,
      "rOrderNum": 0
    },
    {
      "isOutputTable": false,
      "name": "InputTable",
      "alternateNames": [],
      "isRequired": true,
      "rDescription": "Specifies the name of the table or view that contains the new documents.",
      "description": "Specifies the name of the table or view that contains the new documents.",
      "datatype": "TABLE_NAME",
      "allowsLists": false,
      "rName": "data",
      "useInR": true,
      "rOrderNum": 2
    },
    {
      "isOutputTable": false,
      "name": "ModelTable",
      "alternateNames": [],
      "isRequired": true,
      "rDescription": "Specifies the name of the model table generated by the function.",
      "description": "Specifies the name of the model table generated by the function.",
      "datatype": "TABLE_NAME",
      "allowsLists": false,
      "rName": "object",
      "useInR": true,
      "rOrderNum": 1
    },
    {
      "isOutputTable": true,
      "name": "OutputTable",
      "alternateNames": [],
      "isRequired": true,
      "rDescription": "Specifies the name of the output table that contains the topic distribution of each document in the input table, which the function creates in the database.This table must not already exist.",
      "description": "Specifies the name of the output table that contains the topic distribution of each document in the input table, which the function creates in the database.This table must not already exist.",
      "datatype": "TABLE_NAME",
      "allowsLists": false,
      "rName": "doc.distribution.data",
      "useInR": true,
      "rOrderNum": 100
    },
    {
      "targetTable": [
        "InputTable"
      ],
      "checkDuplicate": true,
      "allowedTypes": [
        "numeric",
        "uuid",
        "bytea"
      ],
      "allowedTypeGroups": [
        "STRING",
        "INTEGER"
      ],
      "requiredLength": 1,
      "matchLengthOfArgument": "",
      "allowPadding": true,
      "name": "DocIDColumn",
      "alternateNames": [],
      "isRequired": true,
      "rDescription": "Specifies the name of the input column that contains the document identifiers. ",
      "description": "Specifies the name of the input column that contains the document identifiers. ",
      "datatype": "COLUMN_NAMES",
      "allowsLists": false,
      "rName": "docid.column",
      "useInR": true,
      "rOrderNum": 3
    },
    {
      "targetTable": [
        "InputTable"
      ],
      "checkDuplicate": true,
      "allowedTypes": [],
      "allowedTypeGroups": [
        "STRING",
        "INTEGER"
      ],
      "requiredLength": 1,
      "matchLengthOfArgument": "",
      "allowPadding": true,
      "name": "WordColumn",
      "alternateNames": [],
      "isRequired": true,
      "rDescription": "Specifies the name of the input column that contains the words (one word in each row).",
      "description": "Specifies the name of the input column that contains the words (one word in each row).",
      "datatype": "COLUMN_NAMES",
      "allowsLists": false,
      "rName": "word.column",
      "useInR": true,
      "rOrderNum": 4
    },
    {
      "targetTable": [
        "InputTable"
      ],
      "checkDuplicate": true,
      "allowedTypes": [],
      "allowedTypeGroups": [
        "NUMERIC"
      ],
      "requiredLength": 1,
      "matchLengthOfArgument": "",
      "allowPadding": true,
      "name": "CountColumn",
      "alternateNames": [],
      "isRequired": false,
      "rDescription": " Specifies the name of the input column that contains the count of the corresponding word in the row, a NUMERIC value.",
      "description": " Specifies the name of the input column that contains the count of the corresponding word in the row, a NUMERIC value.",
      "datatype": "COLUMN_NAMES",
      "allowsLists": false,
      "rName": "count.column",
      "useInR": true,
      "rOrderNum": 5
    },
    {
      "permittedValues": [],
      "defaultValue": "all",
      "isOutputColumn": false,
      "name": "OutputTopicNum",
      "alternateNames": [
        "OutputTopicNumber"
      ],
      "isRequired": false,
      "rDescription": "Specifies the number of top-weighted topics and their weights to include in the output table for each training document. The value topics must be a positive INTEGER. The default value, 'all', specifies all topics and their weights.",
      "description": "Specifies the number of top-weighted topics and their weights to include in the output table for each training document. The value topics must be a positive INTEGER. The default value, 'all', specifies all topics and their weights.",
      "datatype": "STRING",
      "allowsLists": false,
      "rName": "out.topicnum",
      "useInR": true,
      "rOrderNum": 6
    },
    {
      "permittedValues": [],
      "defaultValue": "none",
      "isOutputColumn": false,
      "name": "OutputTopicWordNum",
      "alternateNames": [
        "OutputTopicWordNumber"
      ],
      "isRequired": false,
      "rDescription": "Specifies the number of top topic words and their topic identifiers to include in the output table for each training document. The value topic_words must be a positive INTEGER. The value 'all' specifies all topic words and their topic identifiers. The default value, 'none', specifies no topic words or topic identifiers.",
      "description": "Specifies the number of top topic words and their topic identifiers to include in the output table for each training document. The value topic_words must be a positive INTEGER. The value 'all' specifies all topic words and their topic identifiers. The default value, 'none', specifies no topic words or topic identifiers.",
      "datatype": "STRING",
      "allowsLists": false,
      "rName": "out.topicwordnum",
      "useInR": true,
      "rOrderNum": 7
    }
  ]
}
