{
  "json_schema_major_version": "1",
  "json_schema_minor_version": "2",
  "json_content_version": "1",
  "function_name": "LinRegMatrix",
  "function_version": "2.1",
  "function_type": "non-driver",
  "function_r_name": "aa.lm",
  "short_description": "Outputs linear-regression matrix corresponding to the input samples.",
  "long_description": "Outputs linear-regression matrix corresponding to the input samples. The <n+2> column of the matrix corresponds to the right-hand side of the model.",
  "input_tables": [
    {
      "requiredInputKind": [
        "PartitionByAny"
      ],
      "isOrdered": false,
      "partitionByOne": false,
      "name": "input",
      "alternateNames": [],
      "isRequired": true,
      "rDescription": "Input table that contains one row for each data point and one column for each data point component",
      "description": "Input table that contains one row for each data point and one column for each data point component",
      "datatype": "TABLE_ALIAS",
      "allowsLists": false,
      "useInR": true,
      "rOrderNum": 0
    }
  ],
  "argument_clauses": [
    {
      "targetTable": [
        "input"
      ],
      "checkDuplicate": true,
      "allowedTypes": [],
      "allowedTypeGroups": [
        "NUMERIC"
      ],
      "matchLengthOfArgument": "",
      "allowPadding": true,
      "name": "InputColumns",
      "alternateNames": [],
      "isRequired": false,
      "rDescription": "The column containing the input variables.",
      "description": "The column containing the input variables.",
      "datatype": "COLUMNS",
      "allowsLists": true,
      "rName": "input.columns",
      "useInR": true,
      "rOrderNum": -1
    },
    {
      "targetTable": [
        "input"
      ],
      "checkDuplicate": true,
      "allowedTypes": [],
      "allowedTypeGroups": [
        "NUMERIC"
      ],
      "requiredLength": 1,
      "matchLengthOfArgument": "",
      "allowPadding": true,
      "name": "TargetColumn",
      "alternateNames": [],
      "isRequired": false,
      "rDescription": "The column containing the target variable.",
      "description": "The column containing the target variable.",
      "datatype": "COLUMNS",
      "allowsLists": false,
      "rName": "target.column",
      "useInR": true,
      "rOrderNum": 1
    }
  ]
}
