{
  "json_schema_major_version": "1",
  "json_schema_minor_version": "2",
  "json_content_version": "1",
  "function_name": "LinReg",
  "function_version": "1.2",
  "function_type": "non-driver",
  "function_r_name": "aa.lm",
  "short_description": "Outputs coefficients of the linear model represented by the input matrices.",
  "long_description": "Outputs coefficients of the linear model represented by the input matrices. The 0th coefficient corresponds to the slope intercept.",
  "partner_function": "LinRegMatrix",
  "input_tables": [
    {
      "requiredInputKind": [
        "PartitionByKey"
      ],
      "isOrdered": false,
      "partitionByOne": true,
      "name": "input",
      "alternateNames": [],
      "isRequired": true,
      "rDescription": "Input table that contains one row for each data point and one column for each data point component",
      "description": "Input table that contains one row for each data point and one column for each data point component",
      "datatype": "TABLE_ALIAS",
      "allowsLists": false,
      "useInR": true,
      "rOrderNum": 0
    }
  ]
}
