{
  "json_schema_major_version": "1",
  "json_schema_minor_version": "2",
  "json_content_version": "1",
  "function_name": "LRTEST",
  "function_version": "1.2",
  "function_type": "non-driver",
  "function_r_name": "aa.lr.test",
  "ref_function_r_name": "aa.glm",
  "short_description": "This function computes the likelihood ratio test for two models on the same input data.",
  "long_description": "This function computes the likelihood ratio test for two models on the same input data.",
  "partner_function": "aa.glm",
  "input_tables": [
    {
      "requiredInputKind": [
        "PartitionByKey"
      ],
      "isOrdered": false,
      "partitionByOne": true,
      "name": "model1",
      "alternateNames": [],
      "isRequired": true,
      "rDescription": "The table containing the first model to compare.",
      "description": "The table containing the first model to compare.",
      "datatype": "TABLE_ALIAS",
      "allowsLists": false,
      "rName": "model1.data",
      "useInR": true,
      "rOrderNum": 1
    },
    {
      "requiredInputKind": [
        "PartitionByKey"
      ],
      "isOrdered": false,
      "partitionByOne": true,
      "name": "model2",
      "alternateNames": [],
      "isRequired": true,
      "rDescription": "The table containing the second model to compare.",
      "description": "The table containing the second model to compare.",
      "datatype": "TABLE_ALIAS",
      "allowsLists": false,
      "rName": "model2.data",
      "useInR": true,
      "rOrderNum": 2
    }
  ],
  "argument_clauses": [
    {
      "targetTable": [
        "model1"
      ],
      "checkDuplicate": true,
      "allowedTypes": [],
      "allowedTypeGroups": [
        "ALL"
      ],
      "requiredLength": 1,
      "matchLengthOfArgument": "",
      "allowPadding": true,
      "name": "Statistic",
      "alternateNames": [],
      "isRequired": true,
      "rDescription": "Specifies the name of the input column that contains the name of the statistic. This column\tcorresponds to the ta.glm output column 'predictor'.",
      "description": "Specifies the name of the input column that contains the name of the statistic. This column\tcorresponds to the GLM output column 'predictor'.",
      "datatype": "COLUMNS",
      "allowsLists": false,
      "rName": "statistic",
      "useInR": true,
      "rOrderNum": 3
    },
    {
      "targetTable": [
        "model1"
      ],
      "checkDuplicate": true,
      "allowedTypes": [],
      "allowedTypeGroups": [
        "ALL"
      ],
      "requiredLength": 1,
      "matchLengthOfArgument": "",
      "allowPadding": true,
      "name": "LogLik",
      "alternateNames": [],
      "isRequired": true,
      "rDescription": "Specifies the name of the input column that contains the log-likelihood of the ta.glm model. This column corresponds to the ta.glm output column 'estimate'.",
      "description": "Specifies the name of the input column that contains the log-likelihood of the GLM model. This column corresponds to the GLM output column 'estimate'.",
      "datatype": "COLUMNS",
      "allowsLists": false,
      "rName": "log.lik",
      "useInR": true,
      "rOrderNum": 4
    },
    {
      "targetTable": [
        "model1"
      ],
      "checkDuplicate": true,
      "allowedTypes": [],
      "allowedTypeGroups": [
        "ALL"
      ],
      "requiredLength": 1,
      "matchLengthOfArgument": "",
      "allowPadding": true,
      "name": "ObsNum",
      "alternateNames": [
        "NumObservation"
      ],
      "isRequired": true,
      "rDescription": "Specifies the name of the input column that contains the number of observations. This column corresponds to the ta.glm output column 'std_err'.",
      "description": "Specifies the name of the input column that contains the number of observations. This column corresponds to the GLM output column 'std_err'.",
      "datatype": "COLUMNS",
      "allowsLists": false,
      "rName": "obs.num",
      "useInR": true,
      "rOrderNum": 5
    },
    {
      "targetTable": [
        "model1"
      ],
      "checkDuplicate": true,
      "allowedTypes": [],
      "allowedTypeGroups": [
        "ALL"
      ],
      "requiredLength": 1,
      "matchLengthOfArgument": "",
      "allowPadding": true,
      "name": "ParamNum",
      "alternateNames": [
        "NumParameter"
      ],
      "isRequired": true,
      "rDescription": "Specifies the name of the input column that contains the number of parameters (excluding the intercept). This column corresponds to the ta.glm output column 'z_score'.",
      "description": "Specifies the name of the input column that contains the number of parameters (excluding the intercept). This column corresponds to the GLM output column 'z_score'.",
      "datatype": "COLUMNS",
      "allowsLists": false,
      "rName": "param.num",
      "useInR": true,
      "rOrderNum": 6
    }
  ]
}
