{
  "json_schema_major_version": "1",
  "json_schema_minor_version": "2",
  "json_content_version": "1",
  "function_name": "Minhash",
  "function_version": "2.3",
  "function_type": "driver",
  "function_r_name": "aa.minhash",
  "short_description": "This function clusters the users according to their Jaccard similarity measure.",
  "long_description": "This function clusters the users according to their Jaccard similarity measure.",
  "argument_clauses": [
    {
      "permittedValues": [],
      "isOutputColumn": false,
      "name": "Domain",
      "alternateNames": [],
      "isRequired": false,
      "rDescription": "The address of the Queen. The host parameter is the Aster Database Queen’s IP address or hostname.",
      "description": "The address of the Queen. The host parameter is the Aster Database Queen’s IP address or hostname.",
      "datatype": "DRIVER",
      "allowsLists": false,
      "useInR": false,
      "rOrderNum": 0
    },
    {
      "permittedValues": [],
      "isOutputColumn": false,
      "name": "Database",
      "alternateNames": [],
      "isRequired": false,
      "rDescription": "The name of the database where the input table is located.",
      "description": "The name of the database where the input table is located.",
      "datatype": "DRIVER",
      "allowsLists": false,
      "useInR": false,
      "rOrderNum": 0
    },
    {
      "permittedValues": [],
      "isOutputColumn": false,
      "name": "UserId",
      "alternateNames": [],
      "isRequired": false,
      "rDescription": "The Aster Database user name of the user running this function.",
      "description": "The Aster Database user name of the user running this function.",
      "datatype": "DRIVER",
      "allowsLists": false,
      "useInR": false,
      "rOrderNum": 0
    },
    {
      "permittedValues": [],
      "isOutputColumn": false,
      "name": "Password",
      "alternateNames": [],
      "isRequired": false,
      "rDescription": "The Aster Database password of the user.",
      "description": "The Aster Database password of the user.",
      "datatype": "DRIVER",
      "allowsLists": false,
      "useInR": false,
      "rOrderNum": 0
    },
    {
      "permittedValues": [],
      "isOutputColumn": false,
      "name": "SSLSettings",
      "alternateNames": [],
      "isRequired": false,
      "rDescription": "A string that includes all the SSL settings, except the password for the truststore.",
      "description": "A string that includes all the SSL settings, except the password for the truststore.",
      "datatype": "DRIVER",
      "allowsLists": false,
      "useInR": false,
      "rOrderNum": 0
    },
    {
      "permittedValues": [],
      "isOutputColumn": false,
      "name": "SSLTrustStorePassword",
      "alternateNames": [],
      "isRequired": false,
      "rDescription": "The password for the SSL truststore.",
      "description": "The password for the SSL truststore.",
      "datatype": "DRIVER",
      "allowsLists": false,
      "useInR": false,
      "rOrderNum": 0
    },
    {
      "isOutputTable": false,
      "name": "InputTable",
      "alternateNames": [],
      "isRequired": true,
      "rDescription": "Specifies the name of the input table.",
      "description": "Specifies the name of the input table.",
      "datatype": "TABLE_NAME",
      "allowsLists": false,
      "rName": "data",
      "useInR": true,
      "rOrderNum": 1
    },
    {
      "isOutputTable": false,
      "name": "SeedTable",
      "alternateNames": [],
      "isRequired": false,
      "rDescription": "Specifies the name of the table that contains the seeds to use for hashing. Typically, this table was created by an earlier ta.minhash call that specified its name in the save.seed.to argument.",
      "description": " Specifies the name of the table that contains the seeds to use for hashing. Typically, this table was created by an earlier Minhash call that specified its name in the SaveSeedTo argument.",
      "datatype": "TABLE_NAME",
      "allowsLists": false,
      "rName": "seed.table",
      "useInR": true,
      "rOrderNum": 6
    },
    {
      "isOutputTable": true,
      "name": "OutputTable",
      "alternateNames": [],
      "isRequired": true,
      "rDescription": "Specifies the name of the output table.",
      "description": "Specifies the name of the output table.",
      "datatype": "TABLE_NAME",
      "allowsLists": false,
      "rName": "output.table",
      "useInR": true,
      "rOrderNum": 100
    },
    {
      "isOutputTable": true,
      "name": "SaveSeedTo",
      "alternateNames": [],
      "isRequired": false,
      "rDescription": " Specifies the name of the table where seeds are to be saved.",
      "description": " Specifies the name of the table where seeds are to be saved.",
      "datatype": "TABLE_NAME",
      "allowsLists": false,
      "rName": "save.seed.to",
      "useInR": true,
      "rOrderNum": 101
    },
    {
      "targetTable": [
        "InputTable"
      ],
      "checkDuplicate": true,
      "allowedTypes": [],
      "allowedTypeGroups": [
        "ALL"
      ],
      "requiredLength": 1,
      "matchLengthOfArgument": "",
      "allowPadding": true,
      "name": "IdColumn",
      "alternateNames": [],
      "isRequired": true,
      "rDescription": "Specifies the name of the input table column that contains the values to be hashed into the same cluster. Typically these values are customer identifiers.",
      "description": "Specifies the name of the input table column that contains the values to be hashed into the same cluster. Typically these values are customer identifiers.",
      "datatype": "COLUMN_NAMES",
      "allowsLists": false,
      "rName": "id.column",
      "useInR": true,
      "rOrderNum": 2
    },
    {
      "targetTable": [
        "InputTable"
      ],
      "checkDuplicate": true,
      "allowedTypes": [],
      "allowedTypeGroups": [
        "ALL"
      ],
      "requiredLength": 1,
      "matchLengthOfArgument": "",
      "allowPadding": true,
      "name": "ItemsColumn",
      "alternateNames": [],
      "isRequired": true,
      "rDescription": "Specifies the name of the input column that contains the values to use for hashing",
      "description": "Specifies the name of the input column that contains the values to use for hashing",
      "datatype": "COLUMN_NAMES",
      "allowsLists": false,
      "rName": "items.column",
      "useInR": true,
      "rOrderNum": 3
    },
    {
      "lowerBound": 0,
      "upperBound": 1.0E7,
      "lowerBoundType": "EXCLUSIVE",
      "upperBoundType": "EXCLUSIVE",
      "allowNaN": false,
      "name": "HashNum",
      "alternateNames": [
        "NumHashFunctions"
      ],
      "isRequired": true,
      "rDescription": "Specifies the number of hash functions to generate. The hash.num determines the number and size of clusters generated.",
      "description": "Specifies the number of hash functions to generate. The number_of_hash_functions determines the number and size of clusters generated.",
      "datatype": "INTEGER",
      "allowsLists": false,
      "rName": "hash.num",
      "useInR": true,
      "rOrderNum": 4
    },
    {
      "lowerBound": 0,
      "upperBound": 2147483647,
      "lowerBoundType": "EXCLUSIVE",
      "upperBoundType": "INCLUSIVE",
      "allowNaN": false,
      "name": "KeyGroups",
      "alternateNames": [],
      "isRequired": true,
      "rDescription": " Specifies the number of key groups to generate. The number_of_keygroups must be a divisor of number_of_hash_functions. A large number_of_keygroups decreases the probability that multiple users will be assigned to the same cluster identifier.",
      "description": " Specifies the number of key groups to generate. The number_of_keygroups must be a divisor of number_of_hash_functions. A large number_of_keygroups decreases the probability that multiple users will be assigned to the same cluster identifier.",
      "datatype": "INTEGER",
      "allowsLists": false,
      "rName": "key.groups",
      "useInR": true,
      "rOrderNum": 5
    },
    {
      "permittedValues": [
        "bigint",
        "integer",
        "hex",
        "string"
      ],
      "defaultValue": "integer",
      "isOutputColumn": false,
      "name": "InputFormat",
      "alternateNames": [
        "HashInputType"
      ],
      "isRequired": false,
      "rDescription": " Specifies the format of the values to be hashed (the values in items_column).",
      "description": " Specifies the format of the values to be hashed (the values in items_column).",
      "datatype": "STRING",
      "allowsLists": false,
      "rName": "input.format",
      "useInR": true,
      "rOrderNum": 7
    },
    {
      "defaultValue": 3,
      "lowerBound": 0,
      "upperBound": 2147483647,
      "lowerBoundType": "EXCLUSIVE",
      "upperBoundType": "INCLUSIVE",
      "allowNaN": false,
      "name": "MinClusterSize",
      "alternateNames": [],
      "isRequired": false,
      "rDescription": "Specifies the minimum cluster size. The default value is 3.",
      "description": "Specifies the minimum cluster size. The default value is 3.",
      "datatype": "INTEGER",
      "allowsLists": false,
      "rName": "mincluster.size",
      "useInR": true,
      "rOrderNum": 8
    },
    {
      "defaultValue": 5,
      "lowerBound": 0,
      "upperBound": 2147483647,
      "lowerBoundType": "EXCLUSIVE",
      "upperBoundType": "INCLUSIVE",
      "allowNaN": false,
      "name": "MaxClusterSize",
      "alternateNames": [],
      "isRequired": false,
      "rDescription": "Specifies the maximum cluster size. The default value is 5.",
      "description": "Specifies the maximum cluster size. The default value is 5.",
      "datatype": "INTEGER",
      "allowsLists": false,
      "rName": "maxcluster.size",
      "useInR": true,
      "rOrderNum": 9
    },
    {
      "permittedValues": [],
      "defaultValue": " ",
      "isOutputColumn": false,
      "name": "Delimiter",
      "alternateNames": [],
      "isRequired": false,
      "rDescription": "Specifies the delimiter used between hashed values (typically customer identifiers) in the output. The default value is the space character.",
      "description": "Specifies the delimiter used between hashed values (typically customer identifiers) in the output. The default value is the space character.",
      "datatype": "STRING",
      "allowsLists": false,
      "rName": "delimiter",
      "useInR": true,
      "rOrderNum": 10
    }
  ]
}
