{
  "json_schema_major_version": "1",
  "json_schema_minor_version": "2",
  "json_content_version": "1",
  "function_name": "Multi_Case",
  "function_version": "1.2",
  "function_type": "non-driver",
  "function_r_name": "aa.multicase",
  "short_description": "This function is used to categorize the input rows.",
  "long_description": "This function is used to categorize the input rows. Each row can be part of multiple groups.",
  "input_tables": [
    {
      "requiredInputKind": [
        "PartitionByAny"
      ],
      "isOrdered": false,
      "partitionByOne": false,
      "name": "input",
      "alternateNames": [],
      "isRequired": true,
      "rDescription": "Specifies the name of the input table",
      "description": "Specifies the name of the input table",
      "datatype": "TABLE_ALIAS",
      "allowsLists": false,
      "rName": "data",
      "useInR": true,
      "rOrderNum": 1
    }
  ],
  "argument_clauses": [
    {
      "permittedValues": [],
      "isOutputColumn": false,
      "matchLengthOfArgument": "",
      "allowPadding": true,
      "name": "labels",
      "alternateNames": [],
      "isRequired": true,
      "rDescription": "Specifies a label for each case. Each case corresponds to a condition, which is a SQL predicate that includes input column names. When an input value satisfies condition, that is a match, and the function outputs the input row and the corresponding label.",
      "description": "Specifies a label for each case. Each case corresponds to a condition, which is a SQL predicate that includes input column names. When an input value satisfies condition, that is a match, and the function outputs the input row and the corresponding label.",
      "datatype": "STRING",
      "allowsLists": true,
      "rName": "labels",
      "useInR": true,
      "rOrderNum": 2
    }
  ]
}
