{
  "json_schema_major_version": "1",
  "json_schema_minor_version": "2",
  "json_content_version": "1",
  "function_name": "NaiveBayesPredict",
  "function_version": "1.5",
  "function_type": "driver",
  "function_r_name": "aa.naivebayes.predict",
  "ref_function_r_name": "aa.naivebayes.train",
  "short_description": "Score rows of data with a Naive Bayes classifier",
  "long_description": "Score rows of data with a Naive Bayes classifier",
  "input_tables": [
    {
      "requiredInputKind": [
        "PartitionByAny"
      ],
      "isOrdered": false,
      "partitionByOne": false,
      "name": "input",
      "alternateNames": [],
      "isRequired": true,
      "rDescription": "This table defining the input test data.",
      "description": "This table defining the input test data.",
      "datatype": "TABLE_ALIAS",
      "allowsLists": false,
      "rName": "newdata",
      "useInR": true,
      "rOrderNum": 2
    },
    {
      "requiredInputKind": [
        "Dimension"
      ],
      "isOrdered": false,
      "partitionByOne": false,
      "name": "model",
      "alternateNames": [],
      "isRequired": false,
      "rDescription": "This table contains the model data.",
      "description": "This table contains the model data.",
      "datatype": "TABLE_ALIAS",
      "allowsLists": false,
      "rName": "modeldata",
      "useInR": true,
      "rOrderNum": 2
    }
  ],
  "argument_clauses": [
    {
      "permittedValues": [],
      "isOutputColumn": false,
      "name": "Domain",
      "alternateNames": [],
      "isRequired": false,
      "rDescription": "The address of the Queen. The host parameter is the Aster Database Queen’s IP address or hostname.",
      "description": "The address of the Queen. The host parameter is the Aster Database Queen’s IP address or hostname.",
      "datatype": "DRIVER",
      "allowsLists": false,
      "useInR": false,
      "rOrderNum": 0
    },
    {
      "permittedValues": [],
      "isOutputColumn": false,
      "name": "Database",
      "alternateNames": [],
      "isRequired": false,
      "rDescription": "The name of the database where the input table is located.",
      "description": "The name of the database where the input table is located.",
      "datatype": "DRIVER",
      "allowsLists": false,
      "useInR": false,
      "rOrderNum": 0
    },
    {
      "permittedValues": [],
      "isOutputColumn": false,
      "name": "UserId",
      "alternateNames": [],
      "isRequired": false,
      "rDescription": "The Aster Database user name of the user running this function.",
      "description": "The Aster Database user name of the user running this function.",
      "datatype": "DRIVER",
      "allowsLists": false,
      "useInR": false,
      "rOrderNum": 0
    },
    {
      "permittedValues": [],
      "isOutputColumn": false,
      "name": "Password",
      "alternateNames": [],
      "isRequired": false,
      "rDescription": "The Aster Database password of the user.",
      "description": "The Aster Database password of the user.",
      "datatype": "DRIVER",
      "allowsLists": false,
      "useInR": false,
      "rOrderNum": 0
    },
    {
      "permittedValues": [],
      "isOutputColumn": false,
      "name": "SSLSettings",
      "alternateNames": [],
      "isRequired": false,
      "rDescription": "A string that includes all the SSL settings, except the password for the truststore.",
      "description": "A string that includes all the SSL settings, except the password for the truststore.",
      "datatype": "DRIVER",
      "allowsLists": false,
      "useInR": false,
      "rOrderNum": 0
    },
    {
      "permittedValues": [],
      "isOutputColumn": false,
      "name": "SSLTrustStorePassword",
      "alternateNames": [],
      "isRequired": false,
      "rDescription": "The password for the SSL truststore.",
      "description": "The password for the SSL truststore.",
      "datatype": "DRIVER",
      "allowsLists": false,
      "useInR": false,
      "rOrderNum": 0
    },
    {
      "isOutputTable": false,
      "name": "Model",
      "alternateNames": [],
      "isRequired": false,
      "rDescription": "Specify the name of the model table generated by the NaiveBayesReduce function.",
      "description": "Specify the name of the model table generated by the NaiveBayesReduce function.",
      "datatype": "TABLE_NAME",
      "allowsLists": false,
      "rName": "object",
      "useInR": true,
      "rOrderNum": 1
    },
    {
      "targetTable": [
        "input"
      ],
      "checkDuplicate": true,
      "allowedTypes": [],
      "allowedTypeGroups": [
        "ALL"
      ],
      "requiredLength": 1,
      "matchLengthOfArgument": "",
      "allowPadding": true,
      "name": "IdCol",
      "alternateNames": [],
      "isRequired": true,
      "rDescription": "Specify the name of the column that contains the ID that uniquely identifies the test input data.",
      "description": "Specify the name of the column that contains the ID that uniquely identifies the test input data.",
      "datatype": "COLUMNS",
      "allowsLists": false,
      "rName": "id.col",
      "useInR": true,
      "rOrderNum": 3
    },
    {
      "targetTable": [
        "input"
      ],
      "checkDuplicate": false,
      "allowedTypes": [],
      "allowedTypeGroups": [
        "INTEGER",
        "STRING"
      ],
      "matchLengthOfArgument": "",
      "allowPadding": true,
      "name": "CategoricalInputs",
      "alternateNames": [],
      "isRequired": false,
      "rDescription": "Specify the same categorical_input_columns that you specified when you used the ta.naivebayesmap and ta.naivebayesreduce functions to generate the model table from the training data.",
      "description": "Specify the same categorical_input_columns that you specified when you used the NaiveBayesMap and NaiveBayesReduce functions to generate the model table from the training data.",
      "datatype": "COLUMNS",
      "allowsLists": true,
      "rName": "categorical.inputs",
      "useInR": true,
      "rOrderNum": -2
    },
    {
      "targetTable": [
        "input"
      ],
      "checkDuplicate": false,
      "allowedTypes": [],
      "allowedTypeGroups": [
        "NUMERIC"
      ],
      "matchLengthOfArgument": "",
      "allowPadding": true,
      "name": "NumericInputs",
      "alternateNames": [],
      "isRequired": false,
      "rDescription": "Specify the same numeric_input_columns that you specified when you used the ta.naivebayesmap and ta.naivebayesreduce functions to generate the model table from the training data.",
      "description": "Specify the same numeric_input_columns that you specified when you used the NaiveBayesMap and NaiveBayesReduce functions to generate the model table from the training data.",
      "datatype": "COLUMNS",
      "allowsLists": true,
      "rName": "numeric.inputs",
      "useInR": true,
      "rOrderNum": -1
    },
    {
      "permittedValues": [],
      "isOutputColumn": false,
      "matchLengthOfArgument": "",
      "allowPadding": true,
      "name": "Responses",
      "alternateNames": [],
      "isRequired": false,
      "rDescription": "Specify a list of Responses to output.",
      "description": "Specify a list of Responses to output.",
      "datatype": "STRING",
      "allowsLists": true,
      "rName": "responses",
      "useInR": true,
      "rOrderNum": -2
    }
  ]
}
