{
  "json_schema_major_version": "1",
  "json_schema_minor_version": "2",
  "json_content_version": "1",
  "function_name": "NaiveBayesMap",
  "function_version": "1.4",
  "function_type": "non-driver",
  "function_r_name": "aa.naivebayes.train",
  "short_description": "Map phase of naive Bayes model training.",
  "long_description": "Trains a Naive Bayes classifier on a dense matrix of training data.",
  "function_operation": "map",
  "partner_function": "NaiveBayesReduce",
  "input_tables": [
    {
      "requiredInputKind": [
        "PartitionByAny"
      ],
      "isOrdered": false,
      "partitionByOne": false,
      "name": "input",
      "alternateNames": [],
      "isRequired": true,
      "rDescription": "This table defining the input training data.",
      "description": "This table defining the input training data.",
      "datatype": "TABLE_ALIAS",
      "allowsLists": false,
      "useInR": true,
      "rOrderNum": 0
    }
  ],
  "argument_clauses": [
    {
      "targetTable": [
        "input"
      ],
      "checkDuplicate": true,
      "allowedTypes": [],
      "allowedTypeGroups": [
        "INTEGER",
        "STRING"
      ],
      "requiredLength": 1,
      "matchLengthOfArgument": "",
      "allowPadding": true,
      "name": "ResponseColumn",
      "alternateNames": [
        "Response"
      ],
      "isRequired": true,
      "rDescription": "Specifies the name of the input table column that contains the response variable, passed as text.",
      "description": "Specifies the name of the input table column that contains the response variable, passed as text.",
      "datatype": "COLUMNS",
      "allowsLists": false,
      "rName": "response.column",
      "useInR": true,
      "rOrderNum": 0
    },
    {
      "targetTable": [
        "input"
      ],
      "checkDuplicate": false,
      "allowedTypes": [],
      "allowedTypeGroups": [
        "INTEGER",
        "STRING"
      ],
      "matchLengthOfArgument": "",
      "allowPadding": true,
      "name": "CategoricalInputs",
      "alternateNames": [],
      "isRequired": false,
      "rDescription": "Specifies input table columns that contain categorical values to be included in the model. The syntax of categorical_input_columns is the same as the syntax of numeric_input_columns.",
      "description": "Specifies input table columns that contain categorical values to be included in the model. The syntax of categorical_input_columns is the same as the syntax of numeric_input_columns.",
      "datatype": "COLUMNS",
      "allowsLists": true,
      "rName": "categorical.inputs",
      "useInR": true,
      "rOrderNum": 0
    },
    {
      "targetTable": [
        "input"
      ],
      "checkDuplicate": false,
      "allowedTypes": [],
      "allowedTypeGroups": [
        "NUMERIC"
      ],
      "matchLengthOfArgument": "",
      "allowPadding": true,
      "name": "NumericInputs",
      "alternateNames": [],
      "isRequired": false,
      "rDescription": "Specifies input table columns that contain numeric values to be included in the model. The syntax of numeric_input_columns is: {'column_name [,...]' | '[start_column:end_column]'}[,...] For example: 'input1','[4:21]','[25:53]','input73, input80', '[25:53]' The first column index is 0.",
      "description": "Specifies input table columns that contain numeric values to be included in the model. The syntax of numeric_input_columns is: {'column_name [,...]' | '[start_column:end_column]'}[,...] For example: 'input1','[4:21]','[25:53]','input73, input80', '[25:53]' The first column index is 0.",
      "datatype": "COLUMNS",
      "allowsLists": true,
      "rName": "numeric.inputs",
      "useInR": true,
      "rOrderNum": 0
    }
  ]
}
