{
  "json_schema_major_version": "1",
  "json_schema_minor_version": "2",
  "json_content_version": "1",
  "function_name": "NEREvaluator",
  "function_version": "1.3",
  "function_type": "non-driver",
  "function_r_name": "aa.ner.evaluate",
  "short_description": "Named Entity Recognition Evaluation SQL/MR function",
  "long_description": "Named Entity Recognition Evaluation SQL/MR function",
  "input_tables": [
    {
      "requiredInputKind": [
        "PartitionByKey"
      ],
      "isOrdered": false,
      "partitionByOne": false,
      "name": "input",
      "alternateNames": [],
      "isRequired": true,
      "rDescription": "Specifies the name of the table that contains the input data.",
      "description": "Specifies the name of the table that contains the input data.",
      "datatype": "TABLE_ALIAS",
      "allowsLists": false,
      "rName": "data",
      "useInR": true,
      "rOrderNum": 1
    }
  ],
  "argument_clauses": [
    {
      "targetTable": [
        "input"
      ],
      "checkDuplicate": true,
      "allowedTypes": [],
      "allowedTypeGroups": [
        "ALL"
      ],
      "requiredLength": 1,
      "matchLengthOfArgument": "",
      "allowPadding": true,
      "name": "TextColumn",
      "alternateNames": [],
      "isRequired": true,
      "rDescription": "Specifies the name of the input table column that contains the text to analyze.",
      "description": "Specifies the name of the input table column that contains the text to analyze.",
      "datatype": "COLUMNS",
      "allowsLists": false,
      "rName": "text.coloumn",
      "useInR": true,
      "rOrderNum": 2
    },
    {
      "permittedValues": [],
      "isOutputColumn": false,
      "name": "Model",
      "alternateNames": [],
      "isRequired": true,
      "rDescription": "Specifies the CRF model file to evaluate, generated by “ta.nertrainer”. If you specified the extractor.jar argument in the ta.nertrainer call that generated model_file, then you must specify the same jar_file in this argument. You must install model_file and jar_file in Aster Database under the user search path before calling the ta.ner function. Note: The names model_file and jar_file are case-sensitive.",
      "description": "Specifies the CRF model file to evaluate, generated by “NERTrainer”. If you specified the ExtractorJAR argument in the NERTrainer call that generated model_file, then you must specify the same jar_file in this argument. You must install model_file and jar_file in Aster Database under the user search path before calling the NER function. Note: The names model_file and jar_file are case-sensitive.",
      "datatype": "STRING",
      "allowsLists": false,
      "rName": "model",
      "useInR": true,
      "rOrderNum": 3
    },
    {
      "permittedValues": [
        "en",
        "zh_CN",
        "zh_TW"
      ],
      "defaultValue": "en",
      "isOutputColumn": false,
      "name": "Language",
      "alternateNames": [],
      "isRequired": false,
      "rDescription": "Specifies the language of the input text: • en (English, the default) • zh_CN (Simplified Chinese) • zh_TW (Traditional Chinese)",
      "description": "Specifies the language of the input text: • en (English, the default) • zh_CN (Simplified Chinese) • zh_TW (Traditional Chinese)",
      "datatype": "STRING",
      "allowsLists": false,
      "rName": "language",
      "useInR": true,
      "rOrderNum": 4
    }
  ]
}
