{
  "json_schema_major_version": "1",
  "json_schema_minor_version": "2",
  "json_content_version": "1",
  "function_name": "PCA_Map",
  "function_version": "1.3",
  "function_type": "non-driver",
  "function_r_name": "aa.pca",
  "short_description": "Computes intermediate statistics necessary for finding a matrix's principal components.",
  "long_description": "For a matrix X, computes X'X over rows on the partition.  These summaries are aggregated in future steps to compute the principal components.",
  "function_operation": "map",
  "partner_function": "Pca_Reduce",
  "expected_partition_column": "1",
  "input_tables": [
    {
      "requiredInputKind": [
        "PartitionByAny",
        "PartitionByKey"
      ],
      "isOrdered": false,
      "partitionByOne": false,
      "name": "input",
      "alternateNames": [],
      "isRequired": true,
      "rDescription": "The table containing the input attributes.",
      "description": "The table containing the input attributes.",
      "datatype": "TABLE_ALIAS",
      "allowsLists": false,
      "useInR": true,
      "rOrderNum": 0
    }
  ],
  "argument_clauses": [
    {
      "targetTable": [
        "input"
      ],
      "checkDuplicate": true,
      "allowedTypes": [],
      "allowedTypeGroups": [
        "NUMERIC"
      ],
      "matchLengthOfArgument": "",
      "allowPadding": true,
      "name": "TargetColumns",
      "alternateNames": [],
      "isRequired": false,
      "rDescription": "Specifies the target_table columns that contain the data, which must be numeric. The default value is every target_table column.",
      "description": "Specifies the target_table columns that contain the data, which must be numeric. The default value is every target_table column.",
      "datatype": "COLUMNS",
      "allowsLists": true,
      "rName": "target.columns",
      "useInR": true,
      "rOrderNum": 0
    }
  ]
}
