{
  "json_schema_major_version": "1",
  "json_schema_minor_version": "2",
  "json_content_version": "1",
  "function_name": "POSTagger",
  "function_version": "2.2",
  "function_type": "non-driver",
  "function_r_name": "aa.pos.tagger",
  "short_description": "The function tags the part of speech of the input text.",
  "long_description": "Part of Speech tagging is an important preprocessing step in many natural language processing applications and the first step in the syntactic analysis of a language.",
  "input_tables": [
    {
      "requiredInputKind": [
        "PartitionByAny"
      ],
      "isOrdered": false,
      "partitionByOne": false,
      "name": "input",
      "alternateNames": [],
      "isRequired": true,
      "rDescription": "The input table that contains the input texts. ",
      "description": "The input table that contains the input texts. ",
      "datatype": "TABLE_ALIAS",
      "allowsLists": false,
      "rName": "data",
      "useInR": true,
      "rOrderNum": 1
    }
  ],
  "argument_clauses": [
    {
      "targetTable": [
        "input"
      ],
      "checkDuplicate": true,
      "allowedTypes": [
        "bytea"
      ],
      "allowedTypeGroups": [
        "STRING"
      ],
      "requiredLength": 1,
      "matchLengthOfArgument": "",
      "allowPadding": true,
      "name": "TextColumn",
      "alternateNames": [],
      "isRequired": true,
      "rDescription": "Specifies the name of the input column that contains the text to be tagged.",
      "description": "Specifies the name of the input column that contains the text to be tagged.",
      "datatype": "COLUMNS",
      "allowsLists": false,
      "rName": "text.column",
      "useInR": true,
      "rOrderNum": 2
    },
    {
      "targetTable": [
        "input"
      ],
      "checkDuplicate": true,
      "allowedTypes": [],
      "allowedTypeGroups": [
        "ALL"
      ],
      "matchLengthOfArgument": "",
      "allowPadding": true,
      "name": "Accumulate",
      "alternateNames": [],
      "isRequired": false,
      "rDescription": "Specifies the names of the input table columns to copy to the output table. Note: If you intend to use the ta.postagger output table as input to the function \"ta.textchunker\", then this argument must specify the input table columns that comprise the partition key.",
      "description": "Specifies the names of the input table columns to copy to the output table. Note: If you intend to use the PosTagger output table as input to the function \"TextChunker\", then this argument must specify the input table columns that comprise the partition key.",
      "datatype": "COLUMNS",
      "allowsLists": true,
      "rName": "accumulate",
      "useInR": true,
      "rOrderNum": 4
    },
    {
      "permittedValues": [
        "en",
        "zh_CN"
      ],
      "defaultValue": "en",
      "isOutputColumn": false,
      "name": "Language",
      "alternateNames": [],
      "isRequired": false,
      "rDescription": "Specifies the language of the input text. The supported values are: en (English, the default value), zh_CN (Simplified Chinese)",
      "description": "Specifies the language of the input text. The supported values are: en (English, the default value), zh_CN (Simplified Chinese)",
      "datatype": "STRING",
      "allowsLists": false,
      "rName": "language",
      "useInR": true,
      "rOrderNum": 3
    }
  ]
}
