{
  "json_schema_major_version": "1",
  "json_schema_minor_version": "2",
  "json_content_version": "1",
  "function_name": "RandomWalkSample",
  "function_version": "1.3",
  "function_type": "driver",
  "function_r_name": "aa.random.walk.sample",
  "short_description": "Graph Random Walk Sample function.",
  "long_description": "Graph sampling using the random walk algorithm.",
  "input_tables": [
    {
      "requiredInputKind": [
        "PartitionByKey"
      ],
      "isOrdered": false,
      "partitionByOne": false,
      "name": "vertices",
      "alternateNames": [],
      "isRequired": true,
      "rDescription": "vertex table",
      "description": "vertex table",
      "datatype": "TABLE_ALIAS",
      "allowsLists": false,
      "rName": "vertices.data",
      "useInR": true,
      "rOrderNum": 1
    },
    {
      "requiredInputKind": [
        "PartitionByKey"
      ],
      "isOrdered": false,
      "partitionByOne": false,
      "name": "edges",
      "alternateNames": [],
      "isRequired": true,
      "rDescription": "edge table",
      "description": "edge table",
      "datatype": "TABLE_ALIAS",
      "allowsLists": false,
      "rName": "edges.data",
      "useInR": true,
      "rOrderNum": 2
    }
  ],
  "argument_clauses": [
    {
      "permittedValues": [],
      "isOutputColumn": false,
      "name": "Domain",
      "alternateNames": [],
      "isRequired": false,
      "rDescription": "The address of the Queen. The host parameter is the Aster Database Queen’s IP address or hostname.",
      "description": "The address of the Queen. The host parameter is the Aster Database Queen’s IP address or hostname.",
      "datatype": "DRIVER",
      "allowsLists": false,
      "useInR": false,
      "rOrderNum": 0
    },
    {
      "permittedValues": [],
      "isOutputColumn": false,
      "name": "Database",
      "alternateNames": [],
      "isRequired": false,
      "rDescription": "The name of the database where the input table is located.",
      "description": "The name of the database where the input table is located.",
      "datatype": "DRIVER",
      "allowsLists": false,
      "useInR": false,
      "rOrderNum": 0
    },
    {
      "permittedValues": [],
      "isOutputColumn": false,
      "name": "UserId",
      "alternateNames": [],
      "isRequired": false,
      "rDescription": "The Aster Database user name of the user running this function.",
      "description": "The Aster Database user name of the user running this function.",
      "datatype": "DRIVER",
      "allowsLists": false,
      "useInR": false,
      "rOrderNum": 0
    },
    {
      "permittedValues": [],
      "isOutputColumn": false,
      "name": "Password",
      "alternateNames": [],
      "isRequired": false,
      "rDescription": "The Aster Database password of the user.",
      "description": "The Aster Database password of the user.",
      "datatype": "DRIVER",
      "allowsLists": false,
      "useInR": false,
      "rOrderNum": 0
    },
    {
      "permittedValues": [],
      "isOutputColumn": false,
      "name": "SSLSettings",
      "alternateNames": [],
      "isRequired": false,
      "rDescription": "A string that includes all the SSL settings, except the password for the truststore.",
      "description": "A string that includes all the SSL settings, except the password for the truststore.",
      "datatype": "DRIVER",
      "allowsLists": false,
      "useInR": false,
      "rOrderNum": 0
    },
    {
      "permittedValues": [],
      "isOutputColumn": false,
      "name": "SSLTrustStorePassword",
      "alternateNames": [],
      "isRequired": false,
      "rDescription": "The password for the SSL truststore.",
      "description": "The password for the SSL truststore.",
      "datatype": "DRIVER",
      "allowsLists": false,
      "useInR": false,
      "rOrderNum": 0
    },
    {
      "targetTable": [
        "edges"
      ],
      "checkDuplicate": true,
      "allowedTypes": [],
      "allowedTypeGroups": [
        "ALL"
      ],
      "matchLengthOfArgument": "",
      "allowPadding": true,
      "name": "TargetKey",
      "alternateNames": [],
      "isRequired": true,
      "rDescription": "The names of the columns in the edges table that identify the target vertex of an edge. This set of columns must have the same schema as the vertex_attributes and source_vertex_attributes.",
      "description": "The names of the columns in the edges table that identify the target vertex of an edge. This set of columns must have the same schema as the vertex_attributes and source_vertex_attributes.",
      "datatype": "COLUMNS",
      "allowsLists": true,
      "rName": "target.key",
      "useInR": true,
      "rOrderNum": 3
    },
    {
      "targetTable": [
        "vertices"
      ],
      "checkDuplicate": true,
      "allowedTypes": [],
      "allowedTypeGroups": [
        "ALL"
      ],
      "matchLengthOfArgument": "",
      "allowPadding": true,
      "name": "Accumulate",
      "alternateNames": [],
      "isRequired": false,
      "rDescription": "The names of columns in the input vertex table (vertices) to copy to the output vertex table (vertex_table_name).",
      "description": "The names of columns in the input vertex table (vertices) to copy to the output vertex table (vertex_table_name).",
      "datatype": "COLUMNS",
      "allowsLists": true,
      "rName": "accumulate",
      "useInR": true,
      "rOrderNum": 8
    },
    {
      "defaultValue": 0.15,
      "lowerBound": 0.0,
      "upperBound": 1.0,
      "lowerBoundType": "EXCLUSIVE",
      "upperBoundType": "EXCLUSIVE",
      "allowNaN": false,
      "name": "SampleRate",
      "alternateNames": [],
      "isRequired": false,
      "rDescription": "The sampling rate. This value must be in the range (0, 1.0). The default value is 0.15 (15%).",
      "description": "The sampling rate. This value must be in the range (0, 1.0). The default value is 0.15 (15%).",
      "datatype": "DOUBLE",
      "allowsLists": false,
      "rName": "sample.rate",
      "useInR": true,
      "rOrderNum": 4
    },
    {
      "defaultValue": 0.15,
      "lowerBound": 0.0,
      "upperBound": 1.0,
      "lowerBoundType": "EXCLUSIVE",
      "upperBoundType": "EXCLUSIVE",
      "allowNaN": false,
      "name": "FlybackRate",
      "alternateNames": [],
      "isRequired": false,
      "rDescription": "The chance, when visiting a vertex, of flying back to the starting vertex. This value must be in the range (0, 1.0). The default value is 0.15 (15%).",
      "description": "The chance, when visiting a vertex, of flying back to the starting vertex. This value must be in the range (0, 1.0). The default value is 0.15 (15%).",
      "datatype": "DOUBLE",
      "allowsLists": false,
      "rName": "flyback.rate",
      "useInR": true,
      "rOrderNum": 5
    },
    {
      "defaultValue": 1000,
      "lowerBound": -9223372036854775808,
      "upperBound": 9223372036854775807,
      "lowerBoundType": "INCLUSIVE",
      "upperBoundType": "INCLUSIVE",
      "allowNaN": false,
      "name": "Seed",
      "alternateNames": [],
      "isRequired": false,
      "rDescription": "The seed used to generate a series of random numbers for sample_rate, flyback_rate, and any random number used internally. Specifying this value guarantees that the function result is repeatable on the same cluster. The default value is 1000.",
      "description": "The seed used to generate a series of random numbers for sample_rate, flyback_rate, and any random number used internally. Specifying this value guarantees that the function result is repeatable on the same cluster. The default value is 1000.",
      "datatype": "LONG",
      "allowsLists": false,
      "rName": "seed",
      "useInR": true,
      "rOrderNum": 6
    },
    {
      "permittedValues": [],
      "isOutputColumn": false,
      "matchLengthOfArgument": "",
      "allowPadding": true,
      "name": "OutputTables",
      "alternateNames": [],
      "isRequired": false,
      "rDescription": "The names of the vertex and edge tables.",
      "description": "The names of the vertex and edge tables.",
      "datatype": "STRING",
      "allowsLists": true,
      "rName": "output.tables",
      "useInR": true,
      "rOrderNum": 7
    }
  ]
}
