{
  "json_schema_major_version": "1",
  "json_schema_minor_version": "2",
  "json_content_version": "1",
  "function_name": "ROC",
  "function_version": "1.0",
  "function_type": "driver",
  "function_r_name": "aa.roc",
  "short_description": "Computes ROC, AUC and Gini.",
  "long_description": "Computes ROC, AUC and Gini for binary classifiers.",
  "argument_clauses": [
    {
      "permittedValues": [],
      "isOutputColumn": false,
      "name": "Domain",
      "alternateNames": [],
      "isRequired": false,
      "rDescription": "The address of the Queen. The host parameter is the Aster Database Queen’s IP address or hostname.",
      "description": "The address of the Queen. The host parameter is the Aster Database Queen’s IP address or hostname.",
      "datatype": "DRIVER",
      "allowsLists": false,
      "useInR": false,
      "rOrderNum": 0
    },
    {
      "permittedValues": [],
      "isOutputColumn": false,
      "name": "Database",
      "alternateNames": [],
      "isRequired": false,
      "rDescription": "The name of the database where the input table is located.",
      "description": "The name of the database where the input table is located.",
      "datatype": "DRIVER",
      "allowsLists": false,
      "useInR": false,
      "rOrderNum": 0
    },
    {
      "permittedValues": [],
      "isOutputColumn": false,
      "name": "UserId",
      "alternateNames": [],
      "isRequired": false,
      "rDescription": "The Aster Database user name of the user running this function.",
      "description": "The Aster Database user name of the user running this function.",
      "datatype": "DRIVER",
      "allowsLists": false,
      "useInR": false,
      "rOrderNum": 0
    },
    {
      "permittedValues": [],
      "isOutputColumn": false,
      "name": "Password",
      "alternateNames": [],
      "isRequired": false,
      "rDescription": "The Aster Database password of the user.",
      "description": "The Aster Database password of the user.",
      "datatype": "DRIVER",
      "allowsLists": false,
      "useInR": false,
      "rOrderNum": 0
    },
    {
      "permittedValues": [],
      "isOutputColumn": false,
      "name": "SSLSettings",
      "alternateNames": [],
      "isRequired": false,
      "rDescription": "A string that includes all the SSL settings, except the password for the truststore.",
      "description": "A string that includes all the SSL settings, except the password for the truststore.",
      "datatype": "DRIVER",
      "allowsLists": false,
      "useInR": false,
      "rOrderNum": 0
    },
    {
      "permittedValues": [],
      "isOutputColumn": false,
      "name": "SSLTrustStorePassword",
      "alternateNames": [],
      "isRequired": false,
      "rDescription": "The password for the SSL truststore.",
      "description": "The password for the SSL truststore.",
      "datatype": "DRIVER",
      "allowsLists": false,
      "useInR": false,
      "rOrderNum": 0
    },
    {
      "isOutputTable": false,
      "name": "InputTable",
      "alternateNames": [],
      "isRequired": true,
      "rDescription": "Specifies the name of the table that contains the prediction-actual pairs for a binary classifier.",
      "description": "Specifies the name of the table that contains the prediction-actual pairs for a binary classifier.",
      "datatype": "TABLE_NAME",
      "allowsLists": false,
      "rName": "data",
      "useInR": true,
      "rOrderNum": 1
    },
    {
      "isOutputTable": true,
      "name": "OutputTable",
      "alternateNames": [],
      "isRequired": true,
      "rDescription": "Specifies the name for the output table that the function creates. The output_table must not already exist.",
      "description": "Specifies the name for the output table that the function creates. The output_table must not already exist.",
      "datatype": "TABLE_NAME",
      "allowsLists": false,
      "rName": "output.table",
      "useInR": true,
      "rOrderNum": 100
    },
    {
      "targetTable": [
        "InputTable"
      ],
      "checkDuplicate": true,
      "allowedTypes": [],
      "allowedTypeGroups": [
        "NUMERIC"
      ],
      "requiredLength": 1,
      "matchLengthOfArgument": "",
      "allowPadding": true,
      "name": "ProbabilityColumn",
      "alternateNames": [],
      "isRequired": true,
      "rDescription": "Specifies the name of the input table column that contains the predictions.",
      "description": "Specifies the name of the input table column that contains the predictions.",
      "datatype": "COLUMN_NAMES",
      "allowsLists": false,
      "rName": "probability.column",
      "useInR": true,
      "rOrderNum": 3
    },
    {
      "targetTable": [
        "InputTable"
      ],
      "checkDuplicate": true,
      "allowedTypes": [],
      "allowedTypeGroups": [
        "ALL"
      ],
      "requiredLength": 1,
      "matchLengthOfArgument": "",
      "allowPadding": true,
      "name": "ObsColumn",
      "alternateNames": [],
      "isRequired": true,
      "rDescription": "Specifies the name of the input table column that contains the actual classes. ",
      "description": "Specifies the name of the input table column that contains the actual classes. ",
      "datatype": "COLUMN_NAMES",
      "allowsLists": false,
      "rName": "obs.column",
      "useInR": true,
      "rOrderNum": 4
    },
    {
      "targetTable": [
        "InputTable"
      ],
      "checkDuplicate": true,
      "allowedTypes": [],
      "allowedTypeGroups": [
        "ALL"
      ],
      "requiredLength": 1,
      "matchLengthOfArgument": "",
      "allowPadding": true,
      "name": "ModelIdColumn",
      "alternateNames": [],
      "isRequired": false,
      "rDescription": "Specifies the name of the input table column that contains the model or partition identifiers for the ROC curves.",
      "description": "Specifies the name of the input table column that contains the model or partition identifiers for the ROC curves.",
      "datatype": "COLUMN_NAMES",
      "allowsLists": false,
      "rName": "model.id.column",
      "useInR": true,
      "rOrderNum": 2
    },
    {
      "permittedValues": [],
      "isOutputColumn": false,
      "name": "PositiveClass",
      "alternateNames": [],
      "isRequired": true,
      "rDescription": "Specifies the label of the positive class.",
      "description": "Specifies the label of the positive class.",
      "datatype": "STRING",
      "allowsLists": false,
      "rName": "positive.class",
      "useInR": true,
      "rOrderNum": 5
    },
    {
      "defaultValue": 50,
      "lowerBound": 1,
      "upperBound": 10000,
      "lowerBoundType": "INCLUSIVE",
      "upperBoundType": "INCLUSIVE",
      "allowNaN": false,
      "name": "NumThreshold",
      "alternateNames": [],
      "isRequired": false,
      "rDescription": "Specifies the number of thresholds for the function to use. The num_threshold must be a NUMERIC value in the range [1, 10000]. The default value is 50. The function uniformly distributes the thresholds between 0 and 1.",
      "description": "Specifies the number of thresholds for the function to use. The num_threshold must be a NUMERIC value in the range [1, 10000]. The default value is 50. The function uniformly distributes the thresholds between 0 and 1.",
      "datatype": "INTEGER",
      "allowsLists": false,
      "rName": "num.threshold",
      "useInR": true,
      "rOrderNum": 6
    },
    {
      "defaultValue": true,
      "name": "ROC",
      "alternateNames": [],
      "isRequired": false,
      "rDescription": "Specifies whether the function displays roc values (thresholds, false positive rates, and true positive rates). The default value is 'true'. See the note after the table.",
      "description": "Specifies whether the function displays ROC values (thresholds, false positive rates, and true positive rates). The default value is 'true'. See the note after the table.",
      "datatype": "BOOLEAN",
      "allowsLists": false,
      "rName": "roc",
      "useInR": true,
      "rOrderNum": 7
    },
    {
      "defaultValue": false,
      "name": "AUC",
      "alternateNames": [],
      "isRequired": false,
      "rDescription": "Specifies whether the function displays the auc calculated from the roc. The default value is 'false'. See the note after the table. ",
      "description": "Specifies whether the function displays the AUC calculated from the ROC. The default value is 'false'. See the note after the table. ",
      "datatype": "BOOLEAN",
      "allowsLists": false,
      "rName": "auc",
      "useInR": true,
      "rOrderNum": 8
    },
    {
      "defaultValue": false,
      "name": "GINI",
      "alternateNames": [],
      "isRequired": false,
      "rDescription": "Specifies whether the function displays the gini coefficient calculated from the roc. The default value is 'false'. See the note after the table.",
      "description": "Specifies whether the function displays the Gini coefficient calculated from the ROC. The default value is 'false'. See the note after the table. ",
      "datatype": "BOOLEAN",
      "allowsLists": false,
      "rName": "gini",
      "useInR": true,
      "rOrderNum": 9
    }
  ]
}
