{
  "json_schema_major_version": "1",
  "json_schema_minor_version": "2",
  "json_content_version": "1",
  "function_name": "Scale",
  "function_version": "1.4",
  "function_type": "non-driver",
  "function_r_name": "aa.scale",
  "ref_function_r_name": "aa.scale.map",
  "short_description": "This function scales the input to a specified range.",
  "long_description": "This function scales the input to a specified range based on the statistic information.",
  "input_tables": [
    {
      "requiredInputKind": [
        "Dimension"
      ],
      "isOrdered": false,
      "partitionByOne": false,
      "name": "statistic",
      "alternateNames": [],
      "isRequired": true,
      "rDescription": "The statistic input generated by ScaleMap",
      "description": "The statistic input generated by ScaleMap",
      "datatype": "TABLE_ALIAS",
      "allowsLists": false,
      "rName": "object",
      "useInR": true,
      "rOrderNum": 1
    },
    {
      "requiredInputKind": [
        "PartitionByAny"
      ],
      "isOrdered": false,
      "partitionByOne": false,
      "name": "input",
      "alternateNames": [],
      "isRequired": true,
      "rDescription": "The input dataset for scale function.",
      "description": "The input dataset for scale function.",
      "datatype": "TABLE_ALIAS",
      "allowsLists": false,
      "rName": "data",
      "useInR": true,
      "rOrderNum": 2
    }
  ],
  "argument_clauses": [
    {
      "targetTable": [
        "input"
      ],
      "checkDuplicate": true,
      "allowedTypes": [],
      "allowedTypeGroups": [
        "NUMERIC"
      ],
      "matchLengthOfArgument": "",
      "allowPadding": true,
      "name": "InputColumns",
      "alternateNames": [],
      "isRequired": false,
      "rDescription": "Specifies the input table columns that contain the attribute values of the samples. The attribute values must be numeric values between -1e308 and 1e308. If a value is outside this range, the function treats it as infinity. The default input columns are all columns of the statistic table except stattype.",
      "description": "Specifies the input table columns that contain the attribute values of the samples. The attribute values must be numeric values between -1e308 and 1e308. If a value is outside this range, the function treats it as infinity. The default input columns are all columns of the statistic table except stattype.",
      "datatype": "COLUMNS",
      "allowsLists": true,
      "rName": "input.columns",
      "useInR": true,
      "rOrderNum": 8
    },
    {
      "targetTable": [
        "input"
      ],
      "checkDuplicate": true,
      "allowedTypes": [],
      "allowedTypeGroups": [
        "ALL"
      ],
      "matchLengthOfArgument": "",
      "allowPadding": true,
      "name": "Accumulate",
      "alternateNames": [],
      "isRequired": false,
      "rDescription": "Specifies the input table columns to copy to the output table. By default, the function copies no input table columns to the output table.",
      "description": "Specifies the input table columns to copy to the output table. By default, the function copies no input table columns to the output table.",
      "datatype": "COLUMNS",
      "allowsLists": true,
      "rName": "accumulate",
      "useInR": true,
      "rOrderNum": 5
    },
    {
      "permittedValues": [
        "MEAN",
        "SUM",
        "USTD",
        "STD",
        "RANGE",
        "MIDRANGE",
        "MAXABS"
      ],
      "isOutputColumn": false,
      "matchLengthOfArgument": "",
      "allowPadding": true,
      "name": "Method",
      "alternateNames": [],
      "isRequired": true,
      "rDescription": "Specify one or more methods used to scale the dataset.  If you specify multiple methods are specified, a column scalemethod (which contains the method name) and a row for each input-row/method combination.",
      "description": "Specify one or more methods used to scale the dataset.  If you specify multiple methods are specified, a column scalemethod (which contains the method name) and a row for each input-row/method combination.",
      "datatype": "STRING",
      "allowsLists": true,
      "rName": "method",
      "useInR": true,
      "rOrderNum": 3
    },
    {
      "defaultValue": false,
      "name": "Global",
      "alternateNames": [
        "GlobalScale"
      ],
      "isRequired": false,
      "rDescription": " Specifies whether all input columns are scaled to the same location and scale. The default value is 'false' (each input column is scaled separately).",
      "description": " Specifies whether all input columns are scaled to the same location and scale. The default value is 'false' (each input column is scaled separately).",
      "datatype": "BOOLEAN",
      "allowsLists": false,
      "rName": "global",
      "useInR": true,
      "rOrderNum": 4
    },
    {
      "defaultValue": [
        1
      ],
      "matchLengthOfArgument": "",
      "allowPadding": true,
      "name": "Multiplier",
      "alternateNames": [
        "MultFactor"
      ],
      "isRequired": false,
      "rDescription": "Specifies one or more multiplying factors to apply to the input variables—multiplier in the following formula: X' = intercept + multiplier * (X - location)/scale If you specify only one multiplier, it applies to all columns specified by the input.columns argument. If you specify multiple multiplying factors, each multiplier applies to the corresponding input column. For example, the first multiplier applies to the first column specified by the input.columns argument, the second multiplier applies to the second input column, and so on. The default multiplier is 1. ",
      "description": "Specifies one or more multiplying factors to apply to the input variables—multiplier in the following formula: X' = intercept + multiplier * (X - location)/scale If you specify only one multiplier, it applies to all columns specified by the InputColumns argument. If you specify multiple multiplying factors, each multiplier applies to the corresponding input column. For example, the first multiplier applies to the first column specified by the InputColumns argument, the second multiplier applies to the second input column, and so on. The default multiplier is 1. ",
      "datatype": "DOUBLE",
      "allowsLists": true,
      "rName": "multiplier",
      "useInR": true,
      "rOrderNum": 6
    },
    {
      "permittedValues": [],
      "defaultValue": [
        "0"
      ],
      "isOutputColumn": false,
      "matchLengthOfArgument": "",
      "allowPadding": true,
      "name": "Intercept",
      "alternateNames": [
        "AddFactor"
      ],
      "isRequired": false,
      "rDescription": "Specifies one or more addition factors incrementing the scaled results—intercept in the following formula: X' = intercept + multiplier * (X - location)/scale If you specify only one intercept, it applies to all columns specified by the input.columns argument. If you specify multiple addition factors, each intercept applies to the corresponding input column. The syntax of intercept is: [-]{number | min | mean | max } where min, mean, and max are the global minimum, maximum, mean values in the corresponding columns. The function scales the values of min, mean, and max. For example, if intercept is '- min' and multiplier is 1, the scaled result is transformed to a nonnegative sequence according to this formula, where scaledmin is the scaled value: X' = -scaledmin + 1 * (X - location)/scale The default intercept is 0.",
      "description": "Specifies one or more addition factors incrementing the scaled results—intercept in the following formula: X' = intercept + multiplier * (X - location)/scale If you specify only one intercept, it applies to all columns specified by the InputColumns argument. If you specify multiple addition factors, each intercept applies to the corresponding input column. The syntax of intercept is: [-]{number | min | mean | max } where min, mean, and max are the global minimum, maximum, mean values in the corresponding columns. The function scales the values of min, mean, and max. For example, if intercept is '- min' and multiplier is 1, the scaled result is transformed to a nonnegative sequence according to this formula, where scaledmin is the scaled value: X' = -scaledmin + 1 * (X - location)/scale The default intercept is 0.",
      "datatype": "STRING",
      "allowsLists": true,
      "rName": "intercept",
      "useInR": true,
      "rOrderNum": 7
    }
  ]
}
