{
  "json_schema_major_version": "1",
  "json_schema_minor_version": "2",
  "json_content_version": "1",
  "function_name": "SMAVG",
  "function_version": "1.3",
  "function_type": "non-driver",
  "function_r_name": "aa.smavg",
  "short_description": "Computes Simple Moving Averages",
  "long_description": "The simple moving average computes the average over a number of points in a series.",
  "input_tables": [
    {
      "requiredInputKind": [
        "PartitionByKey"
      ],
      "isOrdered": true,
      "partitionByOne": false,
      "name": "input",
      "alternateNames": [],
      "isRequired": true,
      "rDescription": "Specifies the name of the table that contains the columns",
      "description": "Specifies the name of the table that contains the columns",
      "datatype": "TABLE_ALIAS",
      "allowsLists": false,
      "rName": "data",
      "useInR": true,
      "rOrderNum": 1
    }
  ],
  "argument_clauses": [
    {
      "targetTable": [
        "input"
      ],
      "checkDuplicate": true,
      "allowedTypes": [],
      "allowedTypeGroups": [
        "NUMERIC"
      ],
      "matchLengthOfArgument": "",
      "allowPadding": true,
      "name": "TargetColumns",
      "alternateNames": [
        "Columns"
      ],
      "isRequired": false,
      "rDescription": "Specifies the input column names for which the moving average is to be computed. If you omit this argument, then the function copies every input column to the output table but does not compute moving average.",
      "description": "Specifies the input column names for which the moving average is to be computed. If you omit this argument, then the function copies every input column to the output table but does not compute moving average.",
      "datatype": "COLUMNS",
      "allowsLists": true,
      "rName": "target.columns",
      "useInR": true,
      "rOrderNum": 2
    },
    {
      "defaultValue": 10,
      "lowerBound": 3,
      "upperBound": 2147483647,
      "lowerBoundType": "INCLUSIVE",
      "upperBoundType": "INCLUSIVE",
      "allowNaN": false,
      "name": "WindowSize",
      "alternateNames": [],
      "isRequired": false,
      "rDescription": "Specifies the number of previous values to include in the computation of the simple moving average. The default value is 10.",
      "description": "Specifies the number of previous values to include in the computation of the simple moving average. The default value is 10.",
      "datatype": "INTEGER",
      "allowsLists": false,
      "rName": "window.size",
      "useInR": true,
      "rOrderNum": 4
    },
    {
      "defaultValue": false,
      "name": "IncludeFirst",
      "alternateNames": [
        "ReturnAll"
      ],
      "isRequired": false,
      "rDescription": "Specifies whether to include the starting rows in the output table. The default value is 'false'. If you specify 'true', the output columns for the starting rows contain NULL, because their exponential moving average is undefined.",
      "description": "Specifies whether to include the starting rows in the output table. The default value is 'false'. If you specify 'true', the output columns for the starting rows contain NULL, because their exponential moving average is undefined.",
      "datatype": "BOOLEAN",
      "allowsLists": false,
      "rName": "include.first",
      "useInR": true,
      "rOrderNum": 3
    }
  ]
}
