{
  "json_schema_major_version": "1",
  "json_schema_minor_version": "2",
  "json_content_version": "1",
  "function_name": "SparseSVMPredictor",
  "function_version": "1.2",
  "function_type": "non-driver",
  "function_r_name": "aa.svm.sparse.predict",
  "ref_function_r_name": "aa.svm.sparse.train",
  "short_description": "This function gives a predict label for each input sample according to the pre-trained model table.",
  "long_description": "This function predicts input samples for sparse input format.  The model is trained by SparseSvmTrainer, and it is used to give one or more  predicts according with the confidence for each sample. ",
  "input_tables": [
    {
      "requiredInputKind": [
        "PartitionByKey"
      ],
      "isOrdered": false,
      "partitionByOne": false,
      "name": "input",
      "alternateNames": [],
      "isRequired": true,
      "rDescription": "Input query data.",
      "description": "Input query data.",
      "datatype": "TABLE_ALIAS",
      "allowsLists": false,
      "rName": "newdata",
      "useInR": true,
      "rOrderNum": 2
    },
    {
      "requiredInputKind": [
        "Dimension"
      ],
      "isOrdered": false,
      "partitionByOne": false,
      "name": "model",
      "alternateNames": [],
      "isRequired": true,
      "rDescription": "The model table generated by SVMTrainer.",
      "description": "The model table generated by SVMTrainer.",
      "datatype": "TABLE_ALIAS",
      "allowsLists": false,
      "rName": "object",
      "useInR": true,
      "rOrderNum": 1
    }
  ],
  "argument_clauses": [
    {
      "targetTable": [
        "input"
      ],
      "checkDuplicate": true,
      "allowedTypes": [],
      "allowedTypeGroups": [
        "STRING",
        "INTEGER"
      ],
      "requiredLength": 1,
      "matchLengthOfArgument": "",
      "allowPadding": true,
      "name": "AttributeColumn",
      "alternateNames": [],
      "isRequired": true,
      "rDescription": " Specifies the name of the sample_table column that contains the attributes of the test samples.",
      "description": " Specifies the name of the sample_table column that contains the attributes of the test samples.",
      "datatype": "COLUMNS",
      "allowsLists": false,
      "rName": "attribute.column",
      "useInR": true,
      "rOrderNum": 4
    },
    {
      "targetTable": [
        "input"
      ],
      "checkDuplicate": true,
      "allowedTypes": [],
      "allowedTypeGroups": [
        "DISTRIBUTIONTYPE"
      ],
      "requiredLength": 1,
      "matchLengthOfArgument": "",
      "allowPadding": true,
      "name": "SampleIdColumn",
      "alternateNames": [],
      "isRequired": true,
      "rDescription": "Specifies the name of the sample_table column that contains the identifiers of the test samples. The sample_table must be partitioned by this column.",
      "description": "Specifies the name of the sample_table column that contains the identifiers of the test samples. The sample_table must be partitioned by this column.",
      "datatype": "COLUMNS",
      "allowsLists": false,
      "rName": "sample.id.column",
      "useInR": true,
      "rOrderNum": 3
    },
    {
      "targetTable": [
        "input"
      ],
      "checkDuplicate": true,
      "allowedTypes": [],
      "allowedTypeGroups": [
        "NUMERIC"
      ],
      "requiredLength": 1,
      "matchLengthOfArgument": "",
      "allowPadding": true,
      "name": "ValueColumn",
      "alternateNames": [],
      "isRequired": false,
      "rDescription": " Specifies the name of the sample_table column that contains the attribute values. By default, each attribute has the value 1.",
      "description": " Specifies the name of the sample_table column that contains the attribute values. By default, each attribute has the value 1.",
      "datatype": "COLUMNS",
      "allowsLists": false,
      "rName": "value.column",
      "useInR": true,
      "rOrderNum": 5
    },
    {
      "targetTable": [
        "input"
      ],
      "checkDuplicate": true,
      "allowedTypes": [],
      "allowedTypeGroups": [
        "ALL"
      ],
      "matchLengthOfArgument": "",
      "allowPadding": true,
      "name": "AccumulateLabel",
      "alternateNames": [],
      "isRequired": false,
      "rDescription": " Specifies the names of the sample_table columns to copy to the output table.",
      "description": " Specifies the names of the sample_table columns to copy to the output table.",
      "datatype": "COLUMNS",
      "allowsLists": true,
      "rName": "accumulate.label",
      "useInR": true,
      "rOrderNum": 6
    },
    {
      "defaultValue": 1,
      "lowerBound": 1,
      "upperBound": 2147483647,
      "lowerBoundType": "INCLUSIVE",
      "upperBoundType": "INCLUSIVE",
      "allowNaN": false,
      "name": "OutputClassNum",
      "alternateNames": [
        "OutputClassNumber"
      ],
      "isRequired": false,
      "rDescription": "Valid only for multiple-class models. Specifies the number of class labels to appear in the output table, with its corresponding prediction confidence. The default value is 1.",
      "description": "Valid only for multiple-class models. Specifies the number of class labels to appear in the output table, with its corresponding prediction confidence. The default value is 1.",
      "datatype": "INTEGER",
      "allowsLists": false,
      "rName": "output.class.num",
      "useInR": true,
      "rOrderNum": 7
    }
  ]
}
