{
  "json_schema_major_version": "1",
  "json_schema_minor_version": "2",
  "json_content_version": "1",
  "function_name": "SupervisedShapeletClassifier",
  "function_version": "1.2",
  "function_type": "SQLMR",
  "function_r_name": "aa.supervised.shapelet.classifier",
  "ref_function_r_name": "aa.supervised.shapelet.train",
  "short_description": "Classifies time series data based on shapelet model.",
  "long_description": "This function classifies time series data based on shapelet model generated by SupervisedShapeletTrainer.",
  "input_tables": [
    {
      "requiredInputKind": [
        "PartitionByKey"
      ],
      "isOrdered": true,
      "partitionByOne": false,
      "name": "time_series",
      "alternateNames": [],
      "isRequired": true,
      "rDescription": "Specifies the table representing input time series data for classification. ",
      "description": "Specifies the table representing input time series data for classification. ",
      "datatype": "TABLE_ALIAS",
      "allowsLists": false,
      "rName": "time.series.data",
      "useInR": true,
      "rOrderNum": 2
    },
    {
      "requiredInputKind": [
        "Dimension"
      ],
      "isOrdered": true,
      "partitionByOne": false,
      "name": "shapelets",
      "alternateNames": [],
      "isRequired": true,
      "rDescription": "Specifies the name of the model table that contains trained shapelets using ta.supervisedshapelet.trainer.",
      "description": "Specifies the name of the model table that contains trained shapelets using SupervisedShapeletTrainer.",
      "datatype": "TABLE_ALIAS",
      "allowsLists": false,
      "rName": "object",
      "useInR": true,
      "rOrderNum": 1
    }
  ],
  "argument_clauses": [
    {
      "targetTable": [
        "time_series"
      ],
      "checkDuplicate": true,
      "allowedTypes": [],
      "allowedTypeGroups": [
        "NUMERIC"
      ],
      "defaultValues": [
        "value"
      ],
      "requiredLength": 1,
      "matchLengthOfArgument": "",
      "allowPadding": true,
      "name": "ValueColumn",
      "alternateNames": [],
      "isRequired": false,
      "rDescription": "Specifies the name of the time_series column that contains the data points in the time series. The default value_column is \"value\".",
      "description": "Specifies the name of the time_series column that contains the data points in the time series. The default value_column is \"value\".",
      "datatype": "COLUMNS",
      "allowsLists": false,
      "rName": "value.column",
      "useInR": true,
      "rOrderNum": 3
    },
    {
      "targetTable": [
        "time_series"
      ],
      "checkDuplicate": true,
      "allowedTypes": [],
      "allowedTypeGroups": [
        "ALL"
      ],
      "matchLengthOfArgument": "",
      "allowPadding": true,
      "name": "Accumulate",
      "alternateNames": [],
      "isRequired": false,
      "rDescription": "Specifies the names of the time_series columns to copy to the output table. By default, only the id and predicted_category columns are copied to the output table. Columns specified by this argument appear after the other output table columns.",
      "description": "Specifies the names of the time_series columns to copy to the output table. By default, only the id and predicted_category columns are copied to the output table. Columns specified by this argument appear after the other output table columns.",
      "datatype": "COLUMNS",
      "allowsLists": true,
      "rName": "accumulate",
      "useInR": true,
      "rOrderNum": 5
    },
    {
      "defaultValue": 10,
      "lowerBound": 1,
      "upperBound": 1000000,
      "lowerBoundType": "INCLUSIVE",
      "upperBoundType": "INCLUSIVE",
      "allowNaN": false,
      "name": "TimeInterval",
      "alternateNames": [],
      "isRequired": false,
      "rDescription": "Specifies the number of data points in a time series to skip between consecutive time series windows when calculating the distance of a shapelet from a time series. Because a shapelet is typically much smaller than a complete time series, the function calculates the distance of a shapelet from a time series by sliding the shapelet across time series windows of shapelet length, calculating the distance between the shapelet and each window, and then selecting the smallest distance. The num_data_points is the number of data points to skip when sliding from one time series window to the next. The num_data_points must be an INTEGER in the range [1, 1000000]. The value 1 gives optimal results at the cost of higher execution time. The default value is 10. Note: This argument must specify the same value as the ta.supervisedshapelet.trainer time.interval argument specified when it generated the shapelets table. ",
      "description": "Specifies the number of data points in a time series to skip between consecutive time series windows when calculating the distance of a shapelet from a time series. Because a shapelet is typically much smaller than a complete time series, the function calculates the distance of a shapelet from a time series by sliding the shapelet across time series windows of shapelet length, calculating the distance between the shapelet and each window, and then selecting the smallest distance. The num_data_points is the number of data points to skip when sliding from one time series window to the next. The num_data_points must be an INTEGER in the range [1, 1000000]. The value 1 gives optimal results at the cost of higher execution time. The default value is 10. Note: This argument must specify the same value as the SupervisedShapeletTrainer TimeInterval argument specified when it generated the shapelets table. ",
      "datatype": "INTEGER",
      "allowsLists": false,
      "rName": "time.interval",
      "useInR": true,
      "rOrderNum": 4
    }
  ]
}
