{
  "json_schema_major_version": "1",
  "json_schema_minor_version": "2",
  "json_content_version": "1",
  "function_name": "SupervisedShapeletTrainer",
  "function_version": "1.2",
  "function_type": "driver",
  "function_r_name": "aa.supervised.shapelet.train",
  "short_description": "Identify shapelet candidates for time series classification.",
  "long_description": "This function identifies shapelet candidates for time series classification.",
  "argument_clauses": [
    {
      "permittedValues": [],
      "isOutputColumn": false,
      "name": "Domain",
      "alternateNames": [],
      "isRequired": false,
      "rDescription": "The address of the Queen. The host parameter is the Aster Database Queen’s IP address or hostname.",
      "description": "The address of the Queen. The host parameter is the Aster Database Queen’s IP address or hostname.",
      "datatype": "DRIVER",
      "allowsLists": false,
      "useInR": false,
      "rOrderNum": 0
    },
    {
      "permittedValues": [],
      "isOutputColumn": false,
      "name": "Database",
      "alternateNames": [],
      "isRequired": false,
      "rDescription": "The name of the database where the input table is located.",
      "description": "The name of the database where the input table is located.",
      "datatype": "DRIVER",
      "allowsLists": false,
      "useInR": false,
      "rOrderNum": 0
    },
    {
      "permittedValues": [],
      "isOutputColumn": false,
      "name": "UserId",
      "alternateNames": [],
      "isRequired": false,
      "rDescription": "The Aster Database user name of the user running this function.",
      "description": "The Aster Database user name of the user running this function.",
      "datatype": "DRIVER",
      "allowsLists": false,
      "useInR": false,
      "rOrderNum": 0
    },
    {
      "permittedValues": [],
      "isOutputColumn": false,
      "name": "Password",
      "alternateNames": [],
      "isRequired": false,
      "rDescription": "The Aster Database password of the user.",
      "description": "The Aster Database password of the user.",
      "datatype": "DRIVER",
      "allowsLists": false,
      "useInR": false,
      "rOrderNum": 0
    },
    {
      "permittedValues": [],
      "isOutputColumn": false,
      "name": "SSLSettings",
      "alternateNames": [],
      "isRequired": false,
      "rDescription": "A string that includes all the SSL settings, except the password for the truststore.",
      "description": "A string that includes all the SSL settings, except the password for the truststore.",
      "datatype": "DRIVER",
      "allowsLists": false,
      "useInR": false,
      "rOrderNum": 0
    },
    {
      "permittedValues": [],
      "isOutputColumn": false,
      "name": "SSLTrustStorePassword",
      "alternateNames": [],
      "isRequired": false,
      "rDescription": "The password for the SSL truststore.",
      "description": "The password for the SSL truststore.",
      "datatype": "DRIVER",
      "allowsLists": false,
      "useInR": false,
      "rOrderNum": 0
    },
    {
      "isOutputTable": false,
      "name": "InputTable",
      "alternateNames": [],
      "isRequired": true,
      "rDescription": "Specifies the name of the table that contains the input data.",
      "description": "Specifies the name of the table that contains the input data.",
      "datatype": "TABLE_NAME",
      "allowsLists": false,
      "rName": "data",
      "useInR": true,
      "rOrderNum": 1
    },
    {
      "isOutputTable": false,
      "name": "CategoryTable",
      "alternateNames": [],
      "isRequired": false,
      "rDescription": "Specifies the name of the table that contains the categories (classes) for the time series in input_data_table. The default value is input_data_table. If input_categories_table is different from input_data_table, the function ignores any time series that is not in both input_categories_table and input_data_table. If a time series is represented by multiple rows in input_categories_table, these rows must contain the same category; otherwise, the function might not select the correct category.",
      "description": "Specifies the name of the table that contains the categories (classes) for the time series in input_data_table. The default value is input_data_table. If input_categories_table is different from input_data_table, the function ignores any time series that is not in both input_categories_table and input_data_table. If a time series is represented by multiple rows in input_categories_table, these rows must contain the same category; otherwise, the function might not select the correct category.",
      "datatype": "TABLE_NAME",
      "allowsLists": false,
      "rName": "category.table",
      "useInR": true,
      "rOrderNum": 2
    },
    {
      "isOutputTable": true,
      "defaultValue": "shapelet_model",
      "name": "ModelTable",
      "alternateNames": [],
      "isRequired": false,
      "rDescription": "Specifies the name of the output model table that contains trained shapelets. The default output_model_table is \"shapelet_model\".",
      "description": "Specifies the name of the output model table that contains trained shapelets. The default output_model_table is \"shapelet_model\".",
      "datatype": "TABLE_NAME",
      "allowsLists": false,
      "rName": "model.table",
      "useInR": true,
      "rOrderNum": 100
    },
    {
      "targetTable": [
        "InputTable"
      ],
      "checkDuplicate": true,
      "allowedTypes": [],
      "allowedTypeGroups": [
        "ALL"
      ],
      "requiredLength": 1,
      "matchLengthOfArgument": "",
      "allowPadding": true,
      "name": "IdColumn",
      "alternateNames": [],
      "isRequired": true,
      "rDescription": "Specifies the name of the column in input_data_table and input_categories_table that contains the unique identity of a time series.",
      "description": "Specifies the name of the column in input_data_table and input_categories_table that contains the unique identity of a time series.",
      "datatype": "COLUMN_NAMES",
      "allowsLists": false,
      "rName": "id.column",
      "useInR": true,
      "rOrderNum": 3
    },
    {
      "targetTable": [
        "InputTable"
      ],
      "checkDuplicate": true,
      "allowedTypes": [
        "date"
      ],
      "allowedTypeGroups": [
        "NUMERIC",
        "TIME"
      ],
      "requiredLength": 1,
      "matchLengthOfArgument": "",
      "allowPadding": true,
      "name": "TimeColumn",
      "alternateNames": [],
      "isRequired": true,
      "rDescription": "Specifies the name of the input_data_table column that contains the time axis of the data.",
      "description": "Specifies the name of the input_data_table column that contains the time axis of the data.",
      "datatype": "COLUMN_NAMES",
      "allowsLists": false,
      "rName": "time.column",
      "useInR": true,
      "rOrderNum": 4
    },
    {
      "targetTable": [
        "InputTable"
      ],
      "checkDuplicate": true,
      "allowedTypes": [],
      "allowedTypeGroups": [
        "NUMERIC"
      ],
      "requiredLength": 1,
      "matchLengthOfArgument": "",
      "allowPadding": true,
      "name": "ValueColumn",
      "alternateNames": [],
      "isRequired": true,
      "rDescription": "Specifies the name of the input_data_table column that contains the data points.",
      "description": "Specifies the name of the input_data_table column that contains the data points.",
      "datatype": "COLUMN_NAMES",
      "allowsLists": false,
      "rName": "value.column",
      "useInR": true,
      "rOrderNum": 5
    },
    {
      "targetTable": [
        "CategoryTable"
      ],
      "checkDuplicate": true,
      "allowedTypes": [],
      "allowedTypeGroups": [
        "ALL"
      ],
      "requiredLength": 1,
      "matchLengthOfArgument": "",
      "allowPadding": true,
      "name": "CategoryColumn",
      "alternateNames": [],
      "isRequired": true,
      "rDescription": "Specifies the name of the input_categories_table column that contains the category (class) of the time series.",
      "description": "Specifies the name of the input_categories_table column that contains the category (class) of the time series.",
      "datatype": "COLUMN_NAMES",
      "allowsLists": false,
      "rName": "category.column",
      "useInR": true,
      "rOrderNum": 6
    },
    {
      "defaultValue": 10,
      "lowerBound": 1,
      "upperBound": 1000000,
      "lowerBoundType": "INCLUSIVE",
      "upperBoundType": "INCLUSIVE",
      "allowNaN": false,
      "name": "SaxMinWindowSize",
      "alternateNames": [],
      "isRequired": false,
      "rDescription": "Specifies the ta.sax2 argument sax.min.window.size , which specifies the size of the sliding window. The min_window_size defines the length (number of data points) of the shortest shapelet; the minimum span (time series length) used to distinguish two time series from each other. The min_window_size must be an integer in the range [1, 1000000]. The default value is 10. If the min_window_size is greater than the length of the shortest time series in input data set (d), then its value becomes d. If min_window_size is smaller than symbols_per_window, then its value becomes symbols_per_window. ",
      "description": "Specifies the SAX2 argument WindowSize , which specifies the size of the sliding window. The min_window_size defines the length (number of data points) of the shortest shapelet; the minimum span (time series length) used to distinguish two time series from each other. The min_window_size must be an integer in the range [1, 1000000]. The default value is 10. If the min_window_size is greater than the length of the shortest time series in input data set (d), then its value becomes d. If min_window_size is smaller than symbols_per_window, then its value becomes symbols_per_window. ",
      "datatype": "INTEGER",
      "allowsLists": false,
      "rName": "sax.min.window.size",
      "useInR": true,
      "rOrderNum": 8
    },
    {
      "defaultValue": 70,
      "lowerBound": 1,
      "upperBound": 1000000,
      "lowerBoundType": "INCLUSIVE",
      "upperBoundType": "INCLUSIVE",
      "allowNaN": false,
      "name": "SaxMaxWindowSize",
      "alternateNames": [],
      "isRequired": false,
      "rDescription": "Specifies the ta.sax2 argument sax.max.window.size, which specifies the size of the sliding window. The max_window_size defines the length of the longest shapelet; the maximum span used to distinguish two time series from each other. The max_window_size must be an integer in the range [1, 1000000] that is greater than or equal to min_window_size. The default value is 70. If the max_window_size is greater than the length of the shortest time series in input data set (d), then its value becomes d. A greater difference between min_window_size and max_window_size increases the probability of identifying better shapelets at the cost of higher execution time. The function uses this formula to compute the number of sliding windows, n: n = ((max_window_size - min_window_size) / symbols_per_window)+1 The maximum value of n is 20. ",
      "description": "Specifies the SAX2 argument WindowSize , which specifies the size of the sliding window. The max_window_size defines the length of the longest shapelet; the maximum span used to distinguish two time series from each other. The max_window_size must be an integer in the range [1, 1000000] that is greater than or equal to min_window_size. The default value is 70. If the max_window_size is greater than the length of the shortest time series in input data set (d), then its value becomes d. A greater difference between min_window_size and max_window_size increases the probability of identifying better shapelets at the cost of higher execution time. The function uses this formula to compute the number of sliding windows, n: n = ((max_window_size - min_window_size) / symbols_per_window)+1 The maximum value of n is 20. ",
      "datatype": "INTEGER",
      "allowsLists": false,
      "rName": "sax.max.window.size",
      "useInR": true,
      "rOrderNum": 9
    },
    {
      "defaultValue": 10,
      "lowerBound": 1,
      "upperBound": 1000,
      "lowerBoundType": "INCLUSIVE",
      "upperBoundType": "INCLUSIVE",
      "allowNaN": false,
      "name": "SaxOutputFrequency",
      "alternateNames": [],
      "isRequired": false,
      "rDescription": "Specifies ta.sax2 argument sax.output.frequency, which specifies the number of data points to skip between successive sliding windows. The gap_between_windows must be an integer in the range [1, 1000]. The default value is 10. A smaller value increases accuracy (the chance of distinguishing time series from each other) at the cost of higher execution time.",
      "description": "Specifies SAX2 argument OutputFrequency, which specifies the number of data points to skip between successive sliding windows. The gap_between_windows must be an integer in the range [1, 1000]. The default value is 10. A smaller value increases accuracy (the chance of distinguishing time series from each other) at the cost of higher execution time.",
      "datatype": "INTEGER",
      "allowsLists": false,
      "rName": "sax.output.frequency",
      "useInR": true,
      "rOrderNum": 10
    },
    {
      "defaultValue": 10,
      "lowerBound": 1,
      "upperBound": 1000000,
      "lowerBoundType": "INCLUSIVE",
      "upperBoundType": "INCLUSIVE",
      "allowNaN": false,
      "name": "SaxSymbolsPerWindow",
      "alternateNames": [],
      "isRequired": false,
      "rDescription": "Specifies the ta.sax2 argument sax.symbols.perwindow, which specifies the number of ta.sax code symbols to generate from a window. The symbols_per_window must an INTEGER in the range [1, 1000000]. The default value is 10. If the symbols_per_window is greater than the length of the shortest time series in input data set (d), then its value becomes d.",
      "description": "Specifies the SAX2 argument SymbolsPerWindow, which specifies the number of SAX code symbols to generate from a window. The symbols_per_window must an INTEGER in the range [1, 1000000]. The default value is 10. If the symbols_per_window is greater than the length of the shortest time series in input data set (d), then its value becomes d.",
      "datatype": "INTEGER",
      "allowsLists": false,
      "rName": "sax.symbols.perwindow",
      "useInR": true,
      "rOrderNum": 7
    },
    {
      "defaultValue": false,
      "name": "OverwriteOutput",
      "alternateNames": [],
      "isRequired": false,
      "rDescription": "Specifies whether to overwrite output_model_table, if it exists. The default value is 'false'.",
      "description": "Specifies whether to overwrite output_model_table, if it exists. The default value is 'false'.",
      "datatype": "BOOLEAN",
      "allowsLists": false,
      "rName": "overwrite.output",
      "useInR": true,
      "rOrderNum": 11
    },
    {
      "defaultValue": 10,
      "lowerBound": 1,
      "upperBound": 40,
      "lowerBoundType": "INCLUSIVE",
      "upperBoundType": "INCLUSIVE",
      "allowNaN": false,
      "name": "RandomProjections",
      "alternateNames": [],
      "isRequired": false,
      "rDescription": "Specifies the number of iterations required for random masking of ta.sax words during shapelet training. The projections must be an INTEGER in the range [1, 40]. The default value is 10. Specifying a greater projections for a longer input time series increases the probability of identifying better shapelets at the cost of higher execution time.",
      "description": "Specifies the number of iterations required for random masking of SAX words during shapelet training. The projections must be an INTEGER in the range [1, 40]. The default value is 10. Specifying a greater projections for a longer input time series increases the probability of identifying better shapelets at the cost of higher execution time.",
      "datatype": "INTEGER",
      "allowsLists": false,
      "rName": "random.projections",
      "useInR": true,
      "rOrderNum": 12
    },
    {
      "defaultValue": 20,
      "lowerBound": 1,
      "upperBound": 100000,
      "lowerBoundType": "INCLUSIVE",
      "upperBoundType": "INCLUSIVE",
      "allowNaN": false,
      "name": "ShapeletCount",
      "alternateNames": [],
      "isRequired": false,
      "rDescription": "Specifies the maximum number of shapelets in the output model table. The num_shapelets must be an INTEGER in the range [1, 100000]. The default value is 20.",
      "description": "Specifies the maximum number of shapelets in the output model table. The num_shapelets must be an INTEGER in the range [1, 100000]. The default value is 20.",
      "datatype": "INTEGER",
      "allowsLists": false,
      "rName": "shapelet.count",
      "useInR": true,
      "rOrderNum": 13
    },
    {
      "defaultValue": 10,
      "lowerBound": 1,
      "upperBound": 1000000,
      "lowerBoundType": "INCLUSIVE",
      "upperBoundType": "INCLUSIVE",
      "allowNaN": false,
      "name": "TimeInterval",
      "alternateNames": [],
      "isRequired": false,
      "rDescription": "Specifies the number of data points in a time series to skip between consecutive time series windows when calculating the distance of a shapelet from a time series. The function builds a shapelet classification tree based on the distance of a shapelet from the time series data. Because a shapelet is typically much smaller than a complete time series, the function calculates the distance of a shapelet from a time series by sliding the shapelet across time series windows of shapelet length, calculating the distance between the shapelet and each window, and then selecting the smallest distance. The num_data_points is the number of data points to skip when sliding from one time series window to the next. The num_data_points must be an INTEGER in the range [1, 1000000]. The value 1 gives optimal results at the cost of higher execution time. The default value is 10. ",
      "description": "Specifies the number of data points in a time series to skip between consecutive time series windows when calculating the distance of a shapelet from a time series. The function builds a shapelet classification tree based on the distance of a shapelet from the time series data. Because a shapelet is typically much smaller than a complete time series, the function calculates the distance of a shapelet from a time series by sliding the shapelet across time series windows of shapelet length, calculating the distance between the shapelet and each window, and then selecting the smallest distance. The num_data_points is the number of data points to skip when sliding from one time series window to the next. The num_data_points must be an INTEGER in the range [1, 1000000]. The value 1 gives optimal results at the cost of higher execution time. The default value is 10. ",
      "datatype": "INTEGER",
      "allowsLists": false,
      "rName": "time.interval",
      "useInR": true,
      "rOrderNum": 14
    },
    {
      "defaultValue": 23,
      "lowerBound": 1,
      "upperBound": 100000,
      "lowerBoundType": "INCLUSIVE",
      "upperBoundType": "INCLUSIVE",
      "allowNaN": false,
      "name": "Seed",
      "alternateNames": [],
      "isRequired": false,
      "rDescription": "Specifies the seed value for the function to use to generate random numbers, which it uses internally. The seed must be an INTEGER in the range [1, 100000]. The default value is 23. ",
      "description": "Specifies the seed value for the function to use to generate random numbers, which it uses internally. The seed must be an INTEGER in the range [1, 100000]. The default value is 23. ",
      "datatype": "INTEGER",
      "allowsLists": false,
      "rName": "seed",
      "useInR": true,
      "rOrderNum": 15
    }
  ]
}
