{
  "json_schema_major_version": "1",
  "json_schema_minor_version": "2",
  "json_content_version": "1",
  "function_name": "Text_Parser",
  "function_version": "1.4",
  "function_type": "non-driver",
  "function_r_name": "aa.text.parser",
  "short_description": "Tokenizes document and returns counts for each unique token",
  "long_description": "Tokenizes the document and returns counts for each unique token.",
  "input_tables": [
    {
      "requiredInputKind": [
        "PartitionByAny"
      ],
      "isOrdered": false,
      "partitionByOne": false,
      "name": "input",
      "alternateNames": [],
      "isRequired": true,
      "rDescription": "The relation that contains the text to be tokenized.",
      "description": "The relation that contains the text to be tokenized.",
      "datatype": "TABLE_ALIAS",
      "allowsLists": false,
      "rName": "data",
      "useInR": true,
      "rOrderNum": 1
    }
  ],
  "argument_clauses": [
    {
      "targetTable": [
        "input"
      ],
      "checkDuplicate": true,
      "allowedTypes": [],
      "allowedTypeGroups": [
        "STRING"
      ],
      "requiredLength": 1,
      "matchLengthOfArgument": "",
      "allowPadding": true,
      "name": "TextColumn",
      "alternateNames": [],
      "isRequired": true,
      "rDescription": "Specifies the name of the input column whose contents are to be tokenized.",
      "description": "Specifies the name of the input column whose contents are to be tokenized.",
      "datatype": "COLUMNS",
      "allowsLists": false,
      "rName": "text.column",
      "useInR": true,
      "rOrderNum": 2
    },
    {
      "targetTable": [
        "input"
      ],
      "checkDuplicate": true,
      "allowedTypes": [],
      "allowedTypeGroups": [
        "ALL"
      ],
      "matchLengthOfArgument": "",
      "allowPadding": true,
      "name": "Accumulate",
      "alternateNames": [],
      "isRequired": false,
      "rDescription": "Specifies the names of the input columns to copy to the output table. By default, the function copies all input columns to the output table. Note: No accumulate_column can be the same as token_column or total_column.",
      "description": "Specifies the names of the input columns to copy to the output table. By default, the function copies all input columns to the output table. Note: No accumulate_column can be the same as token_column or total_column.",
      "datatype": "COLUMNS",
      "allowsLists": true,
      "rName": "accumulate",
      "useInR": true,
      "rOrderNum": 8
    },
    {
      "defaultValue": true,
      "name": "ToLowerCase",
      "alternateNames": [
        "CaseInsensitive"
      ],
      "isRequired": false,
      "rDescription": "Specifies whether to convert input text to lowercase. The default value is 'true'. Note: The function ignores this argument if the Stemming argument has the value 'true'.",
      "description": "Specifies whether to convert input text to lowercase. The default value is 'true'. Note: The function ignores this argument if the Stemming argument has the value 'true'.",
      "datatype": "BOOLEAN",
      "allowsLists": false,
      "rName": "to.lower.case",
      "useInR": true,
      "rOrderNum": 3
    },
    {
      "defaultValue": false,
      "name": "Stemming",
      "alternateNames": [],
      "isRequired": false,
      "rDescription": "Specifies whether to stem the tokens—that is, whether to apply the Porter2 stemming algorithm to each token to reduce it to its root form. Before stemming, the function converts the input text to lowercase and applies the remove.stop.words argument. The default value is 'false'.",
      "description": "Specifies whether to stem the tokens—that is, whether to apply the Porter2 stemming algorithm to each token to reduce it to its root form. Before stemming, the function converts the input text to lowercase and applies the RemoveStopWords argument. The default value is 'false'.",
      "datatype": "BOOLEAN",
      "allowsLists": false,
      "rName": "stemming",
      "useInR": true,
      "rOrderNum": 4
    },
    {
      "defaultValue": true,
      "name": "OutputByWord",
      "alternateNames": [],
      "isRequired": false,
      "rDescription": "Specifies whether to output each token of each input document in its own row in the output table. The default value is 'true'. If you specify 'false', then the function outputs each tokenized input document in one row of the output table.",
      "description": "Specifies whether to output each token of each input document in its own row in the output table. The default value is 'true'. If you specify 'false', then the function outputs each tokenized input document in one row of the output table.",
      "datatype": "BOOLEAN",
      "allowsLists": false,
      "rName": "output.by.word",
      "useInR": true,
      "rOrderNum": 15
    },
    {
      "permittedValues": [],
      "isOutputColumn": false,
      "name": "StemmingExceptions",
      "alternateNames": [],
      "isRequired": false,
      "rDescription": "Specifies the location of the file that contains the stemming exceptions. A stemming exception is a word followed by its stemmed form. The word and its stemmed form are separated by white space. Each stemming exception is on its own line in the file. For example: bias bias news news goods goods lying lie ugly ugli sky sky early earli The words 'lying', 'ugly', and 'early' are to become 'lie', 'ugli', and 'earli', respectively. The other words are not to change.",
      "description": "Specifies the location of the file that contains the stemming exceptions. A stemming exception is a word followed by its stemmed form. The word and its stemmed form are separated by white space. Each stemming exception is on its own line in the file. For example: bias bias news news goods goods lying lie ugly ugli sky sky early earli The words 'lying', 'ugly', and 'early' are to become 'lie', 'ugli', and 'earli', respectively. The other words are not to change.",
      "datatype": "STRING",
      "allowsLists": false,
      "rName": "stemming.exceptions",
      "useInR": true,
      "rOrderNum": 16
    },
    {
      "defaultValue": false,
      "name": "RemoveStopWords",
      "alternateNames": [],
      "isRequired": false,
      "rDescription": " Specifies whether to remove stop words from the input text before parsing. The default value is 'false'.",
      "description": " Specifies whether to remove stop words from the input text before parsing. The default value is 'false'.",
      "datatype": "BOOLEAN",
      "allowsLists": false,
      "rName": "remove.stop.words",
      "useInR": true,
      "rOrderNum": 12
    },
    {
      "permittedValues": [],
      "isOutputColumn": false,
      "name": "StopWords",
      "alternateNames": [],
      "isRequired": false,
      "rDescription": "Specifies the location of the file that contains the stop words (words to ignore when parsing text). Each stop word is on its own line in the file. For example: a an the and this with but will",
      "description": "Specifies the location of the file that contains the stop words (words to ignore when parsing text). Each stop word is on its own line in the file. For example: a an the and this with but will",
      "datatype": "STRING",
      "allowsLists": false,
      "rName": "stop.words",
      "useInR": true,
      "rOrderNum": 17
    },
    {
      "permittedValues": [],
      "defaultValue": "[ \t\f\r\n]+",
      "isOutputColumn": false,
      "name": "Delimiter",
      "alternateNames": [],
      "isRequired": false,
      "rDescription": "Specifies a regular expression that represents the word delimiter. The default value is '[\t\b\f\r]+').",
      "description": "Specifies a regular expression that represents the word delimiter. The default value is '[\t\b\f\r]+').",
      "datatype": "STRING",
      "allowsLists": false,
      "rName": "delimiter",
      "useInR": true,
      "rOrderNum": 5
    },
    {
      "defaultValue": false,
      "name": "TotalWordsNum",
      "alternateNames": [
        "Total"
      ],
      "isRequired": false,
      "rDescription": "Specifies whether to output a column that contains the total number of words in the input document. The default value is 'false'.",
      "description": "Specifies whether to output a column that contains the total number of words in the input document. The default value is 'false'.",
      "datatype": "BOOLEAN",
      "allowsLists": false,
      "rName": "total.words.num",
      "useInR": true,
      "rOrderNum": 6
    },
    {
      "permittedValues": [],
      "defaultValue": "[.,!?]",
      "isOutputColumn": false,
      "name": "Punctuation",
      "alternateNames": [],
      "isRequired": false,
      "rDescription": "Specifies a regular expression that represents the punctuation characters to remove from the input text. With stemming ('true'), the recommended value is '[\\\\\\[.,?!:;~()\\\\\\]]+'. The default value is '[.,!?]'.",
      "description": "Specifies a regular expression that represents the punctuation characters to remove from the input text. With Stemming ('true'), the recommended value is '[\\\\\\[.,?!:;~()\\\\\\]]+'. The default value is '[.,!?]'.",
      "datatype": "STRING",
      "allowsLists": false,
      "rName": "punctuation",
      "useInR": true,
      "rOrderNum": 7
    },
    {
      "defaultValue": false,
      "name": "ListPositions",
      "alternateNames": [],
      "isRequired": false,
      "rDescription": "Specifies whether to output the position of a word in list form. The default value is 'false', which causes the function to output a row for each occurrence of the word. Note: The function ignores this argument if the output.by.word argument has the value 'false'.",
      "description": "Specifies whether to output the position of a word in list form. The default value is 'false', which causes the function to output a row for each occurrence of the word. Note: The function ignores this argument if the OutputByWord argument has the value 'false'.",
      "datatype": "BOOLEAN",
      "allowsLists": false,
      "rName": "list.positions",
      "useInR": true,
      "rOrderNum": 14
    },
    {
      "permittedValues": [],
      "defaultValue": "token",
      "isOutputColumn": true,
      "name": "TokenColumn",
      "alternateNames": [
        "TokenColumnName"
      ],
      "isRequired": false,
      "rDescription": "Specifies the name of the output column that contains the tokens. The default value is 'token'.",
      "description": "Specifies the name of the output column that contains the tokens. The default value is 'token'.",
      "datatype": "STRING",
      "allowsLists": false,
      "rName": "token.column",
      "useInR": true,
      "rOrderNum": 9
    },
    {
      "permittedValues": [],
      "defaultValue": "frequency",
      "isOutputColumn": true,
      "name": "FrequencyColumn",
      "alternateNames": [
        "FrequencyColumnName"
      ],
      "isRequired": false,
      "rDescription": "Specifies the name of the output column that contains the frequency of each token. The default value is 'frequency'. Note: The function ignores this argument if the output.by.word argument has the value 'false'.",
      "description": "Specifies the name of the output column that contains the frequency of each token. The default value is 'frequency'. Note: The function ignores this argument if the OutputByWord argument has the value 'false'.",
      "datatype": "STRING",
      "allowsLists": false,
      "rName": "frequency.column",
      "useInR": true,
      "rOrderNum": 10
    },
    {
      "permittedValues": [],
      "defaultValue": "total_count",
      "isOutputColumn": true,
      "name": "TotalColumn",
      "alternateNames": [
        "TotalColumnName"
      ],
      "isRequired": false,
      "rDescription": "Specifies the name of the output column that contains the total number of words in the input document. The default value is 'total_count'.",
      "description": "Specifies the name of the output column that contains the total number of words in the input document. The default value is 'total_count'.",
      "datatype": "STRING",
      "allowsLists": false,
      "rName": "total.column",
      "useInR": true,
      "rOrderNum": 11
    },
    {
      "permittedValues": [],
      "defaultValue": "position",
      "isOutputColumn": true,
      "name": "PositionColumn",
      "alternateNames": [
        "PositionColumnName"
      ],
      "isRequired": false,
      "rDescription": "Specifies the name of the output column that contains the position of a word within a document. The default value is 'position'.",
      "description": "Specifies the name of the output column that contains the position of a word within a document. The default value is 'position'.",
      "datatype": "STRING",
      "allowsLists": false,
      "rName": "position.column",
      "useInR": true,
      "rOrderNum": 13
    }
  ]
}
