{
  "json_schema_major_version": "1",
  "json_schema_minor_version": "2",
  "json_content_version": "1",
  "function_name": "TextMorph",
  "function_version": "1.3",
  "function_type": "non-driver",
  "function_r_name": "aa.text.morph",
  "short_description": "Output the baseform (lemma) of the input words/phrases.",
  "long_description": "Output the baseform (lemma) of the input words/phrases. The input should contain one word/phrase per tuple in WordColumn. The output schema is (morph varchar, pos varchar).",
  "input_tables": [
    {
      "requiredInputKind": [
        "PartitionByAny"
      ],
      "isOrdered": false,
      "partitionByOne": false,
      "name": "input",
      "alternateNames": [],
      "isRequired": true,
      "rDescription": "The input table that contains the input words/phrases. ",
      "description": "The input table that contains the input words/phrases. ",
      "datatype": "TABLE_ALIAS",
      "allowsLists": false,
      "rName": "data",
      "useInR": true,
      "rOrderNum": 1
    }
  ],
  "argument_clauses": [
    {
      "targetTable": [
        "input"
      ],
      "checkDuplicate": true,
      "allowedTypes": [
        "bytea"
      ],
      "allowedTypeGroups": [
        "STRING"
      ],
      "requiredLength": 1,
      "matchLengthOfArgument": "",
      "allowPadding": true,
      "name": "WordColumn",
      "alternateNames": [],
      "isRequired": true,
      "rDescription": "Specifies the name of the input table column that contains the words.",
      "description": "Specifies the name of the input table column that contains the words.",
      "datatype": "COLUMNS",
      "allowsLists": false,
      "rName": "word.column",
      "useInR": true,
      "rOrderNum": 2
    },
    {
      "targetTable": [
        "input"
      ],
      "checkDuplicate": true,
      "allowedTypes": [
        "bytea"
      ],
      "allowedTypeGroups": [
        "STRING"
      ],
      "requiredLength": 1,
      "matchLengthOfArgument": "",
      "allowPadding": true,
      "name": "POSTagColumn",
      "alternateNames": [],
      "isRequired": false,
      "rDescription": "Specifies the name of the input table column that contains the part-of-speech (POS) tags of thewords, generated by the function.",
      "description": "Specifies the name of the input table column that contains the part-of-speech (POS) tags of thewords, generated by the function.",
      "datatype": "COLUMNS",
      "allowsLists": false,
      "rName": " postag.column",
      "useInR": true,
      "rOrderNum": 3
    },
    {
      "targetTable": [
        "input"
      ],
      "checkDuplicate": true,
      "allowedTypes": [],
      "allowedTypeGroups": [
        "ALL"
      ],
      "matchLengthOfArgument": "",
      "allowPadding": true,
      "name": "Accumulate",
      "alternateNames": [],
      "isRequired": false,
      "rDescription": "Specifies the names of the input columns to copy to the output table.",
      "description": "Specifies the names of the input columns to copy to the output table.",
      "datatype": "COLUMNS",
      "allowsLists": true,
      "rName": "accumulate",
      "useInR": true,
      "rOrderNum": 6
    },
    {
      "defaultValue": true,
      "name": "SingleOutput",
      "alternateNames": [],
      "isRequired": false,
      "rDescription": "Specifies whether to output only one morph for each word. The default value is 'true'. If you specify 'false', the function outputs all morphs for each word.",
      "description": "Specifies whether to output only one morph for each word. The default value is 'true'. If you specify 'false', the function outputs all morphs for each word.",
      "datatype": "BOOLEAN",
      "allowsLists": false,
      "rName": "single.output",
      "useInR": true,
      "rOrderNum": 4
    },
    {
      "permittedValues": [
        "NOUN",
        "VERB",
        "ADJ",
        "ADV"
      ],
      "isOutputColumn": false,
      "matchLengthOfArgument": "",
      "allowPadding": true,
      "name": "POS",
      "alternateNames": [],
      "isRequired": false,
      "rDescription": "Specifies the parts of speech to output. A pos can be 'noun', 'verb', 'adj', or 'adv'. Specification order is irrelevant; the order of precedence is: 'noun', 'verb', 'adj', 'adv'. By default, the function outputs all parts of speech. If you specify this argument and SingleOutput ('true'), then the function outputs only the first pos. Note: The function does not determine the part of speech of the word from its context, it uses all possible parts of speech for the word in the dictionary.",
      "description": "Specifies the parts of speech to output. A pos can be 'noun', 'verb', 'adj', or 'adv'. Specification order is irrelevant; the order of precedence is: 'noun', 'verb', 'adj', 'adv'. By default, the function outputs all parts of speech. If you specify this argument and SingleOutput ('true'), then the function outputs only the first pos. Note: The function does not determine the part of speech of the word from its context, it uses all possible parts of speech for the word in the dictionary.",
      "datatype": "STRING",
      "allowsLists": true,
      "rName": "pos",
      "useInR": true,
      "rOrderNum": 5
    }
  ]
}
