{
  "json_schema_major_version": "1",
  "json_schema_minor_version": "2",
  "json_content_version": "1",
  "function_name": "TF_IDF",
  "function_version": "2.2",
  "function_type": "non-driver",
  "function_r_name": "aa.tf.idf",
  "ref_function_r_name": "aa.tf",
  "short_description": "SQL/MR function for Term Frequency * Inverse Document Frequency.",
  "long_description": "Compute term frequency * inverse document frequency. The function can be used in two ways: 1. Compute 'IDF' and 'TF_IDF' value. Need two or three input tables in the case: 1). 'tf' table with schema (docid datatype, term varchar, tf double, count int) or (docid datatype, term varchar, tf double). 2). 'doccount' table with schema (count bigint). 3). An optional input: 'docperterm' table with schema (term varchar, count bigint).2. Compute 'TF_IDF' value for the prediction function. Also need two input tables: 1). 'tf' table same as 1. 2). 'idf' table with schema (term varchar, idf double). ",
  "input_tables": [
    {
      "requiredInputKind": [
        "PartitionByKey"
      ],
      "isOrdered": false,
      "partitionByOne": false,
      "name": "tf",
      "alternateNames": [],
      "isRequired": true,
      "rDescription": "'tf' table that contains the tf values.",
      "description": "'tf' table that contains the tf values.",
      "datatype": "TABLE_ALIAS",
      "allowsLists": false,
      "rName": "object",
      "useInR": true,
      "rOrderNum": 1
    },
    {
      "requiredInputKind": [
        "Dimension"
      ],
      "isOrdered": false,
      "partitionByOne": false,
      "name": "doccount",
      "alternateNames": [],
      "isRequired": false,
      "rDescription": "'doccount' table that contains the total number of documents. ",
      "description": "'doccount' table that contains the total number of documents. ",
      "datatype": "TABLE_ALIAS",
      "allowsLists": false,
      "rName": "doccount.data",
      "useInR": true,
      "rOrderNum": 2
    },
    {
      "requiredInputKind": [
        "PartitionByKey"
      ],
      "isOrdered": false,
      "partitionByOne": false,
      "name": "docperterm",
      "alternateNames": [],
      "isRequired": false,
      "rDescription": "'docperterm' table that contains the total number of documents that each term appears. ",
      "description": "'docperterm' table that contains the total number of documents that each term appears. ",
      "datatype": "TABLE_ALIAS",
      "allowsLists": false,
      "rName": "docperterm.data",
      "useInR": true,
      "rOrderNum": 3
    },
    {
      "requiredInputKind": [
        "PartitionByKey"
      ],
      "isOrdered": false,
      "partitionByOne": false,
      "name": "idf",
      "alternateNames": [],
      "isRequired": false,
      "rDescription": "'idf' table that contains the idf values that the predict process outputs. ",
      "description": "'idf' table that contains the idf values that the predict process outputs. ",
      "datatype": "TABLE_ALIAS",
      "allowsLists": false,
      "rName": "idf.data",
      "useInR": true,
      "rOrderNum": 4
    }
  ]
}
