{
  "json_schema_major_version": "1",
  "json_schema_minor_version": "2",
  "json_content_version": "1",
  "function_name": "UnsupervisedShapelet",
  "function_version": "1.1",
  "function_type": "driver",
  "function_r_name": "aa.unsupervised.shapelet",
  "short_description": "The function is used to cluster timeseries.",
  "long_description": "The function is used to cluster timeseries using scalable unsupervised shapelet algorithm.",
  "argument_clauses": [
    {
      "permittedValues": [],
      "isOutputColumn": false,
      "name": "Domain",
      "alternateNames": [],
      "isRequired": false,
      "rDescription": "The address of the Queen. The host parameter is the Aster Database Queen’s IP address or hostname.",
      "description": "The address of the Queen. The host parameter is the Aster Database Queen’s IP address or hostname.",
      "datatype": "DRIVER",
      "allowsLists": false,
      "useInR": false,
      "rOrderNum": 0
    },
    {
      "permittedValues": [],
      "isOutputColumn": false,
      "name": "Database",
      "alternateNames": [],
      "isRequired": false,
      "rDescription": "The name of the database where the input table is located.",
      "description": "The name of the database where the input table is located.",
      "datatype": "DRIVER",
      "allowsLists": false,
      "useInR": false,
      "rOrderNum": 0
    },
    {
      "permittedValues": [],
      "isOutputColumn": false,
      "name": "UserId",
      "alternateNames": [],
      "isRequired": false,
      "rDescription": "The Aster Database user name of the user running this function.",
      "description": "The Aster Database user name of the user running this function.",
      "datatype": "DRIVER",
      "allowsLists": false,
      "useInR": false,
      "rOrderNum": 0
    },
    {
      "permittedValues": [],
      "isOutputColumn": false,
      "name": "Password",
      "alternateNames": [],
      "isRequired": false,
      "rDescription": "The Aster Database password of the user.",
      "description": "The Aster Database password of the user.",
      "datatype": "DRIVER",
      "allowsLists": false,
      "useInR": false,
      "rOrderNum": 0
    },
    {
      "permittedValues": [],
      "isOutputColumn": false,
      "name": "SSLSettings",
      "alternateNames": [],
      "isRequired": false,
      "rDescription": "A string that includes all the SSL settings, except the password for the truststore.",
      "description": "A string that includes all the SSL settings, except the password for the truststore.",
      "datatype": "DRIVER",
      "allowsLists": false,
      "useInR": false,
      "rOrderNum": 0
    },
    {
      "permittedValues": [],
      "isOutputColumn": false,
      "name": "SSLTrustStorePassword",
      "alternateNames": [],
      "isRequired": false,
      "rDescription": "The password for the SSL truststore.",
      "description": "The password for the SSL truststore.",
      "datatype": "DRIVER",
      "allowsLists": false,
      "useInR": false,
      "rOrderNum": 0
    },
    {
      "isOutputTable": false,
      "name": "InputTable",
      "alternateNames": [],
      "isRequired": true,
      "rDescription": "Specifies the name of the table that contains the input data.",
      "description": "Specifies the name of the table that contains the input data.",
      "datatype": "TABLE_NAME",
      "allowsLists": false,
      "rName": "data",
      "useInR": true,
      "rOrderNum": 1
    },
    {
      "isOutputTable": true,
      "defaultValue": "output_table",
      "name": "OutputTable",
      "alternateNames": [],
      "isRequired": false,
      "rDescription": "Specifies the name for the output table that the function creates. The default name is output_table.",
      "description": "Specifies the name for the output table that the function creates. The default name is output_table.",
      "datatype": "TABLE_NAME",
      "allowsLists": false,
      "rName": "output.table",
      "useInR": true,
      "rOrderNum": 100
    },
    {
      "targetTable": [
        "InputTable"
      ],
      "checkDuplicate": true,
      "allowedTypes": [],
      "allowedTypeGroups": [
        "ALL"
      ],
      "requiredLength": 1,
      "matchLengthOfArgument": "",
      "allowPadding": true,
      "name": "ID",
      "alternateNames": [],
      "isRequired": true,
      "rDescription": "Specifies the name of the input table column that contains the unique identity of a time series.",
      "description": "Specifies the name of the input table column that contains the unique identity of a time series.",
      "datatype": "COLUMN_NAMES",
      "allowsLists": false,
      "rName": "id",
      "useInR": true,
      "rOrderNum": 8
    },
    {
      "targetTable": [
        "InputTable"
      ],
      "checkDuplicate": true,
      "allowedTypes": [],
      "allowedTypeGroups": [
        "ALL"
      ],
      "requiredLength": 1,
      "matchLengthOfArgument": "",
      "allowPadding": true,
      "name": "TimeColumn",
      "alternateNames": [],
      "isRequired": true,
      "rDescription": "Specifies the name of the input table column that contains the time series.",
      "description": "Specifies the name of the input table column that contains the time series.",
      "datatype": "COLUMN_NAMES",
      "allowsLists": false,
      "rName": "time.column",
      "useInR": true,
      "rOrderNum": 3
    },
    {
      "targetTable": [
        "InputTable"
      ],
      "checkDuplicate": true,
      "allowedTypes": [],
      "allowedTypeGroups": [
        "ALL"
      ],
      "requiredLength": 1,
      "matchLengthOfArgument": "",
      "allowPadding": true,
      "name": "ValueColumn",
      "alternateNames": [],
      "isRequired": true,
      "rDescription": "Specifies the name of the input table column that contains the data point values.",
      "description": "Specifies the name of the input table column that contains the data point values.",
      "datatype": "COLUMN_NAMES",
      "allowsLists": false,
      "rName": "value.column",
      "useInR": true,
      "rOrderNum": 4
    },
    {
      "lowerBound": 1,
      "upperBound": 1000000,
      "lowerBoundType": "INCLUSIVE",
      "upperBoundType": "INCLUSIVE",
      "allowNaN": false,
      "name": "SAXWindowSize",
      "alternateNames": [],
      "isRequired": true,
      "rDescription": "Specifies the ta.sax2 argument sax.window.size, which specifies the size of the sliding window. The window_size must be an INTEGER in the range [1, 1000000].",
      "description": "Specifies the SAX2 argument WindowSize, which specifies the size of the sliding window. The window_size must be an INTEGER in the range [1, 1000000].",
      "datatype": "INTEGER",
      "allowsLists": false,
      "rName": "sax.window.size",
      "useInR": true,
      "rOrderNum": 5
    },
    {
      "defaultValue": 1,
      "lowerBound": 0,
      "upperBound": 1000,
      "lowerBoundType": "EXCLUSIVE",
      "upperBoundType": "INCLUSIVE",
      "allowNaN": false,
      "name": "SAXOutputFrequency",
      "alternateNames": [],
      "isRequired": false,
      "rDescription": "Specifies the ta.sax2 argument sax.output.frequency, which specifies the number of data points to skip between successive sliding windows. The gap_between_windows must be an integer in the range [1, 1000]. The default value is 1. A smaller value increases accuracy (the chance of distinguishing time series from each other) at the cost of higher execution time. ",
      "description": "Specifies the SAX2 argument OutputFrequency, which specifies the number of data points to skip between successive sliding windows. The gap_between_windows must be an integer in the range [1, 1000]. The default value is 1. A smaller value increases accuracy (the chance of distinguishing time series from each other) at the cost of higher execution time. ",
      "datatype": "INTEGER",
      "allowsLists": false,
      "rName": "sax.output.frequency",
      "useInR": true,
      "rOrderNum": 7
    },
    {
      "defaultValue": 10,
      "lowerBound": 0,
      "upperBound": 30,
      "lowerBoundType": "EXCLUSIVE",
      "upperBoundType": "INCLUSIVE",
      "allowNaN": false,
      "name": "RandomProjections",
      "alternateNames": [],
      "isRequired": false,
      "rDescription": "Specifies the number of iterations required for random masking of ta.sax words during u_shapelets selection. The projections must be an INTEGER in the range [1, 30]. The default value is 10. Specifying a greater projections for a longer input time series increases the probability of identifying better u_shapelets at the cost of higher execution time.",
      "description": "Specifies the number of iterations required for random masking of SAX words during u_shapelets selection. The projections must be an INTEGER in the range [1, 30]. The default value is 10. Specifying a greater projections for a longer input time series increases the probability of identifying better u_shapelets at the cost of higher execution time.",
      "datatype": "INTEGER",
      "allowsLists": false,
      "rName": "random.projections",
      "useInR": true,
      "rOrderNum": 9
    },
    {
      "lowerBound": 1,
      "upperBound": 2147483647,
      "lowerBoundType": "INCLUSIVE",
      "upperBoundType": "INCLUSIVE",
      "allowNaN": false,
      "name": "SaxSymbolsPerWindow",
      "alternateNames": [],
      "isRequired": false,
      "rDescription": "Specifies the ta.sax2 argument sax.symbols.perwindow, which specifies the number of ta.sax code symbols to generate from a window. The symbols_per_window must an INTEGER in the range [1, 1000000]. If symbols_per_window is greater than window_size, the function changes symbols_per_window to window_size. By default, symbols_per_window is the same as window_size",
      "description": "Specifies the SAX2 argument SymbolsPerWindow, which specifies the number of SAX code symbols to generate from a window. The symbols_per_window must an INTEGER in the range [1, 1000000]. If symbols_per_window is greater than window_size, the function changes symbols_per_window to window_size. By default, symbols_per_window is the same as window_size",
      "datatype": "INTEGER",
      "allowsLists": false,
      "rName": "sax.symbols.perwindow",
      "useInR": true,
      "rOrderNum": 6
    },
    {
      "defaultValue": false,
      "name": "OverwriteOutput",
      "alternateNames": [],
      "isRequired": false,
      "rDescription": "Specifies whether to overwrite output_table, if it exists. The default value is 'false'.",
      "description": "Specifies whether to overwrite output_table, if it exists. The default value is 'false'.",
      "datatype": "BOOLEAN",
      "allowsLists": false,
      "rName": "overwrite.output",
      "useInR": true,
      "rOrderNum": 2
    },
    {
      "defaultValue": 0.5,
      "lowerBound": 0,
      "upperBound": 1,
      "lowerBoundType": "EXCLUSIVE",
      "upperBoundType": "EXCLUSIVE",
      "allowNaN": false,
      "name": "Threshold",
      "alternateNames": [],
      "isRequired": false,
      "rDescription": "Specifies the value at which an iteration stops and the function stops. The iteration i ends when scorei / scorei-1 is less than threshold. The threshold must be a DOUBLE PRECISION value in the range (0, 1). The default value is 0.5.",
      "description": "Specifies the value at which an iteration stops and the function stops. The iteration i ends when scorei / scorei-1 is less than threshold. The threshold must be a DOUBLE PRECISION value in the range (0, 1). The default value is 0.5.",
      "datatype": "DOUBLE",
      "allowsLists": false,
      "rName": "threshold",
      "useInR": true,
      "rOrderNum": 10
    },
    {
      "defaultValue": 10,
      "lowerBound": 0,
      "upperBound": 50,
      "lowerBoundType": "EXCLUSIVE",
      "upperBoundType": "INCLUSIVE",
      "allowNaN": false,
      "name": "MaxNumIter",
      "alternateNames": [],
      "isRequired": false,
      "rDescription": "Specifies the number of iterations at which the function stops. The max_iterations must be an INTEGER in the range [1, 50]. The default value is 10.",
      "description": "Specifies the number of iterations at which the function stops. The max_iterations must be an INTEGER in the range [1, 50]. The default value is 10.",
      "datatype": "INTEGER",
      "allowsLists": false,
      "rName": "max.num.iter",
      "useInR": true,
      "rOrderNum": 11
    },
    {
      "defaultValue": 0.1,
      "lowerBound": 0,
      "upperBound": 1,
      "lowerBoundType": "EXCLUSIVE",
      "upperBoundType": "INCLUSIVE",
      "allowNaN": false,
      "name": "ShapeletCutOff",
      "alternateNames": [],
      "isRequired": false,
      "rDescription": "Specifies the percentage of u-shapelets to use. The cut_off must be a DOUBLE PRECISION value in the range (0, 1]. The default value is 0.1 (10%).",
      "description": "Specifies the percentage of u-shapelets to use. The cut_off must be a DOUBLE PRECISION value in the range (0, 1]. The default value is 0.1 (10%).",
      "datatype": "DOUBLE",
      "allowsLists": false,
      "rName": "shapelet.cut.off",
      "useInR": true,
      "rOrderNum": 12
    }
  ]
}
