{
  "json_schema_major_version": "1",
  "json_schema_minor_version": "2",
  "json_content_version": "2",
  "function_name": "VARMAX",
  "function_version": "1.2",
  "function_type": "non-driver",
  "function_r_name": "aa.varmax",
  "short_description": "Estimate the parameters for given VARMAX model.",
  "long_description": "Estimate the parameters for given VARMAX model based on conditional sum of squares method. Then predict future values based on it up on request. User should provide the orders (number of parameters for each part) and period of the model, the function will estimate the parameters with least CSS accordingly.",
  "input_tables": [
    {
      "requiredInputKind": [
        "PartitionByKey"
      ],
      "isOrdered": true,
      "partitionByOne": false,
      "name": "input",
      "alternateNames": [],
      "isRequired": true,
      "rDescription": "The table or view stores the input sequence.",
      "description": "The table or view stores the input sequence.",
      "datatype": "TABLE_ALIAS",
      "allowsLists": false,
      "rName": "data",
      "useInR": true,
      "rOrderNum": 1
    }
  ],
  "argument_clauses": [
    {
      "targetTable": [
        "input"
      ],
      "checkDuplicate": true,
      "allowedTypes": [],
      "allowedTypeGroups": [
        "NUMERIC"
      ],
      "matchLengthOfArgument": "",
      "allowPadding": true,
      "name": "ResponseColumns",
      "alternateNames": [],
      "isRequired": true,
      "rDescription": "Specifies the columns containing the response data. Null values are acceptable at the end of the series. If step.ahead is specified, the function will report predicted values for the missing values, taking into account values from the predictor columns for those time periods.",
      "description": "Specifies the columns containing the response data. Null values are acceptable at the end of the series. If StepAhead is specified, the function will report predicted values for the missing values, taking into account values from the predictor columns for those time periods.",
      "datatype": "COLUMNS",
      "allowsLists": true,
      "rName": "response.columns",
      "useInR": true,
      "rOrderNum": 2
    },
    {
      "targetTable": [
        "input"
      ],
      "checkDuplicate": true,
      "allowedTypes": [],
      "allowedTypeGroups": [
        "NUMERIC"
      ],
      "matchLengthOfArgument": "",
      "allowPadding": true,
      "name": "ExogenousColumns",
      "alternateNames": [],
      "isRequired": false,
      "rDescription": "Specifies the columns containing the independent (exogenous) predictors. If not specified, the model will be calculated without exogenous vectors.",
      "description": "Specifies the columns containing the independent (exogenous) predictors. If not specified, the model will be calculated without exogenous vectors.",
      "datatype": "COLUMNS",
      "allowsLists": true,
      "rName": "exogenous.columns",
      "useInR": true,
      "rOrderNum": 3
    },
    {
      "targetTable": [
        "input"
      ],
      "checkDuplicate": true,
      "allowedTypes": [],
      "allowedTypeGroups": [
        "ALL"
      ],
      "matchLengthOfArgument": "",
      "allowPadding": true,
      "name": "PartitionColumns",
      "alternateNames": [],
      "isRequired": false,
      "rDescription": "Specifies the partition columns that will be passed to the output. If not specified, the output will not contain partition columns.",
      "description": "Specifies the partition columns that will be passed to the output. If not specified, the output will not contain partition columns.",
      "datatype": "COLUMNS",
      "allowsLists": true,
      "rName": "partition.columns",
      "useInR": true,
      "rOrderNum": 4
    },
    {
      "permittedValues": [],
      "isOutputColumn": false,
      "name": "Orders",
      "alternateNames": [],
      "isRequired": true,
      "rDescription": "Specify the parameters p,d,q for VARMA model. This argument consists of 3 non-negative int values separated by commas. It should be three non-negative int values separated by commas. Those values should be between 0 and 20 inclusive.",
      "description": "Specify the parameters p,d,q for VARMA model. This argument consists of 3 non-negative int values separated by commas. It should be three non-negative int values separated by commas. Those values should be between 0 and 20 inclusive.",
      "datatype": "STRING",
      "allowsLists": false,
      "rName": "orders",
      "useInR": true,
      "rOrderNum": 5
    },
    {
      "permittedValues": [
        "SSE",
        "ML"
      ],
      "defaultValue": "SSE",
      "isOutputColumn": false,
      "name": "Method",
      "alternateNames": [],
      "isRequired": false,
      "rDescription": "Specifies the method for fitting the model parameters: SSE (Default): Sum of squared error. ML: Maximum likelihood",
      "description": "Specifies the method for fitting the model parameters: SSE (Default): Sum of squared error. ML: Maximum likelihood",
      "datatype": "STRING",
      "allowsLists": false,
      "rName": "method",
      "useInR": true,
      "rOrderNum": 13
    },
    {
      "permittedValues": [],
      "isOutputColumn": false,
      "name": "SeasonalOrders",
      "alternateNames": [],
      "isRequired": false,
      "rDescription": "Specify seasonal parameters sp,sd,sq for VARMA model. This argument consists of 3 non-negative integer values separated by commas. Those values should be between 0 and 20 inclusive.If not specified, the model will be treated as a non-seasonal model.If the seasonal.orders argument is used, the period argument should also be present.",
      "description": "Specify seasonal parameters sp,sd,sq for VARMA model. This argument consists of 3 non-negative integer values separated by commas. Those values should be between 0 and 20 inclusive.If not specified, the model will be treated as a non-seasonal model.If the SeasonalOrders argument is used, the Period argument should also be present.",
      "datatype": "STRING",
      "allowsLists": false,
      "rName": "seasonal.orders",
      "useInR": true,
      "rOrderNum": 6
    },
    {
      "lowerBound": 0,
      "upperBound": 1000000,
      "lowerBoundType": "EXCLUSIVE",
      "upperBoundType": "INCLUSIVE",
      "allowNaN": false,
      "name": "Period",
      "alternateNames": [],
      "isRequired": false,
      "rDescription": "Specifies the period of each season. Must be a positive integer value. If the period argument is used, the seasonal.orders argument must also be present. If not specified, the model will be treated as a non-seasonal model. ",
      "description": "Specifies the period of each season. Must be a positive integer value. If the Period argument is used, the SeasonalOrders argument must also be present. If not specified, the model will be treated as a non-seasonal model. ",
      "datatype": "INTEGER",
      "allowsLists": false,
      "rName": "period",
      "useInR": true,
      "rOrderNum": 7
    },
    {
      "lowerBound": 0,
      "upperBound": 2147483647,
      "lowerBoundType": "EXCLUSIVE",
      "upperBoundType": "INCLUSIVE",
      "allowNaN": false,
      "name": "ExogenousOrder",
      "alternateNames": [],
      "isRequired": false,
      "rDescription": "Specifies the order of exogenous variables. If the current time is t and exogenous.order isb, the following values of the exogenous time series will be used in calculating the response: Xt Xt-1 ... Xt-b+1. If not specified, the model will be calculated without exogenous vectors. ",
      "description": "Specifies the order of exogenous variables. If the current time is t and ExogenousOrder isb, the following values of the exogenous time series will be used in calculating the response: Xt Xt-1 ... Xt-b+1. If not specified, the model will be calculated without exogenous vectors. ",
      "datatype": "INTEGER",
      "allowsLists": false,
      "rName": "exogenous.order",
      "useInR": true,
      "rOrderNum": 8
    },
    {
      "defaultValue": false,
      "name": "IncludeMean",
      "alternateNames": [],
      "isRequired": false,
      "rDescription": "Specify whether mean vector of the response data series (constant c in the formula) is added in the VARMA model. Default value is False. Note that if this argument is True, the difference parameters d (in the orders argument) and sd (in the seasonal.orders argument) should be 0.",
      "description": "Specify whether mean vector of the response data series (constant c in the formula) is added in the VARMA model. Default value is False. Note that if this argument is True, the difference parameters d (in the Orders argument) and sd (in the SeasonalOrders argument) should be 0.",
      "datatype": "BOOLEAN",
      "allowsLists": false,
      "rName": "include.mean",
      "useInR": true,
      "rOrderNum": 10
    },
    {
      "defaultValue": 0,
      "lowerBound": 0,
      "upperBound": 2147483647,
      "lowerBoundType": "INCLUSIVE",
      "upperBoundType": "INCLUSIVE",
      "allowNaN": false,
      "name": "Lag",
      "alternateNames": [],
      "isRequired": false,
      "rDescription": "Specifies the lag in the effect of the exogenous variables on the response variables. For example, if lag = 3, and exogenous.order is b, Yi will be predicted based on Xi-3 to Xi-b-2. Default value is 0.",
      "description": "Specifies the lag in the effect of the exogenous variables on the response variables. For example, if Lag = 3, and ExogenousOrder is b, Yi will be predicted based on Xi-3 to Xi-b-2. Default value is 0. ",
      "datatype": "INTEGER",
      "allowsLists": false,
      "rName": "lag",
      "useInR": true,
      "rOrderNum": 9
    },
    {
      "defaultValue": 100,
      "lowerBound": 0,
      "upperBound": 2147483647,
      "lowerBoundType": "EXCLUSIVE",
      "upperBoundType": "INCLUSIVE",
      "allowNaN": false,
      "name": "MaxIterNum",
      "alternateNames": [],
      "isRequired": false,
      "rDescription": "A positive integer value. The maximum number of iterations performed. Default value is 100.",
      "description": "A positive integer value. The maximum number of iterations performed. Default value is 100.",
      "datatype": "INTEGER",
      "allowsLists": false,
      "rName": "max.iter.num",
      "useInR": true,
      "rOrderNum": 11
    },
    {
      "lowerBound": 0,
      "upperBound": 2147483647,
      "lowerBoundType": "EXCLUSIVE",
      "upperBoundType": "INCLUSIVE",
      "allowNaN": false,
      "name": "StepAhead",
      "alternateNames": [],
      "isRequired": false,
      "rDescription": "A positive integer value. The number of steps to forecast after the end of the time series. If not provided, no forecast values are calculated.",
      "description": "A positive integer value. The number of steps to forecast after the end of the time series. If not provided, no forecast values are calculated.",
      "datatype": "INTEGER",
      "allowsLists": false,
      "rName": "step.ahead",
      "useInR": true,
      "rOrderNum": 12
    }
  ]
}
