{
  "type": "CustomCode_ClusterAster_7",
  "neverRecomputeExistingPartitions": false,
  "optionalDependencies": false,
  "params": {
    "customConfig": {
      "category": "Cluster Analysis",
      "distribution": "dimension",
      "function": {
        "isOrdered": false,
        "asterarguments": "",
        "isQueryMode": false,
        "unaliased_inputs": {
          "count": 0.0,
          "values": [],
          "desc": {}
        },
        "required_input": [
          {
            "isOrdered": false,
            "name": "testdata",
            "inputKindChoices": [
              "PartitionByKey"
            ],
            "kind": "PartitionByKey",
            "value": "gmm_iris_test",
            "orderByColumn": [
              ""
            ],
            "isRequired": true,
            "partitionAttributes": [
              "id"
            ]
          },
          {
            "isOrdered": false,
            "name": "modeldata",
            "inputKindChoices": [
              "Dimension"
            ],
            "kind": "Dimension",
            "value": "gmm_output_ex1",
            "orderByColumn": [
              ""
            ],
            "isRequired": true,
            "partitionAttributes": [
              ""
            ]
          }
        ],
        "name": "GMMPREDICT",
        "partitionInputKind": [],
        "orderByColumn": [],
        "partitionAttributes": [],
        "arguments": [
          {
            "allowsLists": true,
            "name": "ACCUMULATE",
            "datatype": "COLUMNS",
            "targetTable": [
              "testdata"
            ],
            "value": "",
            "isRequired": false,
            "i": 0.0
          },
          {
            "allowsLists": true,
            "name": "ATTRIBUTES",
            "datatype": "COLUMNS",
            "targetTable": [
              "testdata"
            ],
            "value": "",
            "isRequired": false,
            "i": 1.0
          },
          {
            "allowsLists": true,
            "name": "IDCOLUMN",
            "datatype": "COLUMNS",
            "targetTable": [
              "testdata"
            ],
            "value": "",
            "isRequired": false,
            "i": 2.0
          },
          {
            "allowsLists": false,
            "name": "OUTPUTFORMAT",
            "datatype": "STRING",
            "value": "sparse",
            "isRequired": false,
            "permittedValues": [
              "dense",
              "sparse"
            ],
            "i": 3.0
          },
          {
            "datatype": "INTEGER",
            "isRequired": false,
            "allowsLists": false,
            "name": "TOPNCLUSTERS",
            "value": "3",
            "i": 4.0
          },
          {
            "datatype": "BOOLEAN",
            "isRequired": false,
            "allowsLists": false,
            "name": "PRINTLOGLIKELIHOOD",
            "value": false,
            "i": 5.0
          }
        ],
        "queries": [],
        "hasInputTable": true,
        "function_version": "1.2"
      }
    }
  },
  "customMeta": {
    "kv": {}
  },
  "redispatchPartitioning": false,
  "maxRunningActivities": 0,
  "inputs": {
    "main": {
      "items": [
        {
          "ref": "gmm_output_ex1",
          "deps": []
        },
        {
          "ref": "gmm_iris_test",
          "deps": []
        }
      ]
    }
  },
  "outputs": {
    "main": {
      "items": [
        {
          "ref": "dss_700_gmmpredict_out",
          "appendMode": false
        }
      ]
    }
  },
  "versionTag": {
    "versionNumber": 2,
    "lastModifiedBy": {
      "login": "kc186029"
    },
    "lastModifiedOn": 1517209997971
  },
  "creationTag": {
    "versionNumber": 0,
    "lastModifiedBy": {
      "login": "kc186029"
    },
    "lastModifiedOn": 1517209951521
  },
  "tags": [],
  "checklists": {
    "checklists": []
  }
}