{
  "type": "CustomCode_GraphAster",
  "neverRecomputeExistingPartitions": false,
  "optionalDependencies": false,
  "params": {
    "customConfig": {
      "category": "Graph Analysis",
      "distribution_key": "id",
      "distribution": "fact",
      "function": {
        "isOrdered": false,
        "asterarguments": "",
        "isQueryMode": false,
        "unaliased_inputs": {
          "count": 0.0,
          "values": [],
          "desc": {}
        },
        "required_input": [
          {
            "isOrdered": false,
            "name": "vertices",
            "inputKindChoices": [
              "PartitionByKey"
            ],
            "kind": "PartitionByKey",
            "value": "sophomores",
            "orderByColumn": "",
            "isRequired": true,
            "partitionAttributes": [
              "id"
            ]
          },
          {
            "isOrdered": false,
            "name": "edges",
            "inputKindChoices": [
              "PartitionByKey"
            ],
            "kind": "PartitionByKey",
            "value": "common_classes",
            "orderByColumn": "",
            "isRequired": true,
            "partitionAttributes": [
              "startid"
            ]
          }
        ],
        "name": "EIGENVECTORCENTRALITY",
        "partitionInputKind": [],
        "orderByColumn": "",
        "partitionAttributes": "",
        "arguments": [
          {
            "allowsLists": true,
            "name": "TARGETKEY",
            "datatype": "COLUMNS",
            "targetTable": "edges",
            "value": [
              "endid"
            ],
            "isRequired": true,
            "i": 0.0
          },
          {
            "allowsLists": false,
            "name": "EDGEWEIGHT",
            "datatype": "COLUMNS",
            "targetTable": "edges",
            "value": "electives",
            "isRequired": false,
            "i": 1.0
          },
          {
            "datatype": "STRING",
            "isRequired": false,
            "allowsLists": false,
            "name": "FAMILY",
            "value": "eigenvector",
            "i": 2.0
          },
          {
            "datatype": "DOUBLE",
            "isRequired": false,
            "allowsLists": false,
            "name": "ALPHA",
            "value": "",
            "i": 3.0
          },
          {
            "datatype": "DOUBLE",
            "isRequired": false,
            "allowsLists": false,
            "name": "BETA",
            "value": "",
            "i": 4.0
          },
          {
            "datatype": "BOOLEAN",
            "isRequired": false,
            "allowsLists": false,
            "name": "DIRECTED",
            "value": true,
            "i": 5.0
          },
          {
            "datatype": "INTEGER",
            "isRequired": false,
            "allowsLists": false,
            "name": "MAXITERNUM",
            "value": 20.0,
            "i": 6.0
          },
          {
            "datatype": "DOUBLE",
            "isRequired": false,
            "allowsLists": false,
            "name": "THRESHOLD",
            "value": 0.001,
            "i": 7.0
          },
          {
            "allowsLists": true,
            "name": "ACCUMULATE",
            "datatype": "COLUMNS",
            "targetTable": "vertices",
            "value": [
              "id"
            ],
            "isRequired": false,
            "i": 8.0
          }
        ],
        "queries": [],
        "hasInputTable": true,
        "function_version": "1.1"
      }
    }
  },
  "customMeta": {
    "kv": {}
  },
  "redispatchPartitioning": false,
  "inputs": {
    "main": {
      "items": [
        {
          "ref": "common_classes",
          "deps": []
        },
        {
          "ref": "sophomores",
          "deps": []
        }
      ]
    }
  },
  "outputs": {
    "main": {
      "items": [
        {
          "ref": "eigenvectorcentrality_out",
          "appendMode": false
        }
      ]
    }
  },
  "versionTag": {
    "versionNumber": 5,
    "lastModifiedBy": {
      "login": "dt186022"
    },
    "lastModifiedOn": 1513595899889
  },
  "creationTag": {
    "versionNumber": 0,
    "lastModifiedBy": {
      "login": "dt186022"
    },
    "lastModifiedOn": 1495783388397
  },
  "tags": [],
  "checklists": {
    "checklists": []
  }
}