{
  "type": "CustomCode_GraphAster",
  "neverRecomputeExistingPartitions": false,
  "optionalDependencies": false,
  "params": {
    "customConfig": {
      "category": "Graph Analysis",
      "distribution_key": "vertex",
      "distribution": "fact",
      "function": {
        "isOrdered": false,
        "asterarguments": "",
        "isQueryMode": false,
        "unaliased_inputs": {
          "count": 0.0,
          "values": [],
          "desc": {}
        },
        "required_input": [
          {
            "isOrdered": false,
            "name": "edges",
            "inputKindChoices": [
              "PartitionByKey"
            ],
            "kind": "PartitionByKey",
            "value": "lbp_edges",
            "orderByColumn": "",
            "isRequired": true,
            "partitionAttributes": [
              "source"
            ]
          },
          {
            "isOrdered": false,
            "name": "vertices",
            "inputKindChoices": [
              "PartitionByKey"
            ],
            "kind": "PartitionByKey",
            "value": "lbp_vertices",
            "orderByColumn": "",
            "isRequired": true,
            "partitionAttributes": [
              "vertex"
            ]
          },
          {
            "isOrdered": false,
            "name": "observation",
            "inputKindChoices": [
              "PartitionByKey"
            ],
            "kind": "PartitionByKey",
            "value": "lbp_observation",
            "orderByColumn": "",
            "isRequired": false,
            "partitionAttributes": [
              "vertex"
            ]
          }
        ],
        "name": "LOOPYBELIEFPROPAGATION",
        "partitionInputKind": [],
        "orderByColumn": "",
        "partitionAttributes": "",
        "arguments": [
          {
            "allowsLists": true,
            "name": "TARGETKEY",
            "datatype": "COLUMNS",
            "targetTable": "edges",
            "value": [
              "target"
            ],
            "isRequired": false,
            "i": 0.0
          },
          {
            "allowsLists": false,
            "name": "OBSERVATIONCOLUMN",
            "datatype": "COLUMNS",
            "targetTable": "observation",
            "value": "obs",
            "isRequired": false,
            "i": 1.0
          },
          {
            "allowsLists": false,
            "name": "EDGEWEIGHT",
            "datatype": "COLUMNS",
            "targetTable": "edges",
            "value": "",
            "isRequired": false,
            "i": 2.0
          },
          {
            "allowsLists": true,
            "name": "ACCUMULATE",
            "datatype": "COLUMNS",
            "targetTable": "vertices",
            "value": [
              "vertex"
            ],
            "isRequired": false,
            "i": 3.0
          },
          {
            "datatype": "INTEGER",
            "isRequired": false,
            "allowsLists": false,
            "name": "MAXITERNUM",
            "value": 20.0,
            "i": 4.0
          },
          {
            "datatype": "DOUBLE",
            "isRequired": false,
            "allowsLists": false,
            "name": "THRESHOLD",
            "value": "1E-10",
            "i": 5.0
          }
        ],
        "queries": [],
        "hasInputTable": true,
        "function_version": "1.0"
      }
    }
  },
  "customMeta": {
    "kv": {}
  },
  "redispatchPartitioning": false,
  "inputs": {
    "main": {
      "items": [
        {
          "ref": "lbp_edges",
          "deps": []
        },
        {
          "ref": "lbp_observation",
          "deps": []
        },
        {
          "ref": "lbp_vertices",
          "deps": []
        }
      ]
    }
  },
  "outputs": {
    "main": {
      "items": [
        {
          "ref": "loopybelief_out",
          "appendMode": false
        }
      ]
    }
  },
  "versionTag": {
    "versionNumber": 4,
    "lastModifiedBy": {
      "login": "dt186022"
    },
    "lastModifiedOn": 1513595196330
  },
  "creationTag": {
    "versionNumber": 0,
    "lastModifiedBy": {
      "login": "dt186022"
    },
    "lastModifiedOn": 1495854840811
  },
  "tags": [],
  "checklists": {
    "checklists": []
  }
}