{
  "type": "CustomCode_GraphAster",
  "neverRecomputeExistingPartitions": false,
  "optionalDependencies": false,
  "params": {
    "customConfig": {
      "category": "Graph Analysis",
      "distribution_key": "name",
      "distribution": "fact",
      "function": {
        "orderByColumn": "",
        "partitionAttributes": "",
        "unaliased_inputs": {
          "count": 0.0,
          "values": [],
          "desc": {}
        },
        "name": "RANDOMWALKSAMPLE",
        "partitionInputKind": [],
        "hasInputTable": true,
        "asterarguments": [
          {
            "name": "schema",
            "value": "",
            "label": "Schema"
          },
          {
            "name": "outputType",
            "value": "",
            "label": "Output Table Type"
          },
          {
            "name": "hashKey",
            "value": "",
            "label": "Hash Key Column"
          }
        ],
        "required_input": [
          {
            "kind": "PartitionByKey",
            "name": "vertices",
            "isOrdered": false,
            "value": "citvertices",
            "orderByColumn": "",
            "isRequired": true,
            "partitionAttributes": [
              "id"
            ]
          },
          {
            "kind": "PartitionByKey",
            "name": "edges",
            "isOrdered": false,
            "value": "citedges",
            "orderByColumn": "",
            "isRequired": true,
            "partitionAttributes": [
              "from_id"
            ]
          }
        ],
        "isOrdered": false,
        "arguments": [
          {
            "datatype": "DRIVER",
            "isRequired": false,
            "allowsLists": false,
            "name": "DOMAIN",
            "value": "",
            "i": 0.0
          },
          {
            "datatype": "DRIVER",
            "isRequired": false,
            "allowsLists": false,
            "name": "DATABASE",
            "value": "",
            "i": 1.0
          },
          {
            "datatype": "DRIVER",
            "isRequired": false,
            "allowsLists": false,
            "name": "USERID",
            "value": "",
            "i": 2.0
          },
          {
            "datatype": "DRIVER",
            "isRequired": false,
            "allowsLists": false,
            "name": "PASSWORD",
            "value": "",
            "i": 3.0
          },
          {
            "datatype": "DRIVER",
            "isRequired": false,
            "allowsLists": false,
            "name": "SSLSETTINGS",
            "value": "",
            "i": 4.0
          },
          {
            "datatype": "DRIVER",
            "isRequired": false,
            "allowsLists": false,
            "name": "SSLTRUSTSTOREPASSWORD",
            "value": "",
            "i": 5.0
          },
          {
            "allowsLists": true,
            "name": "TARGETKEY",
            "datatype": "COLUMNS",
            "targetTable": "edges",
            "value": [
              "to_id"
            ],
            "isRequired": true,
            "i": 6.0
          },
          {
            "datatype": "DOUBLE",
            "isRequired": false,
            "allowsLists": false,
            "name": "SAMPLERATE",
            "value": "0.15",
            "i": 7.0
          },
          {
            "datatype": "DOUBLE",
            "isRequired": false,
            "allowsLists": false,
            "name": "FLYBACKRATE",
            "value": "0.15",
            "i": 8.0
          },
          {
            "datatype": "INTEGER",
            "isRequired": false,
            "allowsLists": false,
            "name": "SEED",
            "value": "1000",
            "i": 9.0
          },
          {
            "datatype": "STRING",
            "isRequired": true,
            "allowsLists": true,
            "name": "OUTPUTTABLES",
            "value": "dss.rw_vertices_14\u0000dss_rw_edges_14",
            "i": 10.0
          },
          {
            "allowsLists": true,
            "name": "ACCUMULATE",
            "datatype": "COLUMNS",
            "targetTable": "vertices",
            "value": [],
            "isRequired": false,
            "i": 11.0
          }
        ],
        "function_version": "1.1"
      }
    }
  },
  "customMeta": {
    "kv": {}
  },
  "redispatchPartitioning": false,
  "inputs": {
    "main": {
      "items": [
        {
          "ref": "citedges",
          "deps": []
        },
        {
          "ref": "citvertices",
          "deps": []
        }
      ]
    }
  },
  "outputs": {
    "main": {
      "items": [
        {
          "ref": "randomwalksample_out",
          "appendMode": false
        }
      ]
    }
  },
  "versionTag": {
    "versionNumber": 9,
    "lastModifiedBy": {
      "login": "dt186022"
    },
    "lastModifiedOn": 1513584098695
  },
  "creationTag": {
    "versionNumber": 0,
    "lastModifiedBy": {
      "login": "dt186022"
    },
    "lastModifiedOn": 1495869900844
  },
  "tags": [],
  "checklists": {
    "checklists": []
  }
}