{
  "type": "CustomCode_TextAnalysisAster",
  "neverRecomputeExistingPartitions": false,
  "optionalDependencies": false,
  "params": {
    "customConfig": {
      "category": "Text Analysis",
      "function": {
        "isOrdered": false,
        "asterarguments": "",
        "isQueryMode": false,
        "unaliased_inputs": {
          "count": 1.0,
          "values": [
            "tfidf_train"
          ],
          "desc": {}
        },
        "required_input": [],
        "name": "NGRAM",
        "partitionInputKind": [
          "PartitionByAny"
        ],
        "orderByColumn": [
          ""
        ],
        "partitionAttributes": [
          ""
        ],
        "arguments": [
          {
            "datatype": "COLUMNS",
            "isRequired": true,
            "allowsLists": false,
            "name": "TEXT_COLUMN",
            "value": "content",
            "i": 0.0
          },
          {
            "datatype": "STRING",
            "isRequired": true,
            "allowsLists": true,
            "name": "GRAMS",
            "value": "1",
            "i": 1.0
          },
          {
            "datatype": "BOOLEAN",
            "isRequired": false,
            "allowsLists": false,
            "name": "OVERLAPPING",
            "value": true,
            "i": 2.0
          },
          {
            "datatype": "BOOLEAN",
            "isRequired": false,
            "allowsLists": false,
            "name": "CASE_INSENSITIVE",
            "value": true,
            "i": 3.0
          },
          {
            "datatype": "STRING",
            "isRequired": false,
            "allowsLists": false,
            "name": "DELIMITER",
            "value": "",
            "i": 4.0
          },
          {
            "datatype": "STRING",
            "isRequired": false,
            "allowsLists": false,
            "name": "PUNCTUATION",
            "value": "\\[.,?\\!\\]",
            "i": 5.0
          },
          {
            "datatype": "STRING",
            "isRequired": false,
            "allowsLists": false,
            "name": "RESET",
            "value": "\\[.,?\\!\\]",
            "i": 6.0
          },
          {
            "datatype": "BOOLEAN",
            "isRequired": false,
            "allowsLists": false,
            "name": "TOTAL",
            "value": false,
            "i": 7.0
          },
          {
            "datatype": "COLUMNS",
            "isRequired": false,
            "allowsLists": true,
            "name": "ACCUMULATE",
            "value": [
              "docid"
            ],
            "i": 8.0
          },
          {
            "datatype": "STRING",
            "isRequired": false,
            "allowsLists": false,
            "name": "NGRAM_COLUMN_NAME",
            "value": "ngram",
            "i": 9.0
          },
          {
            "datatype": "STRING",
            "isRequired": false,
            "allowsLists": false,
            "name": "NUMGRAMS_COLUMN_NAME",
            "value": "n",
            "i": 10.0
          },
          {
            "datatype": "STRING",
            "isRequired": false,
            "allowsLists": false,
            "name": "COUNT_COLUMN_NAME",
            "value": "frequency",
            "i": 11.0
          },
          {
            "datatype": "STRING",
            "isRequired": false,
            "allowsLists": false,
            "name": "TOTAL_COUNT_COLUMN_NAME",
            "value": "",
            "i": 12.0
          }
        ],
        "queries": [],
        "hasInputTable": true,
        "function_version": "1.5"
      }
    }
  },
  "customMeta": {
    "kv": {}
  },
  "redispatchPartitioning": false,
  "maxRunningActivities": 0,
  "inputs": {
    "main": {
      "items": [
        {
          "ref": "tfidf_train",
          "deps": []
        }
      ]
    }
  },
  "outputs": {
    "main": {
      "items": [
        {
          "ref": "tfidf_token_1",
          "appendMode": false
        }
      ]
    }
  },
  "versionTag": {
    "versionNumber": 3,
    "lastModifiedBy": {
      "login": "kc186029"
    },
    "lastModifiedOn": 1517821600621
  },
  "creationTag": {
    "versionNumber": 0,
    "lastModifiedBy": {
      "login": "kc186029"
    },
    "lastModifiedOn": 1517820990942
  },
  "tags": [],
  "checklists": {
    "checklists": []
  }
}