{
  "type": "CustomCode_TextAnalysisAster",
  "neverRecomputeExistingPartitions": false,
  "optionalDependencies": false,
  "params": {
    "customConfig": {
      "category": "Text Analysis",
      "function": {
        "isOrdered": false,
        "asterarguments": "",
        "isQueryMode": false,
        "unaliased_inputs": {
          "count": 1.0,
          "values": [
            "dss_620_tfidf_input1"
          ],
          "desc": {}
        },
        "required_input": [],
        "name": "TF",
        "partitionInputKind": [
          "PartitionByKey"
        ],
        "orderByColumn": [
          ""
        ],
        "partitionAttributes": [
          "docid"
        ],
        "arguments": [
          {
            "datatype": "STRING",
            "isRequired": false,
            "allowsLists": false,
            "name": "FORMULA",
            "value": "normal",
            "i": 0.0
          }
        ],
        "queries": [],
        "hasInputTable": true,
        "function_version": "1.1"
      }
    }
  },
  "customMeta": {
    "kv": {}
  },
  "redispatchPartitioning": false,
  "maxRunningActivities": 0,
  "inputs": {
    "main": {
      "items": [
        {
          "ref": "dss_620_tfidf_input1",
          "deps": []
        }
      ]
    }
  },
  "outputs": {
    "main": {
      "items": [
        {
          "ref": "dss_tf_out",
          "appendMode": false
        }
      ]
    }
  },
  "versionTag": {
    "versionNumber": 1,
    "lastModifiedBy": {
      "login": "kc186029"
    },
    "lastModifiedOn": 1517825230157
  },
  "creationTag": {
    "versionNumber": 0,
    "lastModifiedBy": {
      "login": "kc186029"
    },
    "lastModifiedOn": 1517825208971
  },
  "tags": [],
  "checklists": {
    "checklists": []
  }
}