{
  "type": "CustomCode_TextAnalysisAster",
  "neverRecomputeExistingPartitions": false,
  "optionalDependencies": false,
  "params": {
    "customConfig": {
      "category": "Text Analysis",
      "function": {
        "isOrdered": false,
        "asterarguments": "",
        "isQueryMode": false,
        "unaliased_inputs": {
          "count": 0.0,
          "values": [],
          "desc": {}
        },
        "required_input": [
          {
            "isOrdered": false,
            "name": "tf",
            "inputKindChoices": [
              "PartitionByKey"
            ],
            "kind": "PartitionByKey",
            "value": "dss_tf_out",
            "orderByColumn": [
              ""
            ],
            "isRequired": true,
            "partitionAttributes": [
              "term"
            ]
          },
          {
            "isOrdered": false,
            "name": "doccount",
            "inputKindChoices": [
              "Dimension"
            ],
            "kind": "Dimension",
            "value": "dss_doccount_out",
            "orderByColumn": "",
            "isRequired": false,
            "partitionAttributes": []
          },
          {
            "isOrdered": false,
            "name": "docperterm",
            "inputKindChoices": [
              "PartitionByKey"
            ],
            "kind": "PartitionByKey",
            "value": "",
            "orderByColumn": "",
            "isRequired": false,
            "partitionAttributes": []
          },
          {
            "isOrdered": false,
            "name": "idf",
            "inputKindChoices": [
              "PartitionByKey"
            ],
            "kind": "PartitionByKey",
            "value": "",
            "orderByColumn": "",
            "isRequired": false,
            "partitionAttributes": []
          }
        ],
        "name": "TF_IDF",
        "partitionInputKind": [],
        "orderByColumn": [
          ""
        ],
        "partitionAttributes": [
          ""
        ],
        "arguments": "",
        "queries": [],
        "hasInputTable": true,
        "function_version": "2.1"
      }
    }
  },
  "customMeta": {
    "kv": {}
  },
  "redispatchPartitioning": false,
  "maxRunningActivities": 0,
  "inputs": {
    "main": {
      "items": [
        {
          "ref": "dss_tf_out",
          "deps": []
        },
        {
          "ref": "dss_doccount_out",
          "deps": []
        }
      ]
    }
  },
  "outputs": {
    "main": {
      "items": [
        {
          "ref": "dss_tf_idf_out",
          "appendMode": false
        }
      ]
    }
  },
  "versionTag": {
    "versionNumber": 1,
    "lastModifiedBy": {
      "login": "kc186029"
    },
    "lastModifiedOn": 1517825308619
  },
  "creationTag": {
    "versionNumber": 0,
    "lastModifiedBy": {
      "login": "kc186029"
    },
    "lastModifiedOn": 1517825266763
  },
  "tags": [],
  "checklists": {
    "checklists": []
  }
}