{
  "type": "CustomCode_TextAnalysisAster",
  "neverRecomputeExistingPartitions": false,
  "optionalDependencies": false,
  "params": {
    "customConfig": {
      "category": "Text Analysis",
      "function": {
        "isOrdered": false,
        "asterarguments": "",
        "isQueryMode": false,
        "unaliased_inputs": {
          "count": 1.0,
          "values": [
            "dss_sentenizer_out"
          ],
          "desc": {}
        },
        "required_input": [],
        "name": "POSTAGGER",
        "partitionInputKind": [],
        "orderByColumn": [
          ""
        ],
        "partitionAttributes": [
          ""
        ],
        "arguments": [
          {
            "datatype": "COLUMNS",
            "isRequired": true,
            "allowsLists": false,
            "name": "TEXTCOLUMN",
            "value": "sentence",
            "i": 0.0
          },
          {
            "datatype": "STRING",
            "isRequired": false,
            "allowsLists": false,
            "name": "LANGUAGE",
            "value": "en",
            "i": 1.0
          },
          {
            "datatype": "COLUMNS",
            "isRequired": false,
            "allowsLists": true,
            "name": "ACCUMULATE",
            "value": [
              "paraid",
              "sentence_sn",
              "sentence"
            ],
            "i": 2.0
          }
        ],
        "queries": [],
        "hasInputTable": true,
        "function_version": "2.1"
      }
    }
  },
  "customMeta": {
    "kv": {}
  },
  "redispatchPartitioning": false,
  "maxRunningActivities": 0,
  "inputs": {
    "main": {
      "items": [
        {
          "ref": "dss_sentenizer_out",
          "deps": []
        }
      ]
    }
  },
  "outputs": {
    "main": {
      "items": [
        {
          "ref": "dss_postagger_out",
          "appendMode": false
        }
      ]
    }
  },
  "versionTag": {
    "versionNumber": 1,
    "lastModifiedBy": {
      "login": "kc186029"
    },
    "lastModifiedOn": 1517815917057
  },
  "creationTag": {
    "versionNumber": 0,
    "lastModifiedBy": {
      "login": "kc186029"
    },
    "lastModifiedOn": 1517815890881
  },
  "tags": [],
  "checklists": {
    "checklists": []
  }
}