{
  "type": "CustomCode_TextAnalysisAster",
  "neverRecomputeExistingPartitions": false,
  "optionalDependencies": false,
  "params": {
    "customConfig": {
      "category": "Text Analysis",
      "function": {
        "isOrdered": false,
        "asterarguments": "",
        "isQueryMode": false,
        "unaliased_inputs": {
          "count": 1.0,
          "values": [
            "paragraphs_input"
          ],
          "desc": {}
        },
        "required_input": [],
        "name": "SENTENIZER",
        "partitionInputKind": [],
        "orderByColumn": [
          ""
        ],
        "partitionAttributes": [
          ""
        ],
        "arguments": [
          {
            "datatype": "COLUMNS",
            "isRequired": true,
            "allowsLists": false,
            "name": "TEXTCOLUMN",
            "value": "paratext",
            "i": 0.0
          },
          {
            "datatype": "COLUMNS",
            "isRequired": false,
            "allowsLists": true,
            "name": "ACCUMULATE",
            "value": [
              "paraid"
            ],
            "i": 1.0
          }
        ],
        "queries": [],
        "hasInputTable": true,
        "function_version": "1.1"
      }
    }
  },
  "customMeta": {
    "kv": {}
  },
  "redispatchPartitioning": false,
  "maxRunningActivities": 0,
  "inputs": {
    "main": {
      "items": [
        {
          "ref": "paragraphs_input",
          "deps": []
        }
      ]
    }
  },
  "outputs": {
    "main": {
      "items": [
        {
          "ref": "dss_sentenizer_out",
          "appendMode": false
        }
      ]
    }
  },
  "versionTag": {
    "versionNumber": 2,
    "lastModifiedBy": {
      "login": "kc186029"
    },
    "lastModifiedOn": 1517815757534
  },
  "creationTag": {
    "versionNumber": 0,
    "lastModifiedBy": {
      "login": "kc186029"
    },
    "lastModifiedOn": 1517813530082
  },
  "tags": [],
  "checklists": {
    "checklists": []
  }
}