{
  "type": "CustomCode_StatisticalAnalysisAster",
  "neverRecomputeExistingPartitions": false,
  "optionalDependencies": false,
  "params": {
    "customConfig": {
      "category": "Statistical Analysis",
      "distribution_key": "\"Message\"",
      "distribution": "fact",
      "function": {
        "isOrdered": false,
        "asterarguments": "",
        "isQueryMode": false,
        "unaliased_inputs": {
          "count": 0.0,
          "values": [],
          "desc": {}
        },
        "required_input": [],
        "name": "KNN",
        "partitionInputKind": [],
        "orderByColumn": [
          ""
        ],
        "partitionAttributes": [
          ""
        ],
        "arguments": [
          {
            "datatype": "TABLE_NAME",
            "isRequired": true,
            "allowsLists": false,
            "name": "TRAINING_TABLE",
            "value": "computers_train1_clustered",
            "i": 0.0
          },
          {
            "datatype": "TABLE_NAME",
            "isRequired": true,
            "allowsLists": false,
            "name": "TEST_TABLE",
            "value": "computers_test1",
            "i": 1.0
          },
          {
            "allowsLists": false,
            "name": "OUTPUT_TABLE",
            "datatype": "TABLE_NAME",
            "value": "dss.knn_output",
            "isRequired": false,
            "isOutputTable": true,
            "i": 2.0
          },
          {
            "datatype": "DRIVER",
            "isRequired": false,
            "allowsLists": false,
            "name": "DOMAIN",
            "value": "",
            "i": 3.0
          },
          {
            "datatype": "DRIVER",
            "isRequired": false,
            "allowsLists": false,
            "name": "DATABASE",
            "value": "",
            "i": 4.0
          },
          {
            "datatype": "DRIVER",
            "isRequired": false,
            "allowsLists": false,
            "name": "USERID",
            "value": "",
            "i": 5.0
          },
          {
            "datatype": "DRIVER",
            "isRequired": false,
            "allowsLists": false,
            "name": "PASSWORD",
            "value": "",
            "i": 6.0
          },
          {
            "datatype": "DRIVER",
            "isRequired": false,
            "allowsLists": false,
            "name": "SSLSETTINGS",
            "value": "",
            "i": 7.0
          },
          {
            "datatype": "DRIVER",
            "isRequired": false,
            "allowsLists": false,
            "name": "SSLTRUSTSTOREPASSWORD",
            "value": "",
            "i": 8.0
          },
          {
            "datatype": "INTEGER",
            "isRequired": false,
            "allowsLists": false,
            "name": "PARTITION_BLOCK_SIZE",
            "value": "",
            "i": 9.0
          },
          {
            "datatype": "BOOLEAN",
            "isRequired": false,
            "allowsLists": false,
            "name": "FORCE_MAPREDUCE",
            "value": false,
            "i": 10.0
          },
          {
            "datatype": "INTEGER",
            "isRequired": true,
            "allowsLists": false,
            "name": "NUMBERK",
            "value": "50",
            "i": 11.0
          },
          {
            "allowsLists": false,
            "name": "RESPONSECOLUMN",
            "datatype": "COLUMN_NAMES",
            "targetTable": "TrainingTable",
            "value": "computer_category",
            "isRequired": true,
            "i": 12.0
          },
          {
            "allowsLists": false,
            "name": "TEST_POINT_KEY",
            "datatype": "COLUMN_NAMES",
            "targetTable": "TestTable",
            "value": "id",
            "isRequired": true,
            "i": 13.0
          },
          {
            "datatype": "STRING",
            "isRequired": true,
            "allowsLists": true,
            "name": "DISTANCE_FEATURES",
            "value": "price\u0000speed\u0000hd\u0000ram\u0000screen",
            "i": 14.0
          },
          {
            "datatype": "STRING",
            "isRequired": false,
            "allowsLists": true,
            "name": "CUSTOMIZED_DISTANCE",
            "value": 0.0,
            "i": 15.0
          },
          {
            "datatype": "DOUBLE",
            "isRequired": false,
            "allowsLists": false,
            "name": "VOTING_WEIGHT",
            "value": "1",
            "i": 16.0
          }
        ],
        "queries": [],
        "hasInputTable": false,
        "function_version": "1.3",
        "dropIfExists": true
      }
    }
  },
  "customMeta": {
    "kv": {}
  },
  "redispatchPartitioning": false,
  "maxRunningActivities": 0,
  "inputs": {
    "main": {
      "items": [
        {
          "ref": "computers_test1",
          "deps": []
        },
        {
          "ref": "computers_train1_clustered",
          "deps": []
        }
      ]
    }
  },
  "outputs": {
    "main": {
      "items": [
        {
          "ref": "knn",
          "appendMode": false
        }
      ]
    }
  },
  "versionTag": {
    "versionNumber": 7,
    "lastModifiedBy": {
      "login": "dt186022"
    },
    "lastModifiedOn": 1517821250308
  },
  "creationTag": {
    "versionNumber": 0,
    "lastModifiedBy": {
      "login": "dt186022"
    },
    "lastModifiedOn": 1499313533942
  },
  "tags": [],
  "checklists": {
    "checklists": []
  }
}