{
  "type": "CustomCode_StatisticalAnalysisAster",
  "neverRecomputeExistingPartitions": false,
  "optionalDependencies": false,
  "params": {
    "customConfig": {
      "category": "Statistical Analysis",
      "distribution_key": "bin",
      "distribution": "fact",
      "function": {
        "isOrdered": false,
        "asterarguments": "",
        "isQueryMode": false,
        "unaliased_inputs": {
          "count": 1.0,
          "values": [
            "histogrammap_out"
          ],
          "desc": {}
        },
        "required_input": [],
        "name": "HISTOGRAM_REDUCE",
        "partitionInputKind": [
          "PartitionByKey"
        ],
        "orderByColumn": [
          ""
        ],
        "partitionAttributes": [
          "bin"
        ],
        "arguments": [
          {
            "datatype": "COLUMNS",
            "isRequired": false,
            "allowsLists": false,
            "name": "FREQUENCY_COLUMN_NAME",
            "value": "",
            "i": 0.0
          },
          {
            "datatype": "COLUMNS",
            "isRequired": false,
            "allowsLists": true,
            "name": "ACCUMULATE",
            "value": [
              "bin",
              "start_bin",
              "end_bin"
            ],
            "i": 1.0
          }
        ],
        "queries": [],
        "hasInputTable": true,
        "function_version": "1.3"
      }
    }
  },
  "customMeta": {
    "kv": {}
  },
  "redispatchPartitioning": false,
  "maxRunningActivities": 0,
  "inputs": {
    "main": {
      "items": [
        {
          "ref": "histogrammap_out",
          "deps": []
        }
      ]
    }
  },
  "outputs": {
    "main": {
      "items": [
        {
          "ref": "histogramreduce_out",
          "appendMode": false
        }
      ]
    }
  },
  "versionTag": {
    "versionNumber": 2,
    "lastModifiedBy": {
      "login": "dt186022"
    },
    "lastModifiedOn": 1517822643648
  },
  "creationTag": {
    "versionNumber": 0,
    "lastModifiedBy": {
      "login": "dt186022"
    },
    "lastModifiedOn": 1499246956356
  },
  "tags": [],
  "checklists": {
    "checklists": []
  }
}