{
  "type": "CustomCode_StatisticalAnalysisAster",
  "neverRecomputeExistingPartitions": false,
  "optionalDependencies": false,
  "params": {
    "customConfig": {
      "category": "Statistical Analysis",
      "distribution_key": "id",
      "distribution": "fact",
      "function": {
        "isOrdered": true,
        "asterarguments": "",
        "isQueryMode": false,
        "unaliased_inputs": {
          "count": 1.0,
          "values": [
            "stock_vol"
          ],
          "desc": {}
        },
        "required_input": [],
        "name": "VWAP",
        "partitionInputKind": [
          "PartitionByKey"
        ],
        "orderByColumn": [
          "period"
        ],
        "partitionAttributes": [
          "id"
        ],
        "arguments": [
          {
            "datatype": "COLUMNS",
            "isRequired": false,
            "allowsLists": false,
            "name": "PRICE",
            "value": "stockprice",
            "i": 0.0
          },
          {
            "datatype": "COLUMNS",
            "isRequired": false,
            "allowsLists": false,
            "name": "VOLUME",
            "value": "volume",
            "i": 1.0
          },
          {
            "datatype": "COLUMNS",
            "isRequired": false,
            "allowsLists": false,
            "name": "DT",
            "value": "period",
            "i": 2.0
          },
          {
            "datatype": "INTEGER",
            "isRequired": false,
            "allowsLists": false,
            "name": "TIMEINTERVAL",
            "value": "432000",
            "i": 3.0
          }
        ],
        "queries": [],
        "hasInputTable": true,
        "function_version": "1.2"
      }
    }
  },
  "customMeta": {
    "kv": {}
  },
  "redispatchPartitioning": false,
  "maxRunningActivities": 0,
  "inputs": {
    "main": {
      "items": [
        {
          "ref": "stock_vol",
          "deps": []
        }
      ]
    }
  },
  "outputs": {
    "main": {
      "items": [
        {
          "ref": "vwap_out",
          "appendMode": false
        }
      ]
    }
  },
  "versionTag": {
    "versionNumber": 2,
    "lastModifiedBy": {
      "login": "dt186022"
    },
    "lastModifiedOn": 1517817594876
  },
  "creationTag": {
    "versionNumber": 0,
    "lastModifiedBy": {
      "login": "dt186022"
    },
    "lastModifiedOn": 1499311304676
  },
  "tags": [],
  "checklists": {
    "checklists": []
  }
}