{
  "type": "CustomCode_StatisticalAnalysisAster",
  "neverRecomputeExistingPartitions": false,
  "optionalDependencies": false,
  "params": {
    "customConfig": {
      "category": "Statistical Analysis",
      "distribution_key": "summary_id",
      "distribution": "fact",
      "function": {
        "isOrdered": false,
        "asterarguments": "",
        "isQueryMode": false,
        "unaliased_inputs": {
          "count": 0.0,
          "values": [],
          "desc": {}
        },
        "required_input": [
          {
            "isOrdered": false,
            "name": "InputTable",
            "value": "approxpercentile_input",
            "orderByColumn": [
              ""
            ],
            "isRequired": true,
            "partitionAttributes": [
              ""
            ]
          }
        ],
        "name": "APPROX_PERCENTILE_SUMMARY",
        "partitionInputKind": [],
        "orderByColumn": [
          ""
        ],
        "partitionAttributes": [
          ""
        ],
        "arguments": [
          {
            "allowsLists": true,
            "name": "TARGET_COLUMN",
            "datatype": "COLUMNS",
            "targetTable": "InputTable",
            "value": [
              "value"
            ],
            "isRequired": true,
            "i": 0.0
          },
          {
            "datatype": "DOUBLE",
            "isRequired": false,
            "allowsLists": false,
            "name": "ERROR",
            "value": 1.0,
            "i": 1.0
          },
          {
            "allowsLists": true,
            "name": "GROUP_COLUMNS",
            "datatype": "COLUMNS",
            "targetTable": "InputTable",
            "value": [
              "segment"
            ],
            "isRequired": false,
            "i": 2.0
          }
        ],
        "queries": [],
        "hasInputTable": true,
        "function_version": "1.1"
      }
    }
  },
  "customMeta": {
    "kv": {}
  },
  "redispatchPartitioning": false,
  "maxRunningActivities": 0,
  "inputs": {
    "main": {
      "items": [
        {
          "ref": "approxpercentile_input",
          "deps": []
        }
      ]
    }
  },
  "outputs": {
    "main": {
      "items": [
        {
          "ref": "approxpercentilesummary_out",
          "appendMode": false
        }
      ]
    }
  },
  "versionTag": {
    "versionNumber": 3,
    "lastModifiedBy": {
      "login": "dt186022"
    },
    "lastModifiedOn": 1517823893882
  },
  "creationTag": {
    "versionNumber": 0,
    "lastModifiedBy": {
      "login": "dt186022"
    },
    "lastModifiedOn": 1499232384166
  },
  "tags": [],
  "checklists": {
    "checklists": []
  }
}