{
  "type": "CustomCode_StatisticalAnalysisAster",
  "neverRecomputeExistingPartitions": false,
  "optionalDependencies": false,
  "params": {
    "customConfig": {
      "category": "Statistical Analysis",
      "distribution_key": "comb1",
      "distribution": "fact",
      "function": {
        "isOrdered": false,
        "asterarguments": "",
        "isQueryMode": false,
        "unaliased_inputs": {
          "count": 1.0,
          "values": [
            "project_comb_cost"
          ],
          "desc": {}
        },
        "required_input": [],
        "name": "ADDONEPLAYER",
        "partitionInputKind": [],
        "orderByColumn": [
          ""
        ],
        "partitionAttributes": [
          ""
        ],
        "arguments": [
          {
            "datatype": "COLUMNS",
            "isRequired": true,
            "allowsLists": true,
            "name": "COMBCOLNAME",
            "value": [
              "comb"
            ],
            "i": 0.0
          },
          {
            "datatype": "COLUMNS",
            "isRequired": true,
            "allowsLists": true,
            "name": "SIZECOLNAME",
            "value": [
              "size"
            ],
            "i": 1.0
          },
          {
            "datatype": "COLUMNS",
            "isRequired": true,
            "allowsLists": true,
            "name": "VALUECOLNAME",
            "value": [
              "value"
            ],
            "i": 2.0
          },
          {
            "datatype": "INTEGER",
            "isRequired": true,
            "allowsLists": false,
            "name": "NUMBEROFPLAYERS",
            "value": "3",
            "i": 3.0
          },
          {
            "datatype": "STRING",
            "isRequired": false,
            "allowsLists": false,
            "name": "DELIMITER",
            "value": " ",
            "i": 4.0
          }
        ],
        "queries": [],
        "hasInputTable": true,
        "function_version": "1.1"
      }
    }
  },
  "customMeta": {
    "kv": {}
  },
  "redispatchPartitioning": false,
  "maxRunningActivities": 0,
  "inputs": {
    "main": {
      "items": [
        {
          "ref": "project_comb_cost",
          "deps": []
        }
      ]
    }
  },
  "outputs": {
    "main": {
      "items": [
        {
          "ref": "addoneplayer_out",
          "appendMode": false
        }
      ]
    }
  },
  "versionTag": {
    "versionNumber": 2,
    "lastModifiedBy": {
      "login": "dt186022"
    },
    "lastModifiedOn": 1517824621416
  },
  "creationTag": {
    "versionNumber": 0,
    "lastModifiedBy": {
      "login": "dt186022"
    },
    "lastModifiedOn": 1499159605221
  },
  "tags": [],
  "checklists": {
    "checklists": []
  }
}