{
  "type": "CustomCode_StatisticalAnalysisAster",
  "neverRecomputeExistingPartitions": false,
  "optionalDependencies": false,
  "params": {
    "customConfig": {
      "category": "Statistical Analysis",
      "distribution_key": "result",
      "distribution": "dimension",
      "function": {
        "isOrdered": false,
        "asterarguments": "",
        "isQueryMode": false,
        "unaliased_inputs": {
          "count": 0.0,
          "values": [],
          "desc": {}
        },
        "required_input": [],
        "name": "COXSURVFIT",
        "partitionInputKind": [],
        "orderByColumn": [
          ""
        ],
        "partitionAttributes": [
          ""
        ],
        "arguments": [
          {
            "datatype": "TABLE_NAME",
            "isRequired": true,
            "allowsLists": false,
            "name": "COX_LINEAR_PREDICTOR_MODEL_TABLE",
            "value": "lungcancer_lp",
            "i": 0.0
          },
          {
            "datatype": "TABLE_NAME",
            "isRequired": true,
            "allowsLists": false,
            "name": "COX_COEF_MODEL_TABLE",
            "value": "lungcancer_coef",
            "i": 1.0
          },
          {
            "datatype": "TABLE_NAME",
            "isRequired": true,
            "allowsLists": false,
            "name": "PREDICT_TABLE",
            "value": "lc_new_predictors",
            "i": 2.0
          },
          {
            "allowsLists": false,
            "name": "OUTPUT_TABLE",
            "datatype": "TABLE_NAME",
            "value": "knn_out",
            "isRequired": true,
            "isOutputTable": true,
            "i": 3.0
          },
          {
            "datatype": "DRIVER",
            "isRequired": false,
            "allowsLists": false,
            "name": "DOMAIN",
            "value": "",
            "i": 4.0
          },
          {
            "datatype": "DRIVER",
            "isRequired": false,
            "allowsLists": false,
            "name": "DATABASE",
            "value": "",
            "i": 5.0
          },
          {
            "datatype": "DRIVER",
            "isRequired": false,
            "allowsLists": false,
            "name": "USERID",
            "value": "",
            "i": 6.0
          },
          {
            "datatype": "DRIVER",
            "isRequired": false,
            "allowsLists": false,
            "name": "PASSWORD",
            "value": "",
            "i": 7.0
          },
          {
            "datatype": "DRIVER",
            "isRequired": false,
            "allowsLists": false,
            "name": "SSLSETTINGS",
            "value": "",
            "i": 8.0
          },
          {
            "datatype": "DRIVER",
            "isRequired": false,
            "allowsLists": false,
            "name": "SSLTRUSTSTOREPASSWORD",
            "value": "",
            "i": 9.0
          },
          {
            "datatype": "STRING",
            "isRequired": true,
            "allowsLists": true,
            "name": "PREDICT_FEATURE_NAMES",
            "value": "karno\u0000diagtime\u0000age",
            "i": 10.0
          },
          {
            "allowsLists": true,
            "name": "PREDICT_FEATURE_COLUMNS",
            "datatype": "COLUMN_NAMES",
            "targetTable": "Predict_Table",
            "value": [
              "karno",
              "diagtime",
              "age"
            ],
            "isRequired": true,
            "i": 11.0
          },
          {
            "allowsLists": true,
            "name": "ACCUMULATE",
            "datatype": "COLUMN_NAMES",
            "targetTable": "Predict_Table",
            "value": [
              "id",
              "name"
            ],
            "isRequired": false,
            "i": 12.0
          }
        ],
        "queries": [],
        "hasInputTable": false,
        "function_version": "1.1",
        "dropIfExists": true
      }
    }
  },
  "customMeta": {
    "kv": {}
  },
  "redispatchPartitioning": false,
  "maxRunningActivities": 0,
  "inputs": {
    "main": {
      "items": [
        {
          "ref": "lungcancer_lp",
          "deps": []
        },
        {
          "ref": "lungcancer_coef",
          "deps": []
        },
        {
          "ref": "lc_new_predictors",
          "deps": []
        }
      ]
    }
  },
  "outputs": {
    "main": {
      "items": [
        {
          "ref": "coxsurvfit",
          "appendMode": false
        }
      ]
    }
  },
  "versionTag": {
    "versionNumber": 8,
    "lastModifiedBy": {
      "login": "dt186022"
    },
    "lastModifiedOn": 1517823299280
  },
  "creationTag": {
    "versionNumber": 0,
    "lastModifiedBy": {
      "login": "dt186022"
    },
    "lastModifiedOn": 1499225845821
  },
  "tags": [],
  "checklists": {
    "checklists": []
  }
}