{
  "type": "CustomCode_StatisticalAnalysisAster",
  "neverRecomputeExistingPartitions": false,
  "optionalDependencies": false,
  "params": {
    "customConfig": {
      "category": "Statistical Analysis",
      "distribution_key": "target_userid",
      "distribution": "fact",
      "function": {
        "isOrdered": false,
        "asterarguments": "",
        "isQueryMode": false,
        "unaliased_inputs": {
          "count": 0.0,
          "values": [],
          "desc": {}
        },
        "required_input": [
          {
            "isOrdered": false,
            "name": "target",
            "inputKindChoices": [
              "PartitionByKey"
            ],
            "kind": "PartitionByKey",
            "value": "target_mobile_data",
            "orderByColumn": [
              ""
            ],
            "isRequired": true,
            "partitionAttributes": [
              "userid"
            ]
          },
          {
            "isOrdered": false,
            "name": "ref",
            "inputKindChoices": [
              "Dimension"
            ],
            "kind": "Dimension",
            "value": "ref_mobile_data",
            "orderByColumn": [
              ""
            ],
            "isRequired": true,
            "partitionAttributes": [
              ""
            ]
          }
        ],
        "name": "VECTORDISTANCE",
        "partitionInputKind": [],
        "orderByColumn": [
          ""
        ],
        "partitionAttributes": [
          ""
        ],
        "arguments": [
          {
            "allowsLists": true,
            "name": "TARGETIDCOLUMNS",
            "datatype": "COLUMNS",
            "targetTable": "target",
            "value": [
              "userid"
            ],
            "isRequired": true,
            "i": 0.0
          },
          {
            "allowsLists": false,
            "name": "TARGETFEATURECOLUMN",
            "datatype": "COLUMNS",
            "targetTable": "target",
            "value": "feature",
            "isRequired": true,
            "i": 1.0
          },
          {
            "allowsLists": false,
            "name": "TARGETVALUECOLUMN",
            "datatype": "COLUMNS",
            "targetTable": "target",
            "value": "value",
            "isRequired": false,
            "i": 2.0
          },
          {
            "allowsLists": true,
            "name": "REFIDCOLUMNS",
            "datatype": "COLUMNS",
            "targetTable": "ref",
            "value": "",
            "isRequired": false,
            "i": 3.0
          },
          {
            "allowsLists": false,
            "name": "REFFEATURECOLUMN",
            "datatype": "COLUMNS",
            "targetTable": "ref",
            "value": "",
            "isRequired": false,
            "i": 4.0
          },
          {
            "allowsLists": false,
            "name": "REFVALUECOLUMN",
            "datatype": "COLUMNS",
            "targetTable": "ref",
            "value": "",
            "isRequired": false,
            "i": 5.0
          },
          {
            "datatype": "STRING",
            "isRequired": false,
            "allowsLists": false,
            "name": "INVALIDRETURNVALUE",
            "value": "positiveinfinity",
            "i": 6.0
          },
          {
            "datatype": "STRING",
            "isRequired": false,
            "allowsLists": false,
            "name": "REFTABLESIZE",
            "value": "small",
            "i": 7.0
          },
          {
            "datatype": "STRING",
            "isRequired": false,
            "allowsLists": true,
            "name": "MEASURE",
            "value": [
              "COSINE",
              "EUCLIDEAN",
              "MANHATTAN"
            ],
            "i": 8.0
          },
          {
            "datatype": "DOUBLE",
            "isRequired": false,
            "allowsLists": true,
            "name": "THRESHOLD",
            "value": "",
            "i": 9.0
          },
          {
            "datatype": "BOOLEAN",
            "isRequired": false,
            "allowsLists": false,
            "name": "IGNOREMISMATCH",
            "value": true,
            "i": 10.0
          },
          {
            "datatype": "INTEGER",
            "isRequired": false,
            "allowsLists": false,
            "name": "TOPK",
            "value": 2.147483647E9,
            "i": 11.0
          }
        ],
        "queries": [],
        "hasInputTable": true,
        "function_version": "1.1"
      }
    }
  },
  "customMeta": {
    "kv": {}
  },
  "redispatchPartitioning": false,
  "maxRunningActivities": 0,
  "inputs": {
    "main": {
      "items": [
        {
          "ref": "target_mobile_data",
          "deps": []
        },
        {
          "ref": "ref_mobile_data",
          "deps": []
        }
      ]
    }
  },
  "outputs": {
    "main": {
      "items": [
        {
          "ref": "vectordistance_out",
          "appendMode": false
        }
      ]
    }
  },
  "versionTag": {
    "versionNumber": 4,
    "lastModifiedBy": {
      "login": "dt186022"
    },
    "lastModifiedOn": 1517818082250
  },
  "creationTag": {
    "versionNumber": 0,
    "lastModifiedBy": {
      "login": "dt186022"
    },
    "lastModifiedOn": 1499307568463
  },
  "tags": [],
  "checklists": {
    "checklists": []
  }
}