{
  "type": "CustomCode_StatisticalAnalysisAster",
  "neverRecomputeExistingPartitions": false,
  "optionalDependencies": false,
  "params": {
    "customConfig": {
      "category": "Statistical Analysis",
      "distribution_key": "id",
      "distribution": "fact",
      "function": {
        "isOrdered": false,
        "asterarguments": "",
        "isQueryMode": false,
        "unaliased_inputs": {
          "count": 0.0,
          "values": [],
          "desc": {}
        },
        "required_input": [
          {
            "kind": "Dimension",
            "name": "cox_coef_model",
            "isOrdered": false,
            "value": "lungcancer_coef",
            "orderByColumn": [
              ""
            ],
            "isRequired": true,
            "partitionAttributes": [
              ""
            ]
          },
          {
            "kind": "PartitionByKey",
            "name": "predicts",
            "isOrdered": false,
            "value": "lc_new_predictors",
            "orderByColumn": [
              ""
            ],
            "isRequired": true,
            "partitionAttributes": [
              "id",
              "name"
            ]
          },
          {
            "kind": "PartitionByKey",
            "name": "refs",
            "isOrdered": false,
            "value": "",
            "orderByColumn": "",
            "isRequired": false,
            "partitionAttributes": []
          }
        ],
        "name": "COXPREDICT",
        "partitionInputKind": [],
        "orderByColumn": [
          ""
        ],
        "partitionAttributes": [
          ""
        ],
        "arguments": [
          {
            "datatype": "STRING",
            "isRequired": true,
            "allowsLists": true,
            "name": "PREDICTFEATURENAMES",
            "value": "karno\u0000diagtime\u0000age",
            "i": 0.0
          },
          {
            "allowsLists": true,
            "name": "PREDICTFEATURECOLUMNS",
            "datatype": "COLUMNS",
            "targetTable": "predicts",
            "value": [
              "karno",
              "diagtime",
              "age"
            ],
            "isRequired": false,
            "i": 1.0
          },
          {
            "allowsLists": true,
            "name": "PREDICTFEATUREUNITSCOLUMNS",
            "datatype": "COLUMNS",
            "targetTable": "predicts",
            "value": "",
            "isRequired": false,
            "i": 2.0
          },
          {
            "allowsLists": true,
            "name": "REFFEATURECOLUMNS",
            "datatype": "COLUMNS",
            "targetTable": "refs",
            "value": "",
            "isRequired": false,
            "i": 3.0
          },
          {
            "allowsLists": true,
            "name": "ACCUMULATE",
            "datatype": "COLUMNS",
            "targetTable": "predicts",
            "value": [
              "id",
              "name"
            ],
            "isRequired": false,
            "i": 4.0
          }
        ],
        "queries": [],
        "hasInputTable": true,
        "function_version": "1.1"
      }
    }
  },
  "customMeta": {
    "kv": {}
  },
  "redispatchPartitioning": false,
  "maxRunningActivities": 0,
  "inputs": {
    "main": {
      "items": [
        {
          "ref": "lc_new_predictors",
          "deps": []
        },
        {
          "ref": "lc_new_reference",
          "deps": []
        },
        {
          "ref": "lungcancer_coef",
          "deps": []
        },
        {
          "ref": "lungcancer_lp",
          "deps": []
        }
      ]
    }
  },
  "outputs": {
    "main": {
      "items": [
        {
          "ref": "coxpredict_out",
          "appendMode": false
        }
      ]
    }
  },
  "versionTag": {
    "versionNumber": 4,
    "lastModifiedBy": {
      "login": "dt186022"
    },
    "lastModifiedOn": 1517823161709
  },
  "creationTag": {
    "versionNumber": 0,
    "lastModifiedBy": {
      "login": "dt186022"
    },
    "lastModifiedOn": 1499166137749
  },
  "tags": [],
  "checklists": {
    "checklists": []
  }
}