{
  "type": "CustomCode_StatisticalAnalysisAster",
  "neverRecomputeExistingPartitions": false,
  "optionalDependencies": false,
  "params": {
    "customConfig": {
      "category": "Statistical Analysis",
      "distribution_key": "message",
      "distribution": "fact",
      "function": {
        "isOrdered": false,
        "asterarguments": "",
        "isQueryMode": false,
        "unaliased_inputs": {
          "count": 0.0,
          "values": [],
          "desc": {}
        },
        "required_input": [
          {
            "kind": "PartitionByKey",
            "name": "vertices",
            "isOrdered": true,
            "value": "customer_loyalty",
            "orderByColumn": [
              "user_id",
              "seq_id",
              "purchase_date"
            ],
            "isRequired": true,
            "partitionAttributes": [
              "user_id",
              "seq_id"
            ]
          }
        ],
        "name": "HMMSUPERVISEDLEARNER",
        "partitionInputKind": [],
        "orderByColumn": [
          ""
        ],
        "partitionAttributes": [
          ""
        ],
        "arguments": [
          {
            "datatype": "DRIVER",
            "isRequired": false,
            "allowsLists": false,
            "name": "DOMAIN",
            "value": "",
            "i": 0.0
          },
          {
            "datatype": "DRIVER",
            "isRequired": false,
            "allowsLists": false,
            "name": "DATABASE",
            "value": "",
            "i": 1.0
          },
          {
            "datatype": "DRIVER",
            "isRequired": false,
            "allowsLists": false,
            "name": "USERID",
            "value": "",
            "i": 2.0
          },
          {
            "datatype": "DRIVER",
            "isRequired": false,
            "allowsLists": false,
            "name": "PASSWORD",
            "value": "",
            "i": 3.0
          },
          {
            "datatype": "DRIVER",
            "isRequired": false,
            "allowsLists": false,
            "name": "SSLSETTINGS",
            "value": "",
            "i": 4.0
          },
          {
            "datatype": "DRIVER",
            "isRequired": false,
            "allowsLists": false,
            "name": "SSLTRUSTSTOREPASSWORD",
            "value": "",
            "i": 5.0
          },
          {
            "datatype": "STRING",
            "isRequired": true,
            "allowsLists": false,
            "name": "STATEKEY",
            "value": "loyalty_level",
            "i": 6.0
          },
          {
            "datatype": "STRING",
            "isRequired": false,
            "allowsLists": false,
            "name": "MODELKEY",
            "value": "user_id",
            "i": 7.0
          },
          {
            "datatype": "STRING",
            "isRequired": true,
            "allowsLists": false,
            "name": "SEQUENCEKEY",
            "value": "seq_id",
            "i": 8.0
          },
          {
            "datatype": "STRING",
            "isRequired": true,
            "allowsLists": false,
            "name": "OBSERVEDKEY",
            "value": "observation",
            "i": 9.0
          },
          {
            "datatype": "INTEGER",
            "isRequired": false,
            "allowsLists": false,
            "name": "BATCHSIZE",
            "value": "",
            "i": 10.0
          },
          {
            "allowsLists": true,
            "name": "SKIPKEY",
            "datatype": "COLUMNS",
            "targetTable": "vertices",
            "value": "",
            "isRequired": false,
            "i": 11.0
          },
          {
            "datatype": "STRING",
            "isRequired": false,
            "allowsLists": true,
            "name": "OUTPUTTABLES",
            "value": "dss.pi_loyalty\u0000dss.A_loyalty\u0000dss.B_loyalty",
            "i": 12.0
          }
        ],
        "queries": [],
        "hasInputTable": true,
        "function_version": "1.3"
      }
    }
  },
  "customMeta": {
    "kv": {}
  },
  "redispatchPartitioning": false,
  "maxRunningActivities": 0,
  "inputs": {
    "main": {
      "items": [
        {
          "ref": "customer_loyalty",
          "deps": []
        }
      ]
    }
  },
  "outputs": {
    "main": {
      "items": [
        {
          "ref": "hmmsupervisedlearner_out",
          "appendMode": false
        }
      ]
    }
  },
  "versionTag": {
    "versionNumber": 2,
    "lastModifiedBy": {
      "login": "dt186022"
    },
    "lastModifiedOn": 1517822194815
  },
  "creationTag": {
    "versionNumber": 0,
    "lastModifiedBy": {
      "login": "dt186022"
    },
    "lastModifiedOn": 1499255611665
  },
  "tags": [],
  "checklists": {
    "checklists": []
  }
}