{
  "type": "CustomCode_StatisticalAnalysisAster",
  "neverRecomputeExistingPartitions": false,
  "optionalDependencies": false,
  "params": {
    "customConfig": {
      "category": "Statistical Analysis",
      "distribution_key": "model_id",
      "distribution": "fact",
      "function": {
        "isOrdered": false,
        "asterarguments": "",
        "isQueryMode": false,
        "unaliased_inputs": {
          "count": 0.0,
          "values": [],
          "desc": {}
        },
        "required_input": [
          {
            "kind": "PartitionByKey",
            "name": "observation",
            "isOrdered": true,
            "value": "test_loan_predictions",
            "orderByColumn": [
              "seq_id",
              "seq_vertex_id"
            ],
            "isRequired": true,
            "partitionAttributes": [
              "model_id"
            ]
          },
          {
            "kind": "PartitionByKey",
            "name": "InitStateProb",
            "isOrdered": false,
            "value": "pi_loan",
            "orderByColumn": [
              ""
            ],
            "isRequired": true,
            "partitionAttributes": [
              "model_id"
            ]
          },
          {
            "kind": "PartitionByKey",
            "name": "StateTransitionProb",
            "isOrdered": false,
            "value": "a_loan",
            "orderByColumn": [
              ""
            ],
            "isRequired": true,
            "partitionAttributes": [
              "model_id"
            ]
          },
          {
            "kind": "PartitionByKey",
            "name": "EmissionProb",
            "isOrdered": false,
            "value": "b_loan",
            "orderByColumn": [
              ""
            ],
            "isRequired": true,
            "partitionAttributes": [
              "model_id"
            ]
          }
        ],
        "name": "HMMEVALUATOR",
        "partitionInputKind": [],
        "orderByColumn": [
          ""
        ],
        "partitionAttributes": [
          ""
        ],
        "arguments": [
          {
            "datatype": "BOOLEAN",
            "isRequired": false,
            "allowsLists": false,
            "name": "SHOWCHANGERATE",
            "value": true,
            "i": 0.0
          },
          {
            "datatype": "BOOLEAN",
            "isRequired": false,
            "allowsLists": false,
            "name": "INCREMENTALEVALUATE",
            "value": true,
            "i": 1.0
          },
          {
            "allowsLists": true,
            "name": "ACCUMULATE",
            "datatype": "COLUMNS",
            "targetTable": "observation",
            "value": "",
            "isRequired": false,
            "i": 2.0
          },
          {
            "allowsLists": true,
            "name": "INITSTATEMODELKEY",
            "datatype": "COLUMNS",
            "targetTable": "InitStateProb",
            "value": [
              "model_id"
            ],
            "isRequired": true,
            "i": 3.0
          },
          {
            "allowsLists": true,
            "name": "INITSTATEKEY",
            "datatype": "COLUMNS",
            "targetTable": "InitStateProb",
            "value": [
              "state"
            ],
            "isRequired": true,
            "i": 4.0
          },
          {
            "allowsLists": true,
            "name": "INITSTATEPROBKEY",
            "datatype": "COLUMNS",
            "targetTable": "InitStateProb",
            "value": [
              "probability"
            ],
            "isRequired": true,
            "i": 5.0
          },
          {
            "allowsLists": true,
            "name": "STATETRANSMODELKEY",
            "datatype": "COLUMNS",
            "targetTable": "StateTransitionProb",
            "value": [
              "model_id"
            ],
            "isRequired": true,
            "i": 6.0
          },
          {
            "allowsLists": true,
            "name": "STATETRANSFROMSTATEKEY",
            "datatype": "COLUMNS",
            "targetTable": "StateTransitionProb",
            "value": [
              "from_state"
            ],
            "isRequired": true,
            "i": 7.0
          },
          {
            "allowsLists": true,
            "name": "STATETRANSTOSTATEKEY",
            "datatype": "COLUMNS",
            "targetTable": "StateTransitionProb",
            "value": [
              "to_state"
            ],
            "isRequired": true,
            "i": 8.0
          },
          {
            "allowsLists": true,
            "name": "STATETRANSPROBKEY",
            "datatype": "COLUMNS",
            "targetTable": "StateTransitionProb",
            "value": [
              "probability"
            ],
            "isRequired": true,
            "i": 9.0
          },
          {
            "allowsLists": true,
            "name": "EMITMODELKEY",
            "datatype": "COLUMNS",
            "targetTable": "EmissionProb",
            "value": [
              "model_id"
            ],
            "isRequired": true,
            "i": 10.0
          },
          {
            "allowsLists": true,
            "name": "EMITSTATEKEY",
            "datatype": "COLUMNS",
            "targetTable": "EmissionProb",
            "value": [
              "state"
            ],
            "isRequired": true,
            "i": 11.0
          },
          {
            "allowsLists": true,
            "name": "EMITOBSERVEDKEY",
            "datatype": "COLUMNS",
            "targetTable": "EmissionProb",
            "value": [
              "observed"
            ],
            "isRequired": true,
            "i": 12.0
          },
          {
            "allowsLists": true,
            "name": "EMITPROBKEY",
            "datatype": "COLUMNS",
            "targetTable": "EmissionProb",
            "value": [
              "probability"
            ],
            "isRequired": true,
            "i": 13.0
          },
          {
            "datatype": "STRING",
            "isRequired": true,
            "allowsLists": false,
            "name": "MODELKEY",
            "value": "model_id",
            "i": 14.0
          },
          {
            "datatype": "STRING",
            "isRequired": true,
            "allowsLists": false,
            "name": "SEQUENCEKEY",
            "value": "seq_id",
            "i": 15.0
          },
          {
            "datatype": "STRING",
            "isRequired": true,
            "allowsLists": false,
            "name": "OBSERVEDKEY",
            "value": "observed_id",
            "i": 16.0
          },
          {
            "datatype": "STRING",
            "isRequired": false,
            "allowsLists": false,
            "name": "SEQUENCEPROBKEY",
            "value": "",
            "i": 17.0
          },
          {
            "datatype": "STRING",
            "isRequired": false,
            "allowsLists": false,
            "name": "SKIPKEY",
            "value": "",
            "i": 18.0
          }
        ],
        "queries": [],
        "hasInputTable": true,
        "function_version": "1.3"
      }
    }
  },
  "customMeta": {
    "kv": {}
  },
  "redispatchPartitioning": false,
  "maxRunningActivities": 0,
  "inputs": {
    "main": {
      "items": [
        {
          "ref": "a_loan",
          "deps": []
        },
        {
          "ref": "b_loan",
          "deps": []
        },
        {
          "ref": "test_loan_predictions",
          "deps": []
        },
        {
          "ref": "test_loan_predictions2",
          "deps": []
        },
        {
          "ref": "pi_loan",
          "deps": []
        }
      ]
    }
  },
  "outputs": {
    "main": {
      "items": [
        {
          "ref": "hmmevaluator_out",
          "appendMode": false
        }
      ]
    }
  },
  "versionTag": {
    "versionNumber": 3,
    "lastModifiedBy": {
      "login": "dt186022"
    },
    "lastModifiedOn": 1517822417599
  },
  "creationTag": {
    "versionNumber": 0,
    "lastModifiedBy": {
      "login": "dt186022"
    },
    "lastModifiedOn": 1499259592634
  },
  "tags": [],
  "checklists": {
    "checklists": []
  }
}