{
  "type": "CustomCode_StatisticalAnalysisAster",
  "neverRecomputeExistingPartitions": false,
  "optionalDependencies": false,
  "params": {
    "customConfig": {
      "category": "Statistical Analysis",
      "distribution_key": "class",
      "distribution": "fact",
      "function": {
        "isOrdered": false,
        "asterarguments": "",
        "isQueryMode": false,
        "unaliased_inputs": {
          "count": 1.0,
          "values": [
            "dss_iris_category_expect_predict"
          ],
          "desc": {}
        },
        "required_input": [],
        "name": "FMEASURE",
        "partitionInputKind": [
          "PartitionByOne"
        ],
        "orderByColumn": [
          ""
        ],
        "partitionAttributes": [
          ""
        ],
        "arguments": [
          {
            "datatype": "COLUMNS",
            "isRequired": true,
            "allowsLists": false,
            "name": "EXPECTCOLUMN",
            "value": "expected",
            "i": 0.0
          },
          {
            "datatype": "COLUMNS",
            "isRequired": true,
            "allowsLists": false,
            "name": "PREDICTCOLUMN",
            "value": "predicted",
            "i": 1.0
          },
          {
            "datatype": "DOUBLE",
            "isRequired": false,
            "allowsLists": false,
            "name": "BETA",
            "value": 1.0,
            "i": 2.0
          }
        ],
        "queries": [],
        "hasInputTable": true,
        "function_version": "1.3"
      }
    }
  },
  "customMeta": {
    "kv": {}
  },
  "redispatchPartitioning": false,
  "maxRunningActivities": 0,
  "inputs": {
    "main": {
      "items": [
        {
          "ref": "dss_iris_category_expect_predict",
          "deps": []
        }
      ]
    }
  },
  "outputs": {
    "main": {
      "items": [
        {
          "ref": "fmeasure_out",
          "appendMode": false
        }
      ]
    }
  },
  "versionTag": {
    "versionNumber": 2,
    "lastModifiedBy": {
      "login": "dt186022"
    },
    "lastModifiedOn": 1517823084925
  },
  "creationTag": {
    "versionNumber": 0,
    "lastModifiedBy": {
      "login": "dt186022"
    },
    "lastModifiedOn": 1499064669378
  },
  "tags": [],
  "checklists": {
    "checklists": []
  }
}