{
  "type": "CustomCode_StatisticalAnalysisAster",
  "neverRecomputeExistingPartitions": false,
  "optionalDependencies": false,
  "params": {
    "customConfig": {
      "category": "Statistical Analysis",
      "distribution_key": "distribution",
      "distribution": "fact",
      "function": {
        "isOrdered": false,
        "asterarguments": "",
        "isQueryMode": false,
        "unaliased_inputs": {
          "count": 0.0,
          "values": [],
          "desc": {}
        },
        "required_input": [
          {
            "kind": "PartitionByOne",
            "name": "model1",
            "isOrdered": false,
            "value": "lrtestmodel1",
            "orderByColumn": [
              ""
            ],
            "isRequired": true,
            "partitionAttributes": [
              ""
            ]
          },
          {
            "kind": "PartitionByOne",
            "name": "model2",
            "isOrdered": false,
            "value": "lrtestmodel2",
            "orderByColumn": [
              ""
            ],
            "isRequired": true,
            "partitionAttributes": [
              ""
            ]
          }
        ],
        "name": "LRTEST",
        "partitionInputKind": [],
        "orderByColumn": [
          ""
        ],
        "partitionAttributes": [
          ""
        ],
        "arguments": [
          {
            "allowsLists": true,
            "name": "STATISTIC",
            "datatype": "COLUMNS",
            "targetTable": "model1",
            "value": [
              "predictor"
            ],
            "isRequired": false,
            "i": 0.0
          },
          {
            "allowsLists": true,
            "name": "LOGLIK",
            "datatype": "COLUMNS",
            "targetTable": "model1",
            "value": [
              "estimate"
            ],
            "isRequired": false,
            "i": 1.0
          },
          {
            "allowsLists": true,
            "name": "NUMOBSERVATION",
            "datatype": "COLUMNS",
            "targetTable": "model1",
            "value": [
              "std_err"
            ],
            "isRequired": false,
            "i": 2.0
          },
          {
            "allowsLists": true,
            "name": "NUMPARAMETER",
            "datatype": "COLUMNS",
            "targetTable": "model1",
            "value": [
              "z_score"
            ],
            "isRequired": false,
            "i": 3.0
          }
        ],
        "queries": [],
        "hasInputTable": true,
        "function_version": "1.1"
      }
    }
  },
  "customMeta": {
    "kv": {}
  },
  "redispatchPartitioning": false,
  "maxRunningActivities": 0,
  "inputs": {
    "main": {
      "items": [
        {
          "ref": "lrtestmodel1",
          "deps": []
        },
        {
          "ref": "lrtestmodel2",
          "deps": []
        }
      ]
    }
  },
  "outputs": {
    "main": {
      "items": [
        {
          "ref": "lrtest_out2",
          "appendMode": false
        }
      ]
    }
  },
  "versionTag": {
    "versionNumber": 3,
    "lastModifiedBy": {
      "login": "dt186022"
    },
    "lastModifiedOn": 1517820080461
  },
  "creationTag": {
    "versionNumber": 0,
    "lastModifiedBy": {
      "login": "dt186022"
    },
    "lastModifiedOn": 1499264317679
  },
  "tags": [],
  "checklists": {
    "checklists": []
  }
}