{
  "type": "CustomCode_StatisticalAnalysisAster",
  "neverRecomputeExistingPartitions": false,
  "optionalDependencies": false,
  "params": {
    "customConfig": {
      "category": "Statistical Analysis",
      "distribution_key": "predictor",
      "distribution": "fact",
      "function": {
        "isOrdered": false,
        "asterarguments": "",
        "isQueryMode": false,
        "unaliased_inputs": {
          "count": 0.0,
          "values": [],
          "desc": {}
        },
        "required_input": [],
        "name": "COXPH",
        "partitionInputKind": [],
        "orderByColumn": [
          ""
        ],
        "partitionAttributes": [
          ""
        ],
        "arguments": [
          {
            "datatype": "STRING",
            "isRequired": true,
            "allowsLists": false,
            "name": "INPUTTABLE",
            "value": "dss.lungcancer",
            "i": 0.0
          },
          {
            "datatype": "STRING",
            "isRequired": true,
            "allowsLists": false,
            "name": "COEFFICIENT_TABLE",
            "value": "dss.lungcancer_coef2",
            "i": 1.0
          },
          {
            "datatype": "STRING",
            "isRequired": true,
            "allowsLists": false,
            "name": "LINEAR_PREDICTOR_TABLE",
            "value": "dss.lungcancer_lp2",
            "i": 2.0
          },
          {
            "datatype": "INTEGER",
            "isRequired": false,
            "allowsLists": false,
            "name": "MAXITERNUM",
            "value": 10.0,
            "i": 3.0
          },
          {
            "datatype": "DOUBLE",
            "isRequired": false,
            "allowsLists": false,
            "name": "THRESHOLD",
            "value": 1.0E-9,
            "i": 4.0
          },
          {
            "datatype": "STRING",
            "isRequired": true,
            "allowsLists": false,
            "name": "EVENT_COLUMN",
            "value": "status",
            "i": 5.0
          },
          {
            "datatype": "STRING",
            "isRequired": true,
            "allowsLists": false,
            "name": "TIME_INTERVAL_COLUMN",
            "value": "time_int",
            "i": 6.0
          },
          {
            "datatype": "STRING",
            "isRequired": true,
            "allowsLists": true,
            "name": "FEATURE_COLUMNS",
            "value": "karno\u0000diagtime\u0000age",
            "i": 7.0
          },
          {
            "datatype": "STRING",
            "isRequired": false,
            "allowsLists": true,
            "name": "ACCUMULATE",
            "value": "",
            "i": 8.0
          }
        ],
        "queries": [],
        "hasInputTable": false,
        "function_version": "1.0"
      }
    }
  },
  "customMeta": {
    "kv": {}
  },
  "redispatchPartitioning": false,
  "maxRunningActivities": 0,
  "inputs": {
    "main": {
      "items": [
        {
          "ref": "lungcancer",
          "deps": []
        }
      ]
    }
  },
  "outputs": {
    "main": {
      "items": [
        {
          "ref": "coxph",
          "appendMode": false
        }
      ]
    }
  },
  "versionTag": {
    "versionNumber": 4,
    "lastModifiedBy": {
      "login": "dt186022"
    },
    "lastModifiedOn": 1517823433756
  },
  "creationTag": {
    "versionNumber": 0,
    "lastModifiedBy": {
      "login": "dt186022"
    },
    "lastModifiedOn": 1499221535140
  },
  "tags": [],
  "checklists": {
    "checklists": []
  }
}