{
  "type": "CustomCode_StatisticalAnalysisAster",
  "neverRecomputeExistingPartitions": false,
  "optionalDependencies": false,
  "params": {
    "customConfig": {
      "category": "Statistical Analysis",
      "distribution_key": "classid",
      "distribution": "fact",
      "function": {
        "isOrdered": false,
        "asterarguments": "",
        "isQueryMode": false,
        "unaliased_inputs": {
          "count": 0.0,
          "values": [],
          "desc": {}
        },
        "required_input": [
          {
            "kind": "PartitionByAny",
            "name": "input",
            "isOrdered": false,
            "value": "svmword_train",
            "orderByColumn": [
              ""
            ],
            "isRequired": true,
            "partitionAttributes": [
              ""
            ]
          },
          {
            "kind": "Dimension",
            "name": "model",
            "isOrdered": false,
            "value": "svmwordlemodel_out",
            "orderByColumn": [
              ""
            ],
            "isRequired": true,
            "partitionAttributes": [
              ""
            ]
          }
        ],
        "name": "SVMMODELPRINTER",
        "partitionInputKind": [],
        "orderByColumn": [
          ""
        ],
        "partitionAttributes": [
          ""
        ],
        "arguments": [
          {
            "allowsLists": false,
            "name": "ATTRIBUTECOLUMN",
            "datatype": "COLUMNS",
            "targetTable": "input",
            "value": "term",
            "isRequired": true,
            "i": 0.0
          },
          {
            "datatype": "BOOLEAN",
            "isRequired": false,
            "allowsLists": false,
            "name": "SHOWSUMMARY",
            "value": false,
            "i": 1.0
          }
        ],
        "queries": [],
        "hasInputTable": true,
        "function_version": "1.1"
      }
    }
  },
  "customMeta": {
    "kv": {}
  },
  "redispatchPartitioning": false,
  "maxRunningActivities": 0,
  "inputs": {
    "main": {
      "items": [
        {
          "ref": "svmword_train",
          "deps": []
        },
        {
          "ref": "svmwordlemodel_out",
          "deps": []
        }
      ]
    }
  },
  "outputs": {
    "main": {
      "items": [
        {
          "ref": "svmmodelprinter_out",
          "appendMode": false
        }
      ]
    }
  },
  "versionTag": {
    "versionNumber": 2,
    "lastModifiedBy": {
      "login": "dt186022"
    },
    "lastModifiedOn": 1517818403025
  },
  "creationTag": {
    "versionNumber": 0,
    "lastModifiedBy": {
      "login": "dt186022"
    },
    "lastModifiedOn": 1499160567453
  },
  "tags": [],
  "checklists": {
    "checklists": []
  }
}