{
  "type": "CustomCode_StatisticalAnalysisAster",
  "neverRecomputeExistingPartitions": false,
  "optionalDependencies": false,
  "params": {
    "customConfig": {
      "category": "Statistical Analysis",
      "distribution_key": "id",
      "distribution": "fact",
      "function": {
        "isOrdered": true,
        "asterarguments": "",
        "isQueryMode": false,
        "unaliased_inputs": {
          "count": 1.0,
          "values": [
            "ibm_stock1"
          ],
          "desc": {}
        },
        "required_input": [],
        "name": "EMAVG",
        "partitionInputKind": [
          "PartitionByKey"
        ],
        "orderByColumn": [
          "period"
        ],
        "partitionAttributes": [
          "name"
        ],
        "arguments": [
          {
            "datatype": "DOUBLE",
            "isRequired": false,
            "allowsLists": false,
            "name": "ALPHA",
            "value": 0.1,
            "i": 0.0
          },
          {
            "datatype": "INTEGER",
            "isRequired": false,
            "allowsLists": false,
            "name": "START_ROWS",
            "value": "10",
            "i": 1.0
          },
          {
            "datatype": "BOOLEAN",
            "isRequired": false,
            "allowsLists": false,
            "name": "RETURN_ALL",
            "value": true,
            "i": 2.0
          },
          {
            "datatype": "COLUMNS",
            "isRequired": false,
            "allowsLists": true,
            "name": "COLUMNS",
            "value": [
              "stockprice"
            ],
            "i": 3.0
          }
        ],
        "queries": [],
        "hasInputTable": true,
        "function_version": "1.2"
      }
    }
  },
  "customMeta": {
    "kv": {}
  },
  "redispatchPartitioning": false,
  "maxRunningActivities": 0,
  "inputs": {
    "main": {
      "items": [
        {
          "ref": "ibm_stock1",
          "deps": []
        }
      ]
    }
  },
  "outputs": {
    "main": {
      "items": [
        {
          "ref": "emavg_out",
          "appendMode": false
        }
      ]
    }
  },
  "versionTag": {
    "versionNumber": 3,
    "lastModifiedBy": {
      "login": "dt186022"
    },
    "lastModifiedOn": 1517823762490
  },
  "creationTag": {
    "versionNumber": 0,
    "lastModifiedBy": {
      "login": "dt186022"
    },
    "lastModifiedOn": 1499053407901
  },
  "tags": [],
  "checklists": {
    "checklists": []
  }
}