{
  "type": "CustomCode_StatisticalAnalysisAster",
  "neverRecomputeExistingPartitions": false,
  "optionalDependencies": false,
  "params": {
    "customConfig": {
      "category": "Statistical Analysis",
      "distribution_key": "bin",
      "distribution": "fact",
      "function": {
        "isOrdered": false,
        "asterarguments": "",
        "isQueryMode": false,
        "unaliased_inputs": {
          "count": 0.0,
          "values": [],
          "desc": {}
        },
        "required_input": [
          {
            "isOrdered": false,
            "name": "InputTable",
            "value": "cracker",
            "orderByColumn": [
              ""
            ],
            "isRequired": true,
            "partitionAttributes": [
              ""
            ]
          }
        ],
        "name": "APPROXDCOUNTMAP",
        "partitionInputKind": [],
        "orderByColumn": [
          ""
        ],
        "partitionAttributes": [
          ""
        ],
        "arguments": [
          {
            "datatype": "STRING",
            "isRequired": true,
            "allowsLists": true,
            "name": "COLUMNS",
            "value": "sn\u0000id\u0000dispsunshine\u0000dispkeebler\u0000dispnabisco\u0000dispprivate\u0000featsunshine\u0000featkeebler\u0000featnabisco\u0000featprivate\u0000pricesunshine\u0000pricekeebler\u0000pricenabisco\u0000priceprivate\u0000choice",
            "i": 0.0
          },
          {
            "datatype": "DOUBLE",
            "isRequired": false,
            "allowsLists": false,
            "name": "ERROR",
            "value": "10",
            "i": 1.0
          }
        ],
        "queries": [],
        "hasInputTable": true,
        "function_version": "1.0"
      }
    }
  },
  "customMeta": {
    "kv": {}
  },
  "redispatchPartitioning": false,
  "maxRunningActivities": 0,
  "inputs": {
    "main": {
      "items": [
        {
          "ref": "cracker",
          "deps": []
        }
      ]
    }
  },
  "outputs": {
    "main": {
      "items": [
        {
          "ref": "approxdcountmap_out",
          "appendMode": false
        }
      ]
    }
  },
  "versionTag": {
    "versionNumber": 5,
    "lastModifiedBy": {
      "login": "dt186022"
    },
    "lastModifiedOn": 1517824513551
  },
  "creationTag": {
    "versionNumber": 0,
    "lastModifiedBy": {
      "login": "dt186022"
    },
    "lastModifiedOn": 1499070255696
  },
  "tags": [],
  "checklists": {
    "checklists": []
  }
}