{
  "type": "CustomCode_ClusterAster",
  "neverRecomputeExistingPartitions": false,
  "optionalDependencies": false,
  "params": {
    "customConfig": {
      "category": "Cluster Analysis",
      "distribution_key": "id",
      "distribution": "fact",
      "function": {
        "isOrdered": false,
        "asterarguments": "",
        "isQueryMode": false,
        "unaliased_inputs": {
          "count": 1.0,
          "values": [
            "computers_train1"
          ],
          "desc": {}
        },
        "required_input": [
          {
            "isOrdered": false,
            "name": "Dimension",
            "inputKindChoices": [
              "Dimension"
            ],
            "kind": "Dimension",
            "value": "kmeanssample_centroid",
            "orderByColumn": [
              ""
            ],
            "isRequired": true,
            "partitionAttributes": [
              ""
            ]
          }
        ],
        "name": "KMEANSPLOT",
        "partitionInputKind": [
          "PartitionByAny"
        ],
        "orderByColumn": [
          ""
        ],
        "partitionAttributes": [
          ""
        ],
        "arguments": [
          {
            "datatype": "STRING",
            "isRequired": false,
            "allowsLists": false,
            "name": "CENTROIDSTABLE",
            "value": "\"dss\".\"kmeanssample_centroid\"",
            "i": 0.0
          },
          {
            "datatype": "BOOLEAN",
            "isRequired": false,
            "allowsLists": false,
            "name": "PRINTDISTANCE",
            "value": false,
            "i": 1.0
          }
        ],
        "queries": [],
        "hasInputTable": true,
        "function_version": "1.2"
      }
    }
  },
  "customMeta": {
    "kv": {}
  },
  "redispatchPartitioning": false,
  "maxRunningActivities": 0,
  "inputs": {
    "main": {
      "items": [
        {
          "ref": "kmeanssample_centroid",
          "deps": []
        },
        {
          "ref": "computers_train1",
          "deps": []
        }
      ]
    }
  },
  "outputs": {
    "main": {
      "items": [
        {
          "ref": "kmeansplot_out",
          "appendMode": false
        }
      ]
    }
  },
  "versionTag": {
    "versionNumber": 8,
    "lastModifiedBy": {
      "login": "dt186022"
    },
    "lastModifiedOn": 1517552306845
  },
  "creationTag": {
    "versionNumber": 0,
    "lastModifiedBy": {
      "login": "dt186022"
    },
    "lastModifiedOn": 1495776883364
  },
  "tags": [],
  "checklists": {
    "checklists": []
  }
}