{
  "type": "CustomCode_ClusterAster",
  "neverRecomputeExistingPartitions": false,
  "optionalDependencies": false,
  "params": {
    "customConfig": {
      "category": "Cluster Analysis",
      "distribution": "dimension",
      "function": {
        "orderByColumn": [
          ""
        ],
        "partitionAttributes": [
          ""
        ],
        "unaliased_inputs": {
          "count": 0.0,
          "values": [],
          "desc": {}
        },
        "name": "MINHASH",
        "partitionInputKind": [],
        "hasInputTable": false,
        "asterarguments": [
          {
            "name": "schema",
            "value": "",
            "label": "Schema"
          },
          {
            "name": "outputType",
            "value": "",
            "label": "Output Table Type"
          },
          {
            "name": "hashKey",
            "value": "",
            "label": "Hash Key Column"
          }
        ],
        "required_input": [],
        "isOrdered": false,
        "arguments": [
          {
            "datatype": "TABLE_NAME",
            "isRequired": true,
            "allowsLists": false,
            "name": "INPUTTABLE",
            "value": "salesdata",
            "i": 0.0
          },
          {
            "allowsLists": false,
            "name": "OUTPUTTABLE",
            "datatype": "TABLE_NAME",
            "value": "\"dss\".\"minhashoutput3\"",
            "isRequired": true,
            "isOutputTable": true,
            "i": 1.0
          },
          {
            "datatype": "TABLE_NAME",
            "isRequired": false,
            "allowsLists": false,
            "name": "SEEDTABLE",
            "value": "",
            "i": 2.0
          },
          {
            "allowsLists": false,
            "name": "SAVESEEDTO",
            "datatype": "TABLE_NAME",
            "value": "",
            "isRequired": false,
            "isOutputTable": true,
            "i": 3.0
          },
          {
            "datatype": "DRIVER",
            "isRequired": false,
            "allowsLists": false,
            "name": "DOMAIN",
            "value": "",
            "i": 4.0
          },
          {
            "datatype": "DRIVER",
            "isRequired": false,
            "allowsLists": false,
            "name": "DATABASE",
            "value": "",
            "i": 5.0
          },
          {
            "datatype": "DRIVER",
            "isRequired": false,
            "allowsLists": false,
            "name": "USERID",
            "value": "",
            "i": 6.0
          },
          {
            "datatype": "DRIVER",
            "isRequired": false,
            "allowsLists": false,
            "name": "PASSWORD",
            "value": "",
            "i": 7.0
          },
          {
            "datatype": "DRIVER",
            "isRequired": false,
            "allowsLists": false,
            "name": "SSLSETTINGS",
            "value": "",
            "i": 8.0
          },
          {
            "datatype": "DRIVER",
            "isRequired": false,
            "allowsLists": false,
            "name": "SSLTRUSTSTOREPASSWORD",
            "value": "",
            "i": 9.0
          },
          {
            "allowsLists": false,
            "name": "IDCOLUMN",
            "datatype": "COLUMN_NAMES",
            "targetTable": "InputTable",
            "value": "userid",
            "isRequired": true,
            "i": 10.0
          },
          {
            "allowsLists": false,
            "name": "ITEMSCOLUMN",
            "datatype": "COLUMN_NAMES",
            "targetTable": "InputTable",
            "value": "itemid",
            "isRequired": true,
            "i": 11.0
          },
          {
            "datatype": "INTEGER",
            "isRequired": true,
            "allowsLists": false,
            "name": "NUMHASHFUNCTIONS",
            "value": "1002",
            "i": 12.0
          },
          {
            "datatype": "INTEGER",
            "isRequired": true,
            "allowsLists": false,
            "name": "KEYGROUPS",
            "value": "3",
            "i": 13.0
          },
          {
            "datatype": "STRING",
            "isRequired": false,
            "allowsLists": false,
            "name": "HASH_INPUT_TYPE",
            "value": "integer",
            "i": 14.0
          },
          {
            "datatype": "INTEGER",
            "isRequired": false,
            "allowsLists": false,
            "name": "MINCLUSTERSIZE",
            "value": 3.0,
            "i": 15.0
          },
          {
            "datatype": "INTEGER",
            "isRequired": false,
            "allowsLists": false,
            "name": "MAXCLUSTERSIZE",
            "value": 5.0,
            "i": 16.0
          },
          {
            "datatype": "STRING",
            "isRequired": false,
            "allowsLists": false,
            "name": "DELIMITER",
            "value": " ",
            "i": 17.0
          }
        ],
        "function_version": "1.1",
        "dropIfExists": true
      }
    }
  },
  "customMeta": {
    "kv": {}
  },
  "redispatchPartitioning": false,
  "maxRunningActivities": 0,
  "inputs": {
    "main": {
      "items": [
        {
          "ref": "salesdata",
          "deps": []
        }
      ]
    }
  },
  "outputs": {
    "main": {
      "items": [
        {
          "ref": "minhash_out",
          "appendMode": false
        }
      ]
    }
  },
  "versionTag": {
    "versionNumber": 14,
    "lastModifiedBy": {
      "login": "dt186022"
    },
    "lastModifiedOn": 1517552058790
  },
  "creationTag": {
    "versionNumber": 0,
    "lastModifiedBy": {
      "login": "dt186022"
    },
    "lastModifiedOn": 1495779473031
  },
  "tags": [],
  "checklists": {
    "checklists": []
  }
}