{
  "type": "CustomCode_ClusterAster",
  "neverRecomputeExistingPartitions": false,
  "optionalDependencies": false,
  "params": {
    "customConfig": {
      "category": "Cluster Analysis",
      "distribution_key": "id",
      "distribution": "fact",
      "function": {
        "orderByColumn": [
          ""
        ],
        "partitionAttributes": [
          ""
        ],
        "unaliased_inputs": {
          "count": 0.0,
          "values": [],
          "desc": {}
        },
        "name": "GMMPREDICT",
        "partitionInputKind": [],
        "hasInputTable": true,
        "asterarguments": [
          {
            "name": "schema",
            "value": "",
            "label": "Schema"
          },
          {
            "name": "outputType",
            "value": "",
            "label": "Output Table Type"
          },
          {
            "name": "hashKey",
            "value": "",
            "label": "Hash Key Column"
          }
        ],
        "required_input": [
          {
            "kind": "PartitionByKey",
            "name": "testdata",
            "isOrdered": false,
            "value": "gmm_iris_test",
            "orderByColumn": [
              ""
            ],
            "isRequired": true,
            "partitionAttributes": [
              "id"
            ]
          },
          {
            "kind": "Dimension",
            "name": "modeldata",
            "isOrdered": false,
            "value": "gmm_output_ex1",
            "orderByColumn": [
              ""
            ],
            "isRequired": true,
            "partitionAttributes": [
              ""
            ]
          }
        ],
        "isOrdered": false,
        "arguments": [
          {
            "datatype": "STRING",
            "isRequired": false,
            "allowsLists": false,
            "name": "OUTPUTFORMAT",
            "value": "",
            "i": 0.0
          },
          {
            "datatype": "INTEGER",
            "isRequired": false,
            "allowsLists": false,
            "name": "TOPNCLUSTERS",
            "value": "3",
            "i": 1.0
          },
          {
            "datatype": "BOOLEAN",
            "isRequired": false,
            "allowsLists": false,
            "name": "PRINTLOGLIKELIHOOD",
            "value": "",
            "i": 2.0
          }
        ],
        "function_version": "1.0"
      }
    }
  },
  "customMeta": {
    "kv": {}
  },
  "redispatchPartitioning": false,
  "maxRunningActivities": 0,
  "inputs": {
    "main": {
      "items": [
        {
          "ref": "gmm_iris_test",
          "deps": []
        },
        {
          "ref": "gmm_output_ex1",
          "deps": []
        }
      ]
    }
  },
  "outputs": {
    "main": {
      "items": [
        {
          "ref": "gmmpredict_out",
          "appendMode": false
        }
      ]
    }
  },
  "versionTag": {
    "versionNumber": 5,
    "lastModifiedBy": {
      "login": "dt186022"
    },
    "lastModifiedOn": 1517552455965
  },
  "creationTag": {
    "versionNumber": 0,
    "lastModifiedBy": {
      "login": "dt186022"
    },
    "lastModifiedOn": 1496222703768
  },
  "tags": [],
  "checklists": {
    "checklists": []
  }
}