{
  "type": "CustomCode_ClusterAster",
  "neverRecomputeExistingPartitions": false,
  "optionalDependencies": false,
  "params": {
    "customConfig": {
      "category": "Cluster Analysis",
      "distribution_key": "property",
      "distribution": "fact",
      "function": {
        "orderByColumn": [
          ""
        ],
        "partitionAttributes": [
          ""
        ],
        "unaliased_inputs": {
          "count": 0.0,
          "values": [],
          "desc": {}
        },
        "name": "GMMFIT",
        "partitionInputKind": [],
        "hasInputTable": true,
        "asterarguments": [
          {
            "name": "schema",
            "value": "",
            "label": "Schema"
          },
          {
            "name": "outputType",
            "value": "",
            "label": "Output Table Type"
          },
          {
            "name": "hashKey",
            "value": "",
            "label": "Hash Key Column"
          }
        ],
        "required_input": [
          {
            "kind": "PartitionByOne",
            "name": "init_params",
            "isOrdered": false,
            "value": "select_1",
            "orderByColumn": [
              ""
            ],
            "isRequired": true,
            "partitionAttributes": [
              ""
            ]
          }
        ],
        "isOrdered": false,
        "arguments": [
          {
            "datatype": "TABLE_NAME",
            "isRequired": true,
            "allowsLists": false,
            "name": "INPUTTABLE",
            "value": "gmm_iris_input",
            "i": 0.0
          },
          {
            "allowsLists": false,
            "name": "OUTPUTTABLE",
            "datatype": "TABLE_NAME",
            "value": "gmm_output_ex1",
            "isRequired": true,
            "isOutputTable": true,
            "i": 1.0
          },
          {
            "datatype": "DRIVER",
            "isRequired": false,
            "allowsLists": false,
            "name": "DOMAIN",
            "value": "",
            "i": 2.0
          },
          {
            "datatype": "DRIVER",
            "isRequired": false,
            "allowsLists": false,
            "name": "DATABASE",
            "value": "",
            "i": 3.0
          },
          {
            "datatype": "DRIVER",
            "isRequired": false,
            "allowsLists": false,
            "name": "USERID",
            "value": "",
            "i": 4.0
          },
          {
            "datatype": "DRIVER",
            "isRequired": false,
            "allowsLists": false,
            "name": "PASSWORD",
            "value": "",
            "i": 5.0
          },
          {
            "datatype": "DRIVER",
            "isRequired": false,
            "allowsLists": false,
            "name": "SSLSETTINGS",
            "value": "",
            "i": 6.0
          },
          {
            "datatype": "DRIVER",
            "isRequired": false,
            "allowsLists": false,
            "name": "SSLTRUSTSTOREPASSWORD",
            "value": "",
            "i": 7.0
          },
          {
            "datatype": "INTEGER",
            "isRequired": false,
            "allowsLists": false,
            "name": "MAXCLUSTERNUM",
            "value": "20",
            "i": 8.0
          },
          {
            "datatype": "INTEGER",
            "isRequired": false,
            "allowsLists": false,
            "name": "CLUSTERNUM",
            "value": "",
            "i": 9.0
          },
          {
            "datatype": "STRING",
            "isRequired": false,
            "allowsLists": false,
            "name": "COVARIANCETYPE",
            "value": "DIAGONAL",
            "i": 10.0
          },
          {
            "datatype": "DOUBLE",
            "isRequired": false,
            "allowsLists": false,
            "name": "TOLERANCE",
            "value": 0.001,
            "i": 11.0
          },
          {
            "datatype": "INTEGER",
            "isRequired": false,
            "allowsLists": false,
            "name": "MAXITERNUM",
            "value": 10.0,
            "i": 12.0
          },
          {
            "datatype": "DOUBLE",
            "isRequired": false,
            "allowsLists": false,
            "name": "CONCENTRATIONPARAM",
            "value": 0.001,
            "i": 13.0
          },
          {
            "datatype": "BOOLEAN",
            "isRequired": false,
            "allowsLists": false,
            "name": "PACKOUTPUT",
            "value": false,
            "i": 14.0
          }
        ],
        "dropIfExists": true,
        "function_version": "1.0"
      }
    }
  },
  "customMeta": {
    "kv": {}
  },
  "redispatchPartitioning": false,
  "maxRunningActivities": 0,
  "inputs": {
    "main": {
      "items": [
        {
          "ref": "gmm_iris_input",
          "deps": []
        },
        {
          "ref": "select_1",
          "deps": []
        }
      ]
    }
  },
  "outputs": {
    "main": {
      "items": [
        {
          "ref": "gmm_out",
          "appendMode": false
        }
      ]
    }
  },
  "versionTag": {
    "versionNumber": 9,
    "lastModifiedBy": {
      "login": "dt186022"
    },
    "lastModifiedOn": 1517552696351
  },
  "creationTag": {
    "versionNumber": 0,
    "lastModifiedBy": {
      "login": "dt186022"
    },
    "lastModifiedOn": 1496222025467
  },
  "tags": [],
  "checklists": {
    "checklists": []
  }
}