{
  "type": "CustomCode_GraphAster",
  "neverRecomputeExistingPartitions": false,
  "optionalDependencies": false,
  "params": {
    "customConfig": {
      "category": "Graph Analysis",
      "distribution_key": "source",
      "distribution": "fact",
      "function": {
        "orderByColumn": [
          ""
        ],
        "partitionAttributes": [
          ""
        ],
        "unaliased_inputs": {
          "count": 0.0,
          "values": [],
          "desc": {}
        },
        "name": "ALLPAIRSSHORTESTPATH",
        "partitionInputKind": [],
        "hasInputTable": true,
        "asterarguments": [
          {
            "name": "schema",
            "value": "",
            "label": "Schema"
          },
          {
            "name": "outputType",
            "value": "",
            "label": "Output Table Type"
          },
          {
            "name": "hashKey",
            "value": "",
            "label": "Hash Key Column"
          }
        ],
        "required_input": [
          {
            "kind": "PartitionByKey",
            "name": "vertices",
            "isOrdered": false,
            "value": "callers",
            "orderByColumn": [
              ""
            ],
            "isRequired": true,
            "partitionAttributes": [
              "callerid"
            ]
          },
          {
            "kind": "PartitionByKey",
            "name": "edges",
            "isOrdered": false,
            "value": "calls",
            "orderByColumn": [
              ""
            ],
            "isRequired": true,
            "partitionAttributes": [
              "callerfrom"
            ]
          },
          {
            "kind": "PartitionByKey",
            "name": "sources",
            "isOrdered": false,
            "value": "",
            "orderByColumn": "",
            "isRequired": false,
            "partitionAttributes": []
          },
          {
            "kind": "PartitionByKey",
            "name": "targets",
            "isOrdered": false,
            "value": "",
            "orderByColumn": "",
            "isRequired": false,
            "partitionAttributes": []
          }
        ],
        "isOrdered": false,
        "arguments": [
          {
            "allowsLists": true,
            "name": "TARGETKEY",
            "datatype": "COLUMNS",
            "targetTable": "edges",
            "value": [
              "callerto"
            ],
            "isRequired": true,
            "i": 0.0
          },
          {
            "datatype": "INTEGER",
            "isRequired": false,
            "allowsLists": false,
            "name": "MAXDISTANCE",
            "value": "-1",
            "i": 1.0
          },
          {
            "allowsLists": false,
            "name": "EDGEWEIGHT",
            "datatype": "COLUMNS",
            "targetTable": "edges",
            "value": "",
            "isRequired": false,
            "i": 2.0
          },
          {
            "datatype": "BOOLEAN",
            "isRequired": false,
            "allowsLists": false,
            "name": "DIRECTED",
            "value": "",
            "i": 3.0
          },
          {
            "datatype": "LONG",
            "isRequired": false,
            "allowsLists": false,
            "name": "GROUPSIZE",
            "value": "",
            "i": 4.0
          }
        ],
        "function_version": "1.1"
      }
    }
  },
  "customMeta": {
    "kv": {}
  },
  "redispatchPartitioning": false,
  "maxRunningActivities": 0,
  "inputs": {
    "main": {
      "items": [
        {
          "ref": "callers",
          "deps": []
        },
        {
          "ref": "calls",
          "deps": []
        }
      ]
    }
  },
  "outputs": {
    "main": {
      "items": [
        {
          "ref": "allpairsshortestpath_out",
          "appendMode": false
        }
      ]
    }
  },
  "versionTag": {
    "versionNumber": 4,
    "lastModifiedBy": {
      "login": "dt186022"
    },
    "lastModifiedOn": 1517560865866
  },
  "creationTag": {
    "versionNumber": 0,
    "lastModifiedBy": {
      "login": "dt186022"
    },
    "lastModifiedOn": 1495782550049
  },
  "tags": [],
  "checklists": {
    "checklists": []
  }
}