{
  "type": "CustomCode_GraphAster",
  "neverRecomputeExistingPartitions": false,
  "optionalDependencies": false,
  "params": {
    "customConfig": {
      "category": "Graph Analysis",
      "distribution_key": "location",
      "distribution": "fact",
      "function": {
        "orderByColumn": [
          ""
        ],
        "partitionAttributes": [
          ""
        ],
        "unaliased_inputs": {
          "count": 0.0,
          "values": [],
          "desc": {}
        },
        "name": "MODULARITY",
        "partitionInputKind": [],
        "hasInputTable": true,
        "asterarguments": [
          {
            "name": "schema",
            "value": "",
            "label": "Schema"
          },
          {
            "name": "outputType",
            "value": "",
            "label": "Output Table Type"
          },
          {
            "name": "hashKey",
            "value": "",
            "label": "Hash Key Column"
          }
        ],
        "required_input": [
          {
            "kind": "PartitionByKey",
            "name": "vertices",
            "isOrdered": false,
            "value": "friends",
            "orderByColumn": [
              ""
            ],
            "isRequired": true,
            "partitionAttributes": [
              "friends_name"
            ]
          },
          {
            "kind": "PartitionByKey",
            "name": "edges",
            "isOrdered": false,
            "value": "followers_leaders",
            "orderByColumn": [
              ""
            ],
            "isRequired": true,
            "partitionAttributes": [
              "follower"
            ]
          },
          {
            "kind": "PartitionByKey",
            "name": "sources",
            "isOrdered": false,
            "value": "",
            "orderByColumn": "",
            "isRequired": false,
            "partitionAttributes": ""
          }
        ],
        "isOrdered": false,
        "arguments": [
          {
            "datatype": "DRIVER",
            "isRequired": false,
            "allowsLists": false,
            "name": "DOMAIN",
            "value": "",
            "i": 0.0
          },
          {
            "datatype": "DRIVER",
            "isRequired": false,
            "allowsLists": false,
            "name": "DATABASE",
            "value": "",
            "i": 1.0
          },
          {
            "datatype": "DRIVER",
            "isRequired": false,
            "allowsLists": false,
            "name": "USERID",
            "value": "",
            "i": 2.0
          },
          {
            "datatype": "DRIVER",
            "isRequired": false,
            "allowsLists": false,
            "name": "PASSWORD",
            "value": "",
            "i": 3.0
          },
          {
            "datatype": "DRIVER",
            "isRequired": false,
            "allowsLists": false,
            "name": "SSLSETTINGS",
            "value": "",
            "i": 4.0
          },
          {
            "datatype": "DRIVER",
            "isRequired": false,
            "allowsLists": false,
            "name": "SSLTRUSTSTOREPASSWORD",
            "value": "",
            "i": 5.0
          },
          {
            "allowsLists": false,
            "name": "COMMUNITYASSOCIATION",
            "datatype": "COLUMNS",
            "targetTable": "vertices",
            "value": "group_id",
            "isRequired": false,
            "i": 6.0
          },
          {
            "datatype": "FLOAT",
            "isRequired": false,
            "allowsLists": true,
            "name": "RESOLUTION",
            "value": [
              1.0
            ],
            "i": 7.0
          },
          {
            "datatype": "STRING",
            "isRequired": false,
            "allowsLists": false,
            "name": "COMMUNITYEDGETABLE",
            "value": "community_edges",
            "i": 8.0
          },
          {
            "datatype": "LONG",
            "isRequired": false,
            "allowsLists": false,
            "name": "SEED",
            "value": "1",
            "i": 9.0
          },
          {
            "allowsLists": true,
            "name": "ACCUMULATE",
            "datatype": "COLUMNS",
            "targetTable": "vertices",
            "value": [
              "location",
              "group_id"
            ],
            "isRequired": false,
            "i": 10.0
          },
          {
            "allowsLists": true,
            "name": "TARGETKEY",
            "datatype": "COLUMNS",
            "targetTable": "edges",
            "value": [
              "leader"
            ],
            "isRequired": true,
            "i": 11.0
          },
          {
            "allowsLists": false,
            "name": "EDGEWEIGHT",
            "datatype": "COLUMNS",
            "targetTable": "edges",
            "value": "",
            "isRequired": false,
            "i": 12.0
          },
          {
            "datatype": "BOOLEAN",
            "isRequired": false,
            "allowsLists": false,
            "name": "DIRECTED",
            "value": true,
            "i": 13.0
          }
        ],
        "function_version": "1.1"
      }
    }
  },
  "customMeta": {
    "kv": {}
  },
  "redispatchPartitioning": false,
  "maxRunningActivities": 0,
  "inputs": {
    "main": {
      "items": [
        {
          "ref": "friends",
          "deps": []
        },
        {
          "ref": "followers_leaders",
          "deps": []
        }
      ]
    }
  },
  "outputs": {
    "main": {
      "items": [
        {
          "ref": "modularity_out",
          "appendMode": false
        }
      ]
    }
  },
  "versionTag": {
    "versionNumber": 9,
    "lastModifiedBy": {
      "login": "dt186022"
    },
    "lastModifiedOn": 1517554262328
  },
  "creationTag": {
    "versionNumber": 0,
    "lastModifiedBy": {
      "login": "dt186022"
    },
    "lastModifiedOn": 1495855671828
  },
  "tags": [],
  "checklists": {
    "checklists": []
  }
}