{
  "type": "CustomCode_GraphAster",
  "neverRecomputeExistingPartitions": false,
  "optionalDependencies": false,
  "params": {
    "customConfig": {
      "category": "Graph Analysis",
      "distribution_key": "start_vertex",
      "distribution": "fact",
      "function": {
        "isOrdered": false,
        "asterarguments": "",
        "isQueryMode": false,
        "unaliased_inputs": {
          "count": 0.0,
          "values": [],
          "desc": {}
        },
        "required_input": [
          {
            "isOrdered": false,
            "name": "vertices",
            "inputKindChoices": [
              "PartitionByKey"
            ],
            "kind": "PartitionByKey",
            "value": "gtree_vertices",
            "orderByColumn": [
              ""
            ],
            "isRequired": true,
            "partitionAttributes": [
              "nodeid",
              "nodestring"
            ]
          },
          {
            "isOrdered": false,
            "name": "edges",
            "inputKindChoices": [
              "PartitionByKey"
            ],
            "kind": "PartitionByKey",
            "value": "gtree_edges",
            "orderByColumn": [
              ""
            ],
            "isRequired": true,
            "partitionAttributes": [
              "nodeid",
              "nodestring"
            ]
          },
          {
            "isOrdered": false,
            "name": "root",
            "inputKindChoices": [
              "PartitionByKey"
            ],
            "kind": "PartitionByKey",
            "value": "gtree_root",
            "orderByColumn": [
              ""
            ],
            "isRequired": true,
            "partitionAttributes": [
              "nodeid",
              "nodestring"
            ]
          }
        ],
        "name": "GTREE",
        "partitionInputKind": [],
        "orderByColumn": [
          ""
        ],
        "partitionAttributes": [
          ""
        ],
        "arguments": [
          {
            "allowsLists": true,
            "name": "TARGETKEY",
            "datatype": "COLUMNS",
            "targetTable": "edges",
            "value": [
              "endnodeid",
              "endnodestring"
            ],
            "isRequired": true,
            "i": 0.0
          },
          {
            "datatype": "BOOLEAN",
            "isRequired": false,
            "allowsLists": false,
            "name": "ALLOWCYCLES",
            "value": true,
            "i": 1.0
          },
          {
            "datatype": "INTEGER",
            "isRequired": false,
            "allowsLists": false,
            "name": "MAXITERNUM",
            "value": "10",
            "i": 2.0
          },
          {
            "datatype": "STRING",
            "isRequired": false,
            "allowsLists": false,
            "name": "OUTPUT",
            "value": "ALL",
            "i": 3.0
          },
          {
            "datatype": "STRING",
            "isRequired": false,
            "allowsLists": true,
            "name": "RESULTS",
            "value": "Propagate (nodeid) AS start_vertex\u0000Current (nodeid) AS end_vertex\u0000Path (nodestring)\u0000Sum (value)\u0000Cycle()\u0000Leaf()",
            "i": 4.0
          },
          {
            "datatype": "STRING",
            "isRequired": false,
            "allowsLists": true,
            "name": "EDGERESULTS",
            "value": "PATH(nodestring, endnodestring) AS edgepath",
            "i": 5.0
          }
        ],
        "queries": [],
        "hasInputTable": true,
        "function_version": "1.0"
      }
    }
  },
  "customMeta": {
    "kv": {}
  },
  "redispatchPartitioning": false,
  "maxRunningActivities": 0,
  "inputs": {
    "main": {
      "items": [
        {
          "ref": "gtree_edges",
          "deps": []
        },
        {
          "ref": "gtree_root",
          "deps": []
        },
        {
          "ref": "gtree_vertices",
          "deps": []
        }
      ]
    }
  },
  "outputs": {
    "main": {
      "items": [
        {
          "ref": "gtree_out",
          "appendMode": false
        }
      ]
    }
  },
  "versionTag": {
    "versionNumber": 5,
    "lastModifiedBy": {
      "login": "dt186022"
    },
    "lastModifiedOn": 1517560589098
  },
  "creationTag": {
    "versionNumber": 0,
    "lastModifiedBy": {
      "login": "dt186022"
    },
    "lastModifiedOn": 1495785400295
  },
  "tags": [],
  "checklists": {
    "checklists": []
  }
}