{
  "type": "CustomCode_TextAnalysisAster_7",
  "neverRecomputeExistingPartitions": false,
  "optionalDependencies": false,
  "params": {
    "customConfig": {
      "category": "Text Analysis",
      "function": {
        "isOrdered": false,
        "asterarguments": "",
        "isQueryMode": false,
        "unaliased_inputs": {
          "count": 0.0,
          "values": [],
          "desc": {}
        },
        "required_input": [
          {
            "isOrdered": false,
            "name": "input",
            "inputKindChoices": [
              "PartitionByKey"
            ],
            "kind": "PartitionByKey",
            "value": "dss_700_tfidf_input1",
            "orderByColumn": [
              ""
            ],
            "isRequired": true,
            "partitionAttributes": [
              "docid"
            ]
          }
        ],
        "name": "TF",
        "partitionInputKind": [],
        "orderByColumn": [],
        "partitionAttributes": [],
        "arguments": [
          {
            "allowsLists": false,
            "name": "FORMULA",
            "datatype": "STRING",
            "value": "normal",
            "isRequired": false,
            "permittedValues": [
              "bool",
              "log",
              "augment",
              "normal"
            ],
            "i": 0.0
          }
        ],
        "queries": [],
        "hasInputTable": true,
        "function_version": "1.2"
      }
    }
  },
  "customMeta": {
    "kv": {}
  },
  "redispatchPartitioning": false,
  "maxRunningActivities": 0,
  "inputs": {
    "main": {
      "items": [
        {
          "ref": "dss_700_tfidf_input1",
          "deps": []
        }
      ]
    }
  },
  "outputs": {
    "main": {
      "items": [
        {
          "ref": "dss_700_tf_out",
          "appendMode": false
        }
      ]
    }
  },
  "versionTag": {
    "versionNumber": 2,
    "lastModifiedBy": {
      "login": "kc186029"
    },
    "lastModifiedOn": 1517297560764
  },
  "creationTag": {
    "versionNumber": 0,
    "lastModifiedBy": {
      "login": "kc186029"
    },
    "lastModifiedOn": 1517284576212
  },
  "tags": [],
  "checklists": {
    "checklists": []
  }
}