{
  "type": "CustomCode_TextAnalysisAster_7",
  "neverRecomputeExistingPartitions": false,
  "optionalDependencies": false,
  "params": {
    "customConfig": {
      "category": "Text Analysis",
      "function": {
        "isOrdered": false,
        "asterarguments": "",
        "isQueryMode": false,
        "unaliased_inputs": {
          "count": 0.0,
          "values": [],
          "desc": {}
        },
        "required_input": [
          {
            "isOrdered": false,
            "name": "input",
            "inputKindChoices": [
              "PartitionByAny"
            ],
            "kind": "PartitionByAny",
            "value": "paragraphs_input",
            "orderByColumn": [
              ""
            ],
            "isRequired": true,
            "partitionAttributes": [
              ""
            ]
          }
        ],
        "name": "NGRAM",
        "partitionInputKind": [],
        "orderByColumn": [],
        "partitionAttributes": [],
        "arguments": [
          {
            "allowsLists": false,
            "name": "TEXTCOLUMN",
            "datatype": "COLUMNS",
            "targetTable": [
              "input"
            ],
            "value": "paratext",
            "isRequired": true,
            "i": 0.0
          },
          {
            "allowsLists": true,
            "name": "ACCUMULATE",
            "datatype": "COLUMNS",
            "targetTable": [
              "input"
            ],
            "value": [
              "paraid",
              "paratopic"
            ],
            "isRequired": false,
            "i": 1.0
          },
          {
            "allowsLists": true,
            "name": "GRAMS",
            "datatype": "STRING",
            "value": "4-6",
            "isRequired": true,
            "permittedValues": [],
            "i": 2.0
          },
          {
            "datatype": "BOOLEAN",
            "isRequired": false,
            "allowsLists": false,
            "name": "OVERLAPPING",
            "value": true,
            "i": 3.0
          },
          {
            "datatype": "BOOLEAN",
            "isRequired": false,
            "allowsLists": false,
            "name": "CASEINSENSITIVE",
            "value": true,
            "i": 4.0
          },
          {
            "allowsLists": false,
            "name": "DELIMITER",
            "datatype": "STRING",
            "value": " ",
            "isRequired": false,
            "permittedValues": [],
            "i": 5.0
          },
          {
            "allowsLists": false,
            "name": "PUNCTUATION",
            "datatype": "STRING",
            "value": "\\[.,?\\!\\]",
            "isRequired": false,
            "permittedValues": [],
            "i": 6.0
          },
          {
            "allowsLists": false,
            "name": "RESET",
            "datatype": "STRING",
            "value": "\\[.,?\\!\\]",
            "isRequired": false,
            "permittedValues": [],
            "i": 7.0
          },
          {
            "datatype": "BOOLEAN",
            "isRequired": false,
            "allowsLists": false,
            "name": "TOTAL",
            "value": true,
            "i": 8.0
          },
          {
            "allowsLists": false,
            "name": "NGRAMCOLUMNNAME",
            "datatype": "STRING",
            "value": "ngram",
            "isRequired": false,
            "permittedValues": [],
            "i": 9.0
          },
          {
            "allowsLists": false,
            "name": "NUMGRAMSCOLUMNNAME",
            "datatype": "STRING",
            "value": "n",
            "isRequired": false,
            "permittedValues": [],
            "i": 10.0
          },
          {
            "allowsLists": false,
            "name": "COUNTCOLUMNNAME",
            "datatype": "STRING",
            "value": "frequency",
            "isRequired": false,
            "permittedValues": [],
            "i": 11.0
          },
          {
            "allowsLists": false,
            "name": "TOTALCOUNTCOLUMNNAME",
            "datatype": "STRING",
            "value": "totalcnt",
            "isRequired": false,
            "permittedValues": [],
            "i": 12.0
          }
        ],
        "queries": [],
        "hasInputTable": true,
        "function_version": "1.6"
      }
    }
  },
  "customMeta": {
    "kv": {}
  },
  "redispatchPartitioning": false,
  "maxRunningActivities": 0,
  "inputs": {
    "main": {
      "items": [
        {
          "ref": "paragraphs_input",
          "deps": []
        }
      ]
    }
  },
  "outputs": {
    "main": {
      "items": [
        {
          "ref": "dss_700_ngram_out",
          "appendMode": false
        }
      ]
    }
  },
  "versionTag": {
    "versionNumber": 1,
    "lastModifiedBy": {
      "login": "kc186029"
    },
    "lastModifiedOn": 1517230851065
  },
  "creationTag": {
    "versionNumber": 0,
    "lastModifiedBy": {
      "login": "kc186029"
    },
    "lastModifiedOn": 1517230769004
  },
  "tags": [],
  "checklists": {
    "checklists": []
  }
}