{
  "type": "CustomCode_AttributionAster",
  "neverRecomputeExistingPartitions": false,
  "optionalDependencies": false,
  "params": {
    "customConfig": {
      "category": "Time Series Analysis",
      "function": {
        "isOrdered": true,
        "asterarguments": "",
        "isQueryMode": false,
        "unaliased_inputs": {
          "count": 1.0,
          "values": [
            "sessionize"
          ],
          "desc": {}
        },
        "required_input": [],
        "name": "SESSIONIZE",
        "partitionInputKind": [
          "PartitionByKey"
        ],
        "orderByColumn": [
          "hit_ts"
        ],
        "partitionAttributes": [
          "visitor_nkey"
        ],
        "arguments": [
          {
            "datatype": "COLUMNS",
            "isRequired": true,
            "allowsLists": false,
            "name": "TIMECOLUMN",
            "value": "hit_ts",
            "i": 0.0
          },
          {
            "datatype": "DOUBLE",
            "isRequired": true,
            "allowsLists": false,
            "name": "TIMEOUT",
            "value": "600",
            "i": 1.0
          },
          {
            "datatype": "DOUBLE",
            "isRequired": false,
            "allowsLists": false,
            "name": "RAPIDFIRE",
            "value": "0.2",
            "i": 2.0
          },
          {
            "datatype": "BOOLEAN",
            "isRequired": false,
            "allowsLists": false,
            "name": "EMITNULL",
            "value": false,
            "i": 3.0
          }
        ],
        "queries": [],
        "hasInputTable": true,
        "function_version": "1.3"
      }
    }
  },
  "customMeta": {
    "kv": {}
  },
  "redispatchPartitioning": false,
  "maxRunningActivities": 0,
  "inputs": {
    "main": {
      "items": [
        {
          "ref": "sessionize",
          "deps": []
        }
      ]
    }
  },
  "outputs": {
    "main": {
      "items": [
        {
          "ref": "dss_sessionize_out",
          "appendMode": false
        }
      ]
    }
  },
  "versionTag": {
    "versionNumber": 3,
    "lastModifiedBy": {
      "login": "kc186029"
    },
    "lastModifiedOn": 1517552517441
  },
  "creationTag": {
    "versionNumber": 0,
    "lastModifiedBy": {
      "login": "kc186029"
    },
    "lastModifiedOn": 1517552286759
  },
  "tags": [],
  "checklists": {
    "checklists": []
  }
}