{
  "type": "CustomCode_AttributionAster",
  "neverRecomputeExistingPartitions": false,
  "optionalDependencies": false,
  "params": {
    "customConfig": {
      "category": "Time Series Analysis",
      "function": {
        "isOrdered": false,
        "asterarguments": "",
        "isQueryMode": false,
        "unaliased_inputs": {
          "count": 0.0,
          "values": [],
          "desc": {}
        },
        "required_input": [],
        "name": "ARIMAPREDICTOR",
        "partitionInputKind": [],
        "orderByColumn": [
          ""
        ],
        "partitionAttributes": [
          ""
        ],
        "arguments": [
          {
            "datatype": "TABLE_NAME",
            "isRequired": true,
            "allowsLists": false,
            "name": "MODELTABLE",
            "value": "arimamodel3",
            "i": 6.0
          },
          {
            "datatype": "TABLE_NAME",
            "isRequired": true,
            "allowsLists": false,
            "name": "RESIDUALTABLE",
            "value": "arimaresidual3",
            "i": 7.0
          },
          {
            "datatype": "DRIVER",
            "isRequired": false,
            "allowsLists": false,
            "name": "DOMAIN",
            "value": "",
            "i": 0.0
          },
          {
            "datatype": "DRIVER",
            "isRequired": false,
            "allowsLists": false,
            "name": "DATABASE",
            "value": "",
            "i": 1.0
          },
          {
            "datatype": "DRIVER",
            "isRequired": false,
            "allowsLists": false,
            "name": "USERID",
            "value": "",
            "i": 2.0
          },
          {
            "datatype": "DRIVER",
            "isRequired": false,
            "allowsLists": false,
            "name": "PASSWORD",
            "value": "",
            "i": 3.0
          },
          {
            "datatype": "DRIVER",
            "isRequired": false,
            "allowsLists": false,
            "name": "SSLSETTINGS",
            "value": "",
            "i": 4.0
          },
          {
            "datatype": "DRIVER",
            "isRequired": false,
            "allowsLists": false,
            "name": "SSLTRUSTSTOREPASSWORD",
            "value": "",
            "i": 5.0
          },
          {
            "allowsLists": true,
            "name": "TIMESTAMPCOLUMNS",
            "datatype": "COLUMN_NAMES",
            "targetTable": "ResidualTable",
            "value": [
              "period"
            ],
            "isRequired": true,
            "i": 8.0
          },
          {
            "allowsLists": false,
            "name": "VALUECOLUMN",
            "datatype": "COLUMN_NAMES",
            "targetTable": "ResidualTable",
            "value": "value",
            "isRequired": false,
            "i": 9.0
          },
          {
            "allowsLists": false,
            "name": "RESIDUALCOLUMN",
            "datatype": "COLUMN_NAMES",
            "targetTable": "ResidualTable",
            "value": "residual",
            "isRequired": false,
            "i": 10.0
          },
          {
            "datatype": "INTEGER",
            "isRequired": true,
            "allowsLists": false,
            "name": "STEPAHEAD",
            "value": "15",
            "i": 11.0
          }
        ],
        "queries": [],
        "hasInputTable": false,
        "function_version": "1.1"
      }
    }
  },
  "customMeta": {
    "kv": {}
  },
  "redispatchPartitioning": false,
  "maxRunningActivities": 0,
  "inputs": {
    "main": {
      "items": [
        {
          "ref": "arimamodel3",
          "deps": []
        },
        {
          "ref": "arimaresidual3",
          "deps": []
        }
      ]
    }
  },
  "outputs": {
    "main": {
      "items": [
        {
          "ref": "dss_arimapredictor_out",
          "appendMode": false
        }
      ]
    }
  },
  "versionTag": {
    "versionNumber": 2,
    "lastModifiedBy": {
      "login": "kc186029"
    },
    "lastModifiedOn": 1517489819046
  },
  "creationTag": {
    "versionNumber": 0,
    "lastModifiedBy": {
      "login": "kc186029"
    },
    "lastModifiedOn": 1517489779023
  },
  "tags": [],
  "checklists": {
    "checklists": []
  }
}