{
  "type": "CustomCode_AttributionAster",
  "neverRecomputeExistingPartitions": false,
  "optionalDependencies": false,
  "params": {
    "customConfig": {
      "category": "Time Series Analysis",
      "function": {
        "isOrdered": true,
        "asterarguments": "",
        "isQueryMode": false,
        "unaliased_inputs": {
          "count": 1.0,
          "values": [
            "aggregate_clicks"
          ],
          "desc": {}
        },
        "required_input": [],
        "name": "NPATH",
        "partitionInputKind": [
          "PartitionByKey"
        ],
        "orderByColumn": [
          "clicktime"
        ],
        "partitionAttributes": [
          "sessionid"
        ],
        "arguments": [
          {
            "datatype": "STRING",
            "isRequired": true,
            "allowsLists": false,
            "name": "MODE",
            "value": "NONOVERLAPPING",
            "i": 0.0
          },
          {
            "datatype": "STRING",
            "isRequired": true,
            "allowsLists": true,
            "name": "PATTERN",
            "value": "^H.A*.P1.A*",
            "i": 1.0
          },
          {
            "datatype": "SQLEXPR",
            "isRequired": true,
            "allowsLists": true,
            "name": "SYMBOLS",
            "value": "pagetype\u003d\u0027home\u0027 as H\u0000pagetype\u003d\u0027page1\u0027 as P1\u0000true as A",
            "i": 2.0
          },
          {
            "datatype": "SQLEXPR",
            "isRequired": true,
            "allowsLists": true,
            "name": "RESULT",
            "value": "first(sessionid of A) as sessionid\u0000accumulate(pagetype of ANY(H,P1,A)) as path",
            "i": 3.0
          }
        ],
        "queries": [],
        "hasInputTable": true,
        "function_version": "1"
      }
    }
  },
  "customMeta": {
    "kv": {}
  },
  "redispatchPartitioning": false,
  "maxRunningActivities": 0,
  "inputs": {
    "main": {
      "items": [
        {
          "ref": "aggregate_clicks",
          "deps": []
        }
      ]
    }
  },
  "outputs": {
    "main": {
      "items": [
        {
          "ref": "dss_npath_out",
          "appendMode": false
        }
      ]
    }
  },
  "versionTag": {
    "versionNumber": 2,
    "lastModifiedBy": {
      "login": "kc186029"
    },
    "lastModifiedOn": 1517551219562
  },
  "creationTag": {
    "versionNumber": 0,
    "lastModifiedBy": {
      "login": "kc186029"
    },
    "lastModifiedOn": 1517551050042
  },
  "tags": [],
  "checklists": {
    "checklists": []
  }
}