{
  "type": "CustomCode_AttributionAster",
  "neverRecomputeExistingPartitions": false,
  "optionalDependencies": false,
  "params": {
    "customConfig": {
      "category": "Time Series Analysis",
      "distribution_key": "event",
      "distribution": "fact",
      "function": {
        "unaliased_inputs": {
          "count": 2.0,
          "values": [
            "attribution_sample_table1",
            "attribution_sample_table2"
          ],
          "desc": {}
        },
        "name": "ATTRIBUTION",
        "partitionInputKind": [
          "PartitionByKey"
        ],
        "hasInputTable": true,
        "asterarguments": [
          {
            "name": "schema",
            "value": "",
            "label": "Schema"
          },
          {
            "name": "outputType",
            "value": "",
            "label": "Output Table Type"
          },
          {
            "name": "hashKey",
            "value": "",
            "label": "Hash Key Column"
          }
        ],
        "required_input": [
          {
            "kind": "Dimension",
            "name": "conversion",
            "isOrdered": false,
            "value": "conversion_event_table",
            "orderByColumn": [
              ""
            ],
            "isRequired": true,
            "partitionAttributes": [
              ""
            ]
          },
          {
            "kind": "Dimension",
            "name": "excluding",
            "isOrdered": false,
            "value": "excluding_event_table",
            "orderByColumn": "",
            "isRequired": false,
            "partitionAttributes": []
          },
          {
            "kind": "Dimension",
            "name": "optional",
            "isOrdered": false,
            "value": "optional_event_table",
            "orderByColumn": "",
            "isRequired": false,
            "partitionAttributes": []
          },
          {
            "kind": "Dimension",
            "name": "model1",
            "isOrdered": false,
            "value": "model1_table",
            "orderByColumn": [
              ""
            ],
            "isRequired": true,
            "partitionAttributes": [
              ""
            ]
          },
          {
            "kind": "Dimension",
            "name": "model2",
            "isOrdered": false,
            "value": "model2_table",
            "orderByColumn": "",
            "isRequired": false,
            "partitionAttributes": []
          }
        ],
        "isOrdered": true,
        "arguments": [
          {
            "datatype": "COLUMNS",
            "isRequired": true,
            "allowsLists": false,
            "name": "EVENT_COLUMN_NAME",
            "value": "event",
            "i": 0.0
          },
          {
            "datatype": "COLUMNS",
            "isRequired": true,
            "allowsLists": false,
            "name": "TIMESTAMP_COLUMN_NAME",
            "value": "time_stamp",
            "i": 1.0
          },
          {
            "datatype": "STRING",
            "isRequired": false,
            "allowsLists": true,
            "name": "CONVERSION_EVENT_TYPE_VALUE",
            "value": "",
            "i": 2.0
          },
          {
            "datatype": "STRING",
            "isRequired": false,
            "allowsLists": true,
            "name": "EXCLUDING_EVENT_TYPE_VALUE",
            "value": "",
            "i": 3.0
          },
          {
            "datatype": "STRING",
            "isRequired": false,
            "allowsLists": true,
            "name": "OPTIONAL_EVENT_TYPE_VALUE",
            "value": "",
            "i": 4.0
          },
          {
            "datatype": "STRING",
            "isRequired": true,
            "allowsLists": false,
            "name": "WINDOW",
            "value": "rows:10\u0026seconds:20",
            "i": 5.0
          },
          {
            "datatype": "STRING",
            "isRequired": false,
            "allowsLists": true,
            "name": "MODEL1",
            "value": "",
            "i": 6.0
          },
          {
            "datatype": "STRING",
            "isRequired": false,
            "allowsLists": true,
            "name": "MODEL2",
            "value": "",
            "i": 7.0
          }
        ],
        "function_version": "2.3",
        "partitionByColumns": [
          "user_id"
        ],
        "orderByColumns": [
          "time_stamp"
        ],
        "orderByColumn": [
          "time_stamp",
          "time_stamp"
        ],
        "partitionByColumn": [
          "user_id"
        ],
        "partitionAttributes": [
          "user_id"
        ]
      }
    }
  },
  "customMeta": {
    "kv": {}
  },
  "redispatchPartitioning": false,
  "maxRunningActivities": 0,
  "inputs": {
    "main": {
      "items": [
        {
          "ref": "conversion_event_table",
          "deps": []
        },
        {
          "ref": "excluding_event_table",
          "deps": []
        },
        {
          "ref": "model2_table",
          "deps": []
        },
        {
          "ref": "model1_table",
          "deps": []
        },
        {
          "ref": "optional_event_table",
          "deps": []
        },
        {
          "ref": "attribution_sample_table1",
          "deps": []
        },
        {
          "ref": "attribution_sample_table2",
          "deps": []
        }
      ]
    }
  },
  "outputs": {
    "main": {
      "items": [
        {
          "ref": "attributionoutput",
          "appendMode": false
        }
      ]
    }
  },
  "versionTag": {
    "versionNumber": 24,
    "lastModifiedBy": {
      "login": "kc186029"
    },
    "lastModifiedOn": 1517479429526
  },
  "creationTag": {
    "versionNumber": 0,
    "lastModifiedBy": {
      "login": "dt186022"
    },
    "lastModifiedOn": 1494922446511
  },
  "tags": [],
  "checklists": {
    "checklists": []
  }
}