{
  "pages": [
    {
      "id": "NoD5pvb",
      "grid": {
        "tiles": []
      },
      "showTitle": false
    }
  ],
  "owner": "kc186029",
  "listed": true,
  "name": "Default dashboard",
  "showGrid": true,
  "versionTag": {
    "versionNumber": 0,
    "lastModifiedBy": {
      "login": "kc186029"
    },
    "lastModifiedOn": 1516961491244
  },
  "creationTag": {
    "versionNumber": 0,
    "lastModifiedBy": {
      "login": "kc186029"
    },
    "lastModifiedOn": 1516961491244
  },
  "tags": [],
  "checklists": {
    "checklists": []
  }
}