{
  "type": "CustomCode_EnsembleAster_7",
  "neverRecomputeExistingPartitions": false,
  "optionalDependencies": false,
  "params": {
    "customConfig": {
      "category": "Ensemble",
      "distribution_key": "message",
      "distribution": "fact",
      "function": {
        "isOrdered": false,
        "asterarguments": "",
        "isQueryMode": false,
        "unaliased_inputs": {
          "count": 0.0,
          "values": [],
          "desc": {}
        },
        "required_input": [],
        "name": "SINGLE_TREE_DRIVE",
        "partitionInputKind": [],
        "orderByColumn": [],
        "partitionAttributes": [],
        "arguments": [
          {
            "datatype": "TABLE_NAME",
            "isRequired": false,
            "allowsLists": false,
            "name": "ATTRIBUTETABLENAME",
            "value": "iris_attribute_train",
            "i": 6.0
          },
          {
            "datatype": "TABLE_NAME",
            "isRequired": false,
            "allowsLists": false,
            "name": "INPUTTABLE",
            "value": "",
            "i": 7.0
          },
          {
            "datatype": "TABLE_NAME",
            "isRequired": false,
            "allowsLists": false,
            "name": "CATEGORICALATTRIBUTETABLENAME",
            "value": "",
            "i": 8.0
          },
          {
            "datatype": "TABLE_NAME",
            "isRequired": false,
            "allowsLists": false,
            "name": "RESPONSETABLENAME",
            "value": "iris_response_train",
            "i": 9.0
          },
          {
            "datatype": "TABLE_NAME",
            "isRequired": false,
            "allowsLists": false,
            "name": "SPLITSTABLENAME",
            "value": "",
            "i": 10.0
          },
          {
            "allowsLists": false,
            "name": "OUTPUTTABLENAME",
            "datatype": "TABLE_NAME",
            "value": "\"advaa_wrkspc1\".\"iris_attribute_output\"",
            "isRequired": true,
            "isOutputTable": true,
            "i": 11.0
          },
          {
            "allowsLists": false,
            "name": "MATERIALIZESPLITSTABLEWITHNAME",
            "datatype": "TABLE_NAME",
            "value": "splits_small",
            "isRequired": false,
            "isOutputTable": true,
            "i": 12.0
          },
          {
            "allowsLists": false,
            "name": "SAVEFINALRESPONSETABLETO",
            "datatype": "TABLE_NAME",
            "value": "",
            "isRequired": false,
            "isOutputTable": true,
            "i": 13.0
          },
          {
            "allowsLists": false,
            "name": "DOMAIN",
            "datatype": "DRIVER",
            "value": "",
            "isRequired": false,
            "permittedValues": [],
            "i": 0.0
          },
          {
            "allowsLists": false,
            "name": "DATABASE",
            "datatype": "DRIVER",
            "value": "",
            "isRequired": false,
            "permittedValues": [],
            "i": 1.0
          },
          {
            "allowsLists": false,
            "name": "USERID",
            "datatype": "DRIVER",
            "value": "",
            "isRequired": false,
            "permittedValues": [],
            "i": 2.0
          },
          {
            "allowsLists": false,
            "name": "PASSWORD",
            "datatype": "DRIVER",
            "value": "",
            "isRequired": false,
            "permittedValues": [],
            "i": 3.0
          },
          {
            "allowsLists": false,
            "name": "SSLSETTINGS",
            "datatype": "DRIVER",
            "value": "",
            "isRequired": false,
            "permittedValues": [],
            "i": 4.0
          },
          {
            "allowsLists": false,
            "name": "SSLTRUSTSTOREPASSWORD",
            "datatype": "DRIVER",
            "value": "",
            "isRequired": false,
            "permittedValues": [],
            "i": 5.0
          },
          {
            "allowsLists": true,
            "name": "ATTRIBUTENAMECOLUMNS",
            "datatype": "COLUMN_NAMES",
            "targetTable": [
              "InputTable",
              "AttributeTableName"
            ],
            "value": [
              "attribute"
            ],
            "isRequired": true,
            "i": 14.0
          },
          {
            "allowsLists": true,
            "name": "IDCOLUMNS",
            "datatype": "COLUMN_NAMES",
            "targetTable": [
              "InputTable",
              "AttributeTableName"
            ],
            "value": [
              "pid"
            ],
            "isRequired": true,
            "i": 15.0
          },
          {
            "allowsLists": false,
            "name": "ATTRIBUTEVALUECOLUMN",
            "datatype": "COLUMN_NAMES",
            "targetTable": [
              "InputTable",
              "AttributeTableName"
            ],
            "value": "attrvalue",
            "isRequired": true,
            "i": 16.0
          },
          {
            "allowsLists": false,
            "name": "RESPONSECOLUMN",
            "datatype": "COLUMN_NAMES",
            "targetTable": [
              "InputTable",
              "ResponseTableName"
            ],
            "value": "response",
            "isRequired": true,
            "i": 17.0
          },
          {
            "allowsLists": false,
            "name": "SPLITSVALUECOLUMN",
            "datatype": "COLUMN_NAMES",
            "targetTable": [
              "SplitsTable"
            ],
            "value": "",
            "isRequired": false,
            "i": 18.0
          },
          {
            "allowsLists": false,
            "name": "WEIGHTCOLUMN",
            "datatype": "COLUMN_NAMES",
            "targetTable": [
              "InputTable",
              "ResponseTableName"
            ],
            "value": "",
            "isRequired": false,
            "i": 19.0
          },
          {
            "datatype": "INTEGER",
            "isRequired": false,
            "allowsLists": false,
            "name": "NUMSPLITS",
            "value": "3",
            "i": 20.0
          },
          {
            "datatype": "BOOLEAN",
            "isRequired": false,
            "allowsLists": false,
            "name": "USEAPPROXIMATESPLITS",
            "value": false,
            "i": 21.0
          },
          {
            "datatype": "BOOLEAN",
            "isRequired": false,
            "allowsLists": false,
            "name": "DROPTABLE",
            "value": false,
            "i": 22.0
          },
          {
            "datatype": "INTEGER",
            "isRequired": false,
            "allowsLists": false,
            "name": "MINNODESIZE",
            "value": "10",
            "i": 23.0
          },
          {
            "datatype": "INTEGER",
            "isRequired": false,
            "allowsLists": false,
            "name": "MAXDEPTH",
            "value": "10",
            "i": 24.0
          },
          {
            "allowsLists": false,
            "name": "IMPURITYMEASUREMENT",
            "datatype": "STRING",
            "value": "GINI",
            "isRequired": false,
            "permittedValues": [
              "GINI",
              "ENTROPY",
              "CHISQUARE"
            ],
            "i": 25.0
          },
          {
            "datatype": "BOOLEAN",
            "isRequired": false,
            "allowsLists": false,
            "name": "WEIGHTED",
            "value": false,
            "i": 26.0
          },
          {
            "datatype": "BOOLEAN",
            "isRequired": false,
            "allowsLists": false,
            "name": "OUTPUTRESPONSEPROBDIST",
            "value": false,
            "i": 27.0
          }
        ],
        "queries": [],
        "hasInputTable": false,
        "dropIfExists": true,
        "function_version": "1.5"
      }
    }
  },
  "customMeta": {
    "kv": {}
  },
  "redispatchPartitioning": false,
  "maxRunningActivities": 0,
  "inputs": {
    "main": {
      "items": [
        {
          "ref": "iris_attribute_train",
          "deps": []
        },
        {
          "ref": "iris_response_train",
          "deps": []
        }
      ]
    }
  },
  "outputs": {
    "main": {
      "items": [
        {
          "ref": "dss_700_singletreedrive_out",
          "appendMode": false
        }
      ]
    }
  },
  "versionTag": {
    "versionNumber": 1,
    "lastModifiedBy": {
      "login": "dt186022"
    },
    "lastModifiedOn": 1517305551265
  },
  "creationTag": {
    "versionNumber": 0,
    "lastModifiedBy": {
      "login": "dt186022"
    },
    "lastModifiedOn": 1517305267095
  },
  "tags": [],
  "checklists": {
    "checklists": []
  }
}