{
  "type": "CustomCode_EnsembleAster_7",
  "neverRecomputeExistingPartitions": false,
  "optionalDependencies": false,
  "params": {
    "customConfig": {
      "category": "Ensemble",
      "distribution_key": "pid",
      "distribution": "fact",
      "function": {
        "isOrdered": false,
        "asterarguments": "",
        "isQueryMode": false,
        "unaliased_inputs": {
          "count": 0.0,
          "values": [],
          "desc": {}
        },
        "required_input": [
          {
            "isOrdered": true,
            "name": "AttributeTable",
            "inputKindChoices": [
              "PartitionByKey"
            ],
            "kind": "PartitionByKey",
            "value": "iris_attribute_test",
            "orderByColumn": [
              "attribute"
            ],
            "isRequired": true,
            "partitionAttributes": [
              "pid"
            ]
          },
          {
            "isOrdered": false,
            "name": "ModelTable",
            "inputKindChoices": [
              "Dimension"
            ],
            "kind": "Dimension",
            "value": "iris_attribute_output",
            "orderByColumn": [
              ""
            ],
            "isRequired": true,
            "partitionAttributes": [
              ""
            ]
          }
        ],
        "name": "SINGLE_TREE_PREDICT",
        "partitionInputKind": [],
        "orderByColumn": [],
        "partitionAttributes": [],
        "arguments": [
          {
            "datatype": "TABLE_NAME",
            "isRequired": false,
            "allowsLists": false,
            "name": "MODELTABLENAME",
            "value": "",
            "i": 6.0
          },
          {
            "allowsLists": false,
            "name": "DOMAIN",
            "datatype": "DRIVER",
            "value": "",
            "isRequired": false,
            "permittedValues": [],
            "i": 0.0
          },
          {
            "allowsLists": false,
            "name": "DATABASE",
            "datatype": "DRIVER",
            "value": "",
            "isRequired": false,
            "permittedValues": [],
            "i": 1.0
          },
          {
            "allowsLists": false,
            "name": "USERID",
            "datatype": "DRIVER",
            "value": "",
            "isRequired": false,
            "permittedValues": [],
            "i": 2.0
          },
          {
            "allowsLists": false,
            "name": "PASSWORD",
            "datatype": "DRIVER",
            "value": "",
            "isRequired": false,
            "permittedValues": [],
            "i": 3.0
          },
          {
            "allowsLists": false,
            "name": "SSLSETTINGS",
            "datatype": "DRIVER",
            "value": "",
            "isRequired": false,
            "permittedValues": [],
            "i": 4.0
          },
          {
            "allowsLists": false,
            "name": "SSLTRUSTSTOREPASSWORD",
            "datatype": "DRIVER",
            "value": "",
            "isRequired": false,
            "permittedValues": [],
            "i": 5.0
          },
          {
            "allowsLists": true,
            "name": "ATTRTABLEGROUPBYCOLUMNS",
            "datatype": "COLUMNS",
            "targetTable": [
              "AttributeTable"
            ],
            "value": [
              "attribute"
            ],
            "isRequired": true,
            "i": 7.0
          },
          {
            "allowsLists": true,
            "name": "ATTRTABLEPIDCOLUMNS",
            "datatype": "COLUMNS",
            "targetTable": [
              "AttributeTable"
            ],
            "value": [
              "pid"
            ],
            "isRequired": true,
            "i": 8.0
          },
          {
            "allowsLists": false,
            "name": "ATTRTABLEVALCOLUMN",
            "datatype": "COLUMNS",
            "targetTable": [
              "AttributeTable"
            ],
            "value": "attrvalue",
            "isRequired": true,
            "i": 9.0
          },
          {
            "allowsLists": true,
            "name": "ACCUMULATE",
            "datatype": "COLUMNS",
            "targetTable": [
              "AttributeTable"
            ],
            "value": "",
            "isRequired": false,
            "i": 10.0
          },
          {
            "datatype": "BOOLEAN",
            "isRequired": false,
            "allowsLists": false,
            "name": "OUTPUTRESPONSEPROBDIST",
            "value": false,
            "i": 11.0
          }
        ],
        "queries": [],
        "hasInputTable": true,
        "function_version": "1.6"
      }
    }
  },
  "customMeta": {
    "kv": {}
  },
  "redispatchPartitioning": false,
  "maxRunningActivities": 0,
  "inputs": {
    "main": {
      "items": [
        {
          "ref": "iris_attribute_output",
          "deps": []
        },
        {
          "ref": "iris_attribute_test",
          "deps": []
        }
      ]
    }
  },
  "outputs": {
    "main": {
      "items": [
        {
          "ref": "dss_700_singletreepredict_out",
          "appendMode": false
        }
      ]
    }
  },
  "versionTag": {
    "versionNumber": 1,
    "lastModifiedBy": {
      "login": "dt186022"
    },
    "lastModifiedOn": 1517306119396
  },
  "creationTag": {
    "versionNumber": 0,
    "lastModifiedBy": {
      "login": "dt186022"
    },
    "lastModifiedOn": 1517306018468
  },
  "tags": [],
  "checklists": {
    "checklists": []
  }
}