{
  "type": "CustomCode_EnsembleAster_7",
  "neverRecomputeExistingPartitions": false,
  "optionalDependencies": false,
  "params": {
    "customConfig": {
      "category": "Ensemble",
      "distribution_key": "message",
      "distribution": "fact",
      "function": {
        "isOrdered": false,
        "asterarguments": "",
        "isQueryMode": false,
        "unaliased_inputs": {
          "count": 0.0,
          "values": [],
          "desc": {}
        },
        "required_input": [],
        "name": "FOREST_DRIVE",
        "partitionInputKind": [],
        "orderByColumn": [],
        "partitionAttributes": [],
        "arguments": [
          {
            "datatype": "TABLE_NAME",
            "isRequired": true,
            "allowsLists": false,
            "name": "INPUTTABLE",
            "value": "housing_train",
            "i": 6.0
          },
          {
            "allowsLists": false,
            "name": "OUTPUTTABLE",
            "datatype": "TABLE_NAME",
            "value": "\"advaa_wrkspc1\".\"rft_model\"",
            "isRequired": true,
            "isOutputTable": true,
            "i": 7.0
          },
          {
            "allowsLists": false,
            "name": "MONITORTABLE",
            "datatype": "TABLE_NAME",
            "value": "default_dt_monitor_table",
            "isRequired": false,
            "isOutputTable": true,
            "i": 8.0
          },
          {
            "allowsLists": false,
            "name": "DOMAIN",
            "datatype": "DRIVER",
            "value": "",
            "isRequired": false,
            "permittedValues": [],
            "i": 0.0
          },
          {
            "allowsLists": false,
            "name": "DATABASE",
            "datatype": "DRIVER",
            "value": "",
            "isRequired": false,
            "permittedValues": [],
            "i": 1.0
          },
          {
            "allowsLists": false,
            "name": "USERID",
            "datatype": "DRIVER",
            "value": "",
            "isRequired": false,
            "permittedValues": [],
            "i": 2.0
          },
          {
            "allowsLists": false,
            "name": "PASSWORD",
            "datatype": "DRIVER",
            "value": "",
            "isRequired": false,
            "permittedValues": [],
            "i": 3.0
          },
          {
            "allowsLists": false,
            "name": "SSLSETTINGS",
            "datatype": "DRIVER",
            "value": "",
            "isRequired": false,
            "permittedValues": [],
            "i": 4.0
          },
          {
            "allowsLists": false,
            "name": "SSLTRUSTSTOREPASSWORD",
            "datatype": "DRIVER",
            "value": "",
            "isRequired": false,
            "permittedValues": [],
            "i": 5.0
          },
          {
            "allowsLists": false,
            "name": "RESPONSE",
            "datatype": "COLUMN_NAMES",
            "targetTable": [
              "InputTable"
            ],
            "value": "homestyle",
            "isRequired": true,
            "i": 9.0
          },
          {
            "allowsLists": true,
            "name": "NUMERICINPUTS",
            "datatype": "COLUMN_NAMES",
            "targetTable": [
              "InputTable"
            ],
            "value": [
              "price",
              "lotsize",
              "bedrooms",
              "bathrms",
              "stories",
              "garagepl"
            ],
            "isRequired": false,
            "i": 10.0
          },
          {
            "allowsLists": true,
            "name": "CATEGORICALINPUTS",
            "datatype": "COLUMN_NAMES",
            "targetTable": [
              "InputTable"
            ],
            "value": [
              "driveway",
              "recroom",
              "fullbase",
              "gashw",
              "airco",
              "prefarea"
            ],
            "isRequired": false,
            "i": 11.0
          },
          {
            "allowsLists": false,
            "name": "TREETYPE",
            "datatype": "STRING",
            "value": "classification",
            "isRequired": false,
            "permittedValues": [],
            "i": 12.0
          },
          {
            "datatype": "INTEGER",
            "isRequired": false,
            "allowsLists": false,
            "name": "NUMTREES",
            "value": "50",
            "i": 13.0
          },
          {
            "datatype": "INTEGER",
            "isRequired": false,
            "allowsLists": false,
            "name": "TREESIZE",
            "value": "",
            "i": 14.0
          },
          {
            "datatype": "INTEGER",
            "isRequired": false,
            "allowsLists": false,
            "name": "MINNODESIZE",
            "value": 1.0,
            "i": 15.0
          },
          {
            "datatype": "DOUBLE",
            "isRequired": false,
            "allowsLists": false,
            "name": "VARIANCE",
            "value": 0.0,
            "i": 16.0
          },
          {
            "datatype": "INTEGER",
            "isRequired": false,
            "allowsLists": false,
            "name": "MAXDEPTH",
            "value": 12.0,
            "i": 17.0
          },
          {
            "datatype": "INTEGER",
            "isRequired": false,
            "allowsLists": false,
            "name": "NUMSURROGATES",
            "value": 0.0,
            "i": 18.0
          },
          {
            "datatype": "INTEGER",
            "isRequired": false,
            "allowsLists": false,
            "name": "MAXNUMCATEGORICALVALUES",
            "value": 20.0,
            "i": 19.0
          },
          {
            "datatype": "BOOLEAN",
            "isRequired": false,
            "allowsLists": false,
            "name": "DROPMONITORTABLE",
            "value": true,
            "i": 20.0
          },
          {
            "datatype": "INTEGER",
            "isRequired": false,
            "allowsLists": false,
            "name": "MTRY",
            "value": "3",
            "i": 21.0
          },
          {
            "datatype": "LONG",
            "isRequired": false,
            "allowsLists": false,
            "name": "MTRYSEED",
            "value": "100",
            "i": 22.0
          },
          {
            "datatype": "LONG",
            "isRequired": false,
            "allowsLists": false,
            "name": "SEED",
            "value": "100",
            "i": 23.0
          },
          {
            "datatype": "BOOLEAN",
            "isRequired": false,
            "allowsLists": false,
            "name": "OUTOFBAG",
            "value": false,
            "i": 24.0
          }
        ],
        "queries": [],
        "hasInputTable": false,
        "dropIfExists": true,
        "function_version": "1.7"
      }
    }
  },
  "customMeta": {
    "kv": {}
  },
  "redispatchPartitioning": false,
  "maxRunningActivities": 0,
  "inputs": {
    "main": {
      "items": [
        {
          "ref": "housing_train",
          "deps": []
        }
      ]
    }
  },
  "outputs": {
    "main": {
      "items": [
        {
          "ref": "dss_700_forestdrive_out",
          "appendMode": false
        }
      ]
    }
  },
  "versionTag": {
    "versionNumber": 1,
    "lastModifiedBy": {
      "login": "dt186022"
    },
    "lastModifiedOn": 1517304227917
  },
  "creationTag": {
    "versionNumber": 0,
    "lastModifiedBy": {
      "login": "dt186022"
    },
    "lastModifiedOn": 1517304041757
  },
  "tags": [],
  "checklists": {
    "checklists": []
  }
}