{
  "type": "CustomCode_EnsembleAster_7",
  "neverRecomputeExistingPartitions": false,
  "optionalDependencies": false,
  "params": {
    "customConfig": {
      "category": "Ensemble",
      "distribution_key": "sn",
      "distribution": "fact",
      "function": {
        "isOrdered": false,
        "asterarguments": "",
        "isQueryMode": false,
        "unaliased_inputs": {
          "count": 0.0,
          "values": [],
          "desc": {}
        },
        "required_input": [
          {
            "isOrdered": false,
            "name": "AttributeTable",
            "inputKindChoices": [
              "PartitionByKey"
            ],
            "kind": "PartitionByKey",
            "value": "housing_test_att",
            "orderByColumn": [
              ""
            ],
            "isRequired": true,
            "partitionAttributes": [
              "sn"
            ]
          },
          {
            "isOrdered": false,
            "name": "Model",
            "inputKindChoices": [
              "Dimension"
            ],
            "kind": "Dimension",
            "value": "abd_model",
            "orderByColumn": [
              ""
            ],
            "isRequired": true,
            "partitionAttributes": [
              ""
            ]
          }
        ],
        "name": "ADABOOST_PREDICT",
        "partitionInputKind": [],
        "orderByColumn": [],
        "partitionAttributes": [],
        "arguments": [
          {
            "datatype": "TABLE_NAME",
            "isRequired": false,
            "allowsLists": false,
            "name": "MODELTABLENAME",
            "value": "",
            "i": 6.0
          },
          {
            "allowsLists": false,
            "name": "DOMAIN",
            "datatype": "DRIVER",
            "value": "",
            "isRequired": false,
            "permittedValues": [],
            "i": 0.0
          },
          {
            "allowsLists": false,
            "name": "DATABASE",
            "datatype": "DRIVER",
            "value": "",
            "isRequired": false,
            "permittedValues": [],
            "i": 1.0
          },
          {
            "allowsLists": false,
            "name": "USERID",
            "datatype": "DRIVER",
            "value": "",
            "isRequired": false,
            "permittedValues": [],
            "i": 2.0
          },
          {
            "allowsLists": false,
            "name": "PASSWORD",
            "datatype": "DRIVER",
            "value": "",
            "isRequired": false,
            "permittedValues": [],
            "i": 3.0
          },
          {
            "allowsLists": false,
            "name": "SSLSETTINGS",
            "datatype": "DRIVER",
            "value": "",
            "isRequired": false,
            "permittedValues": [],
            "i": 4.0
          },
          {
            "allowsLists": false,
            "name": "SSLTRUSTSTOREPASSWORD",
            "datatype": "DRIVER",
            "value": "",
            "isRequired": false,
            "permittedValues": [],
            "i": 5.0
          },
          {
            "allowsLists": false,
            "name": "ATTRTABLEGROUPBYCOLUMNS",
            "datatype": "COLUMNS",
            "targetTable": [
              "AttributeTable"
            ],
            "value": "attribute",
            "isRequired": true,
            "i": 7.0
          },
          {
            "allowsLists": true,
            "name": "ATTRTABLEPIDCOLUMNS",
            "datatype": "COLUMNS",
            "targetTable": [
              "AttributeTable"
            ],
            "value": [
              "sn"
            ],
            "isRequired": true,
            "i": 8.0
          },
          {
            "allowsLists": false,
            "name": "ATTRTABLEVALCOLUMN",
            "datatype": "COLUMNS",
            "targetTable": [
              "AttributeTable"
            ],
            "value": "value",
            "isRequired": true,
            "i": 9.0
          },
          {
            "allowsLists": true,
            "name": "ACCUMULATE",
            "datatype": "COLUMNS",
            "targetTable": [
              "AttributeTable"
            ],
            "value": "",
            "isRequired": false,
            "i": 10.0
          },
          {
            "datatype": "BOOLEAN",
            "isRequired": false,
            "allowsLists": false,
            "name": "OUTPUTRESPONSEPROBDIST",
            "value": false,
            "i": 11.0
          },
          {
            "datatype": "BOOLEAN",
            "isRequired": false,
            "allowsLists": false,
            "name": "OUTPUTMAJORITYPROBABILITY",
            "value": false,
            "i": 12.0
          }
        ],
        "queries": [],
        "hasInputTable": true,
        "function_version": "1.9"
      }
    }
  },
  "customMeta": {
    "kv": {}
  },
  "redispatchPartitioning": false,
  "maxRunningActivities": 0,
  "inputs": {
    "main": {
      "items": [
        {
          "ref": "abd_model",
          "deps": []
        },
        {
          "ref": "housing_test_att",
          "deps": []
        }
      ]
    }
  },
  "outputs": {
    "main": {
      "items": [
        {
          "ref": "dss_700_adaboostpredict_out",
          "appendMode": false
        }
      ]
    }
  },
  "versionTag": {
    "versionNumber": 1,
    "lastModifiedBy": {
      "login": "dt186022"
    },
    "lastModifiedOn": 1517302494412
  },
  "creationTag": {
    "versionNumber": 0,
    "lastModifiedBy": {
      "login": "dt186022"
    },
    "lastModifiedOn": 1517302424111
  },
  "tags": [],
  "checklists": {
    "checklists": []
  }
}