{
  "type": "CustomCode_EnsembleAster_7",
  "neverRecomputeExistingPartitions": false,
  "optionalDependencies": false,
  "params": {
    "customConfig": {
      "category": "Ensemble",
      "distribution_key": "homestyle",
      "distribution": "fact",
      "function": {
        "isOrdered": false,
        "asterarguments": "",
        "isQueryMode": false,
        "unaliased_inputs": {
          "count": 0.0,
          "values": [],
          "desc": {}
        },
        "required_input": [
          {
            "isOrdered": false,
            "name": "input",
            "inputKindChoices": [
              "PartitionByAny"
            ],
            "kind": "PartitionByAny",
            "value": "housing_test",
            "orderByColumn": [
              ""
            ],
            "isRequired": true,
            "partitionAttributes": [
              ""
            ]
          },
          {
            "isOrdered": false,
            "name": "ModelTable",
            "inputKindChoices": [
              "Dimension"
            ],
            "kind": "Dimension",
            "value": "rft_model",
            "orderByColumn": "",
            "isRequired": false,
            "partitionAttributes": ""
          }
        ],
        "name": "FOREST_PREDICT",
        "partitionInputKind": [],
        "orderByColumn": [],
        "partitionAttributes": [],
        "arguments": [
          {
            "datatype": "TABLE_NAME",
            "isRequired": false,
            "allowsLists": false,
            "name": "FOREST",
            "value": "",
            "i": 0.0
          },
          {
            "allowsLists": false,
            "name": "IDCOL",
            "datatype": "COLUMNS",
            "targetTable": [
              "input"
            ],
            "value": "sn",
            "isRequired": true,
            "i": 1.0
          },
          {
            "allowsLists": true,
            "name": "NUMERICINPUTS",
            "datatype": "COLUMNS",
            "targetTable": [
              "input"
            ],
            "value": [
              "price",
              "lotsize",
              "bedrooms",
              "bathrms",
              "stories",
              "garagepl"
            ],
            "isRequired": false,
            "i": 2.0
          },
          {
            "allowsLists": true,
            "name": "CATEGORICALINPUTS",
            "datatype": "COLUMNS",
            "targetTable": [
              "input"
            ],
            "value": [
              "driveway",
              "recroom",
              "fullbase",
              "gashw",
              "airco",
              "prefarea"
            ],
            "isRequired": false,
            "i": 3.0
          },
          {
            "allowsLists": true,
            "name": "ACCUMULATE",
            "datatype": "COLUMNS",
            "targetTable": [
              "input"
            ],
            "value": [
              "homestyle"
            ],
            "isRequired": false,
            "i": 4.0
          },
          {
            "allowsLists": false,
            "name": "MODELFILE",
            "datatype": "STRING",
            "value": "",
            "isRequired": false,
            "permittedValues": [],
            "i": 5.0
          },
          {
            "datatype": "BOOLEAN",
            "isRequired": false,
            "allowsLists": false,
            "name": "DETAILED",
            "value": false,
            "i": 6.0
          }
        ],
        "queries": [],
        "hasInputTable": true,
        "function_version": "1.6"
      }
    }
  },
  "customMeta": {
    "kv": {}
  },
  "redispatchPartitioning": false,
  "maxRunningActivities": 0,
  "inputs": {
    "main": {
      "items": [
        {
          "ref": "rft_model",
          "deps": []
        },
        {
          "ref": "housing_test",
          "deps": []
        }
      ]
    }
  },
  "outputs": {
    "main": {
      "items": [
        {
          "ref": "dss_700_forestpredict_out",
          "appendMode": false
        }
      ]
    }
  },
  "versionTag": {
    "versionNumber": 1,
    "lastModifiedBy": {
      "login": "dt186022"
    },
    "lastModifiedOn": 1517304778482
  },
  "creationTag": {
    "versionNumber": 0,
    "lastModifiedBy": {
      "login": "dt186022"
    },
    "lastModifiedOn": 1517304616756
  },
  "tags": [],
  "checklists": {
    "checklists": []
  }
}