{
  "type": "CustomCode_EnsembleAster_7",
  "neverRecomputeExistingPartitions": false,
  "optionalDependencies": false,
  "params": {
    "customConfig": {
      "category": "Ensemble",
      "distribution_key": "message",
      "distribution": "fact",
      "function": {
        "isOrdered": false,
        "asterarguments": "",
        "isQueryMode": false,
        "unaliased_inputs": {
          "count": 0.0,
          "values": [],
          "desc": {}
        },
        "required_input": [],
        "name": "ADABOOST_DRIVE",
        "partitionInputKind": [],
        "orderByColumn": [],
        "partitionAttributes": [],
        "arguments": [
          {
            "datatype": "TABLE_NAME",
            "isRequired": true,
            "allowsLists": false,
            "name": "ATTRIBUTETABLE",
            "value": "housing_train_att",
            "i": 0.0
          },
          {
            "datatype": "TABLE_NAME",
            "isRequired": true,
            "allowsLists": false,
            "name": "RESPONSETABLE",
            "value": "housing_train_response",
            "i": 1.0
          },
          {
            "datatype": "TABLE_NAME",
            "isRequired": false,
            "allowsLists": false,
            "name": "CATEGORICALATTRIBUTETABLE",
            "value": "housing_cat",
            "i": 2.0
          },
          {
            "allowsLists": false,
            "name": "OUTPUTTABLE",
            "datatype": "TABLE_NAME",
            "value": "\"advaa_wrkspc1\".\"abd_model\"",
            "isRequired": true,
            "isOutputTable": true,
            "i": 3.0
          },
          {
            "allowsLists": false,
            "name": "DOMAIN",
            "datatype": "DRIVER",
            "value": "",
            "isRequired": false,
            "permittedValues": [],
            "i": 4.0
          },
          {
            "allowsLists": false,
            "name": "DATABASE",
            "datatype": "DRIVER",
            "value": "",
            "isRequired": false,
            "permittedValues": [],
            "i": 5.0
          },
          {
            "allowsLists": false,
            "name": "USERID",
            "datatype": "DRIVER",
            "value": "",
            "isRequired": false,
            "permittedValues": [],
            "i": 6.0
          },
          {
            "allowsLists": false,
            "name": "PASSWORD",
            "datatype": "DRIVER",
            "value": "",
            "isRequired": false,
            "permittedValues": [],
            "i": 7.0
          },
          {
            "allowsLists": false,
            "name": "SSLSETTINGS",
            "datatype": "DRIVER",
            "value": "",
            "isRequired": false,
            "permittedValues": [],
            "i": 8.0
          },
          {
            "allowsLists": false,
            "name": "SSLTRUSTSTOREPASSWORD",
            "datatype": "DRIVER",
            "value": "",
            "isRequired": false,
            "permittedValues": [],
            "i": 9.0
          },
          {
            "allowsLists": true,
            "name": "IDCOLUMNS",
            "datatype": "COLUMN_NAMES",
            "targetTable": [
              "AttributeTable",
              "ResponseTable"
            ],
            "value": [
              "sn"
            ],
            "isRequired": true,
            "i": 10.0
          },
          {
            "allowsLists": true,
            "name": "ATTRIBUTENAMECOLUMNS",
            "datatype": "COLUMN_NAMES",
            "targetTable": [
              "AttributeTable"
            ],
            "value": [
              "attribute"
            ],
            "isRequired": true,
            "i": 11.0
          },
          {
            "allowsLists": false,
            "name": "ATTRIBUTEVALUECOLUMN",
            "datatype": "COLUMN_NAMES",
            "targetTable": [
              "AttributeTable"
            ],
            "value": "value",
            "isRequired": true,
            "i": 12.0
          },
          {
            "allowsLists": false,
            "name": "RESPONSECOLUMN",
            "datatype": "COLUMN_NAMES",
            "targetTable": [
              "ResponseTable"
            ],
            "value": "response",
            "isRequired": true,
            "i": 13.0
          },
          {
            "datatype": "INTEGER",
            "isRequired": false,
            "allowsLists": false,
            "name": "ITERNUM",
            "value": 20.0,
            "i": 14.0
          },
          {
            "datatype": "INTEGER",
            "isRequired": false,
            "allowsLists": false,
            "name": "NUMSPLITS",
            "value": 10.0,
            "i": 15.0
          },
          {
            "datatype": "BOOLEAN",
            "isRequired": false,
            "allowsLists": false,
            "name": "APPROXSPLITS",
            "value": true,
            "i": 16.0
          },
          {
            "allowsLists": false,
            "name": "SPLITMEASURE",
            "datatype": "STRING",
            "value": "gini",
            "isRequired": false,
            "permittedValues": [
              "GINI",
              "ENTROPY"
            ],
            "i": 17.0
          },
          {
            "datatype": "INTEGER",
            "isRequired": false,
            "allowsLists": false,
            "name": "MAXDEPTH",
            "value": 3.0,
            "i": 18.0
          },
          {
            "datatype": "INTEGER",
            "isRequired": false,
            "allowsLists": false,
            "name": "MINNODESIZE",
            "value": 100.0,
            "i": 19.0
          },
          {
            "datatype": "BOOLEAN",
            "isRequired": false,
            "allowsLists": false,
            "name": "DROPOUTPUTTABLE",
            "value": true,
            "i": 20.0
          },
          {
            "datatype": "BOOLEAN",
            "isRequired": false,
            "allowsLists": false,
            "name": "OUTPUTRESPONSEPROBDIST",
            "value": false,
            "i": 21.0
          }
        ],
        "queries": [],
        "hasInputTable": false,
        "dropIfExists": true,
        "function_version": "1.7"
      }
    }
  },
  "customMeta": {
    "kv": {}
  },
  "redispatchPartitioning": false,
  "maxRunningActivities": 0,
  "inputs": {
    "main": {
      "items": [
        {
          "ref": "housing_cat",
          "deps": []
        },
        {
          "ref": "housing_train_att",
          "deps": []
        },
        {
          "ref": "housing_train_response",
          "deps": []
        }
      ]
    }
  },
  "outputs": {
    "main": {
      "items": [
        {
          "ref": "dss_700_adaboostdrive_out",
          "appendMode": false
        }
      ]
    }
  },
  "versionTag": {
    "versionNumber": 6,
    "lastModifiedBy": {
      "login": "dt186022"
    },
    "lastModifiedOn": 1517302290078
  },
  "creationTag": {
    "versionNumber": 0,
    "lastModifiedBy": {
      "login": "dt186022"
    },
    "lastModifiedOn": 1517299014476
  },
  "tags": [],
  "checklists": {
    "checklists": []
  }
}