{
  "type": "CustomCode_AssociationAster",
  "neverRecomputeExistingPartitions": false,
  "optionalDependencies": false,
  "params": {
    "customConfig": {
      "category": "Association Analysis",
      "distribution": "dimension",
      "function": {
        "orderByColumn": "",
        "partitionAttributes": "",
        "unaliased_inputs": {
          "count": 0.0,
          "values": [],
          "desc": {}
        },
        "name": "WSRECOMMENDER",
        "partitionInputKind": [],
        "hasInputTable": true,
        "asterarguments": [
          {
            "name": "schema",
            "value": "",
            "label": "Schema"
          },
          {
            "name": "outputType",
            "value": "",
            "label": "Output Table Type"
          },
          {
            "name": "hashKey",
            "value": "",
            "label": "Hash Key Column"
          }
        ],
        "required_input": [
          {
            "kind": "PartitionByKey",
            "name": "input",
            "isOrdered": false,
            "value": "wsrecommender_output",
            "orderByColumn": "",
            "isRequired": true,
            "partitionAttributes": [
              "col1_item1"
            ]
          }
        ],
        "isOrdered": false,
        "arguments": "",
        "function_version": "1.1"
      }
    }
  },
  "customMeta": {
    "kv": {}
  },
  "redispatchPartitioning": false,
  "inputs": {
    "main": {
      "items": [
        {
          "ref": "wsrecommender_output",
          "deps": []
        }
      ]
    }
  },
  "outputs": {
    "main": {
      "items": [
        {
          "ref": "wsrecommender_out",
          "appendMode": false
        }
      ]
    }
  },
  "versionTag": {
    "versionNumber": 6,
    "lastModifiedBy": {
      "login": "dt186022"
    },
    "lastModifiedOn": 1513572149643
  },
  "creationTag": {
    "versionNumber": 0,
    "lastModifiedBy": {
      "login": "dt186022"
    },
    "lastModifiedOn": 1495703937028
  },
  "tags": [],
  "checklists": {
    "checklists": []
  }
}