{
  "type": "CustomCode_StatisticalAnalysisAster_7",
  "neverRecomputeExistingPartitions": false,
  "optionalDependencies": false,
  "params": {
    "customConfig": {
      "category": "Statistical Analysis",
      "function": {
        "isOrdered": false,
        "asterarguments": "",
        "isQueryMode": false,
        "unaliased_inputs": {
          "count": 0.0,
          "values": [],
          "desc": {}
        },
        "required_input": [
          {
            "isOrdered": false,
            "name": "input",
            "inputKindChoices": [
              "PartitionByKey"
            ],
            "kind": "PartitionByKey",
            "value": "svm_iris_input_test",
            "orderByColumn": [
              ""
            ],
            "isRequired": true,
            "partitionAttributes": [
              "id"
            ]
          },
          {
            "isOrdered": false,
            "name": "model",
            "inputKindChoices": [
              "Dimension"
            ],
            "kind": "Dimension",
            "value": "dss_700_svm_iris_model",
            "orderByColumn": [
              ""
            ],
            "isRequired": true,
            "partitionAttributes": [
              ""
            ]
          }
        ],
        "name": "SPARSESVMPREDICTOR",
        "partitionInputKind": [],
        "orderByColumn": [],
        "partitionAttributes": [],
        "arguments": [
          {
            "allowsLists": false,
            "name": "ATTRIBUTECOLUMN",
            "datatype": "COLUMNS",
            "targetTable": [
              "input"
            ],
            "value": "attribute",
            "isRequired": true,
            "i": 0.0
          },
          {
            "allowsLists": false,
            "name": "SAMPLEIDCOLUMN",
            "datatype": "COLUMNS",
            "targetTable": [
              "input"
            ],
            "value": "id",
            "isRequired": true,
            "i": 1.0
          },
          {
            "allowsLists": false,
            "name": "VALUECOLUMN",
            "datatype": "COLUMNS",
            "targetTable": [
              "input"
            ],
            "value": "value",
            "isRequired": false,
            "i": 2.0
          },
          {
            "allowsLists": true,
            "name": "ACCUMULATELABEL",
            "datatype": "COLUMNS",
            "targetTable": [
              "input"
            ],
            "value": [
              "species"
            ],
            "isRequired": false,
            "i": 3.0
          },
          {
            "datatype": "INTEGER",
            "isRequired": false,
            "allowsLists": false,
            "name": "OUTPUTCLASSNUMBER",
            "value": 1.0,
            "i": 4.0
          }
        ],
        "queries": [],
        "hasInputTable": true,
        "function_version": "1.2"
      }
    }
  },
  "customMeta": {
    "kv": {}
  },
  "redispatchPartitioning": false,
  "maxRunningActivities": 0,
  "inputs": {
    "main": {
      "items": [
        {
          "ref": "dss_700_svm_iris_model",
          "deps": []
        },
        {
          "ref": "svm_iris_input_test",
          "deps": []
        }
      ]
    }
  },
  "outputs": {
    "main": {
      "items": [
        {
          "ref": "dss_700_sparsesvmpredictor_out",
          "appendMode": false
        }
      ]
    }
  },
  "versionTag": {
    "versionNumber": 1,
    "lastModifiedBy": {
      "login": "kc186029"
    },
    "lastModifiedOn": 1517385428670
  },
  "creationTag": {
    "versionNumber": 0,
    "lastModifiedBy": {
      "login": "kc186029"
    },
    "lastModifiedOn": 1517385383852
  },
  "tags": [],
  "checklists": {
    "checklists": []
  }
}