{
  "type": "CustomCode_StatisticalAnalysisAster_7",
  "neverRecomputeExistingPartitions": false,
  "optionalDependencies": false,
  "params": {
    "customConfig": {
      "category": "Statistical Analysis",
      "function": {
        "isOrdered": false,
        "asterarguments": "",
        "isQueryMode": false,
        "unaliased_inputs": {
          "count": 0.0,
          "values": [],
          "desc": {}
        },
        "required_input": [],
        "name": "SPARSESVMTRAINER",
        "partitionInputKind": [],
        "orderByColumn": [],
        "partitionAttributes": [],
        "arguments": [
          {
            "datatype": "TABLE_NAME",
            "isRequired": true,
            "allowsLists": false,
            "name": "INPUTTABLE",
            "value": "svm_iris_input_train",
            "i": 6.0
          },
          {
            "allowsLists": false,
            "name": "MODELTABLE",
            "datatype": "TABLE_NAME",
            "value": "dss_700_svm_iris_model",
            "isRequired": true,
            "isOutputTable": true,
            "i": 7.0
          },
          {
            "allowsLists": false,
            "name": "DOMAIN",
            "datatype": "DRIVER",
            "value": "",
            "isRequired": false,
            "permittedValues": [],
            "i": 0.0
          },
          {
            "allowsLists": false,
            "name": "DATABASE",
            "datatype": "DRIVER",
            "value": "",
            "isRequired": false,
            "permittedValues": [],
            "i": 1.0
          },
          {
            "allowsLists": false,
            "name": "USERID",
            "datatype": "DRIVER",
            "value": "",
            "isRequired": false,
            "permittedValues": [],
            "i": 2.0
          },
          {
            "allowsLists": false,
            "name": "PASSWORD",
            "datatype": "DRIVER",
            "value": "",
            "isRequired": false,
            "permittedValues": [],
            "i": 3.0
          },
          {
            "allowsLists": false,
            "name": "SSLSETTINGS",
            "datatype": "DRIVER",
            "value": "",
            "isRequired": false,
            "permittedValues": [],
            "i": 4.0
          },
          {
            "allowsLists": false,
            "name": "SSLTRUSTSTOREPASSWORD",
            "datatype": "DRIVER",
            "value": "",
            "isRequired": false,
            "permittedValues": [],
            "i": 5.0
          },
          {
            "allowsLists": false,
            "name": "SAMPLEIDCOLUMN",
            "datatype": "COLUMN_NAMES",
            "targetTable": [
              "InputTable"
            ],
            "value": "id",
            "isRequired": true,
            "i": 8.0
          },
          {
            "allowsLists": false,
            "name": "ATTRIBUTECOLUMN",
            "datatype": "COLUMN_NAMES",
            "targetTable": [
              "InputTable"
            ],
            "value": "attribute",
            "isRequired": true,
            "i": 9.0
          },
          {
            "allowsLists": false,
            "name": "LABELCOLUMN",
            "datatype": "COLUMN_NAMES",
            "targetTable": [
              "InputTable"
            ],
            "value": "species",
            "isRequired": true,
            "i": 10.0
          },
          {
            "allowsLists": false,
            "name": "VALUECOLUMN",
            "datatype": "COLUMN_NAMES",
            "targetTable": [
              "InputTable"
            ],
            "value": "value",
            "isRequired": false,
            "i": 11.0
          },
          {
            "datatype": "BOOLEAN",
            "isRequired": false,
            "allowsLists": false,
            "name": "USEHASH",
            "value": false,
            "i": 12.0
          },
          {
            "datatype": "INTEGER",
            "isRequired": false,
            "allowsLists": false,
            "name": "HASHBUCKETS",
            "value": "",
            "i": 13.0
          },
          {
            "datatype": "DOUBLE",
            "isRequired": false,
            "allowsLists": false,
            "name": "COST",
            "value": 1.0,
            "i": 14.0
          },
          {
            "datatype": "DOUBLE",
            "isRequired": false,
            "allowsLists": false,
            "name": "BIAS",
            "value": 0.0,
            "i": 15.0
          },
          {
            "allowsLists": true,
            "name": "CLASSWEIGHTS",
            "datatype": "STRING",
            "value": "",
            "isRequired": false,
            "permittedValues": [],
            "i": 16.0
          },
          {
            "datatype": "INTEGER",
            "isRequired": false,
            "allowsLists": false,
            "name": "MAXSTEP",
            "value": "150",
            "i": 17.0
          },
          {
            "datatype": "DOUBLE",
            "isRequired": false,
            "allowsLists": false,
            "name": "EPSILON",
            "value": 0.01,
            "i": 18.0
          },
          {
            "datatype": "LONG",
            "isRequired": false,
            "allowsLists": false,
            "name": "SEED",
            "value": 0.0,
            "i": 19.0
          }
        ],
        "queries": [],
        "hasInputTable": false,
        "dropIfExists": true,
        "function_version": "1.2"
      }
    }
  },
  "customMeta": {
    "kv": {}
  },
  "redispatchPartitioning": false,
  "maxRunningActivities": 0,
  "inputs": {
    "main": {
      "items": [
        {
          "ref": "svm_iris_input_train",
          "deps": []
        }
      ]
    }
  },
  "outputs": {
    "main": {
      "items": [
        {
          "ref": "dss_700_sparsesvmtrainer_out",
          "appendMode": false
        }
      ]
    }
  },
  "versionTag": {
    "versionNumber": 1,
    "lastModifiedBy": {
      "login": "kc186029"
    },
    "lastModifiedOn": 1517384042152
  },
  "creationTag": {
    "versionNumber": 0,
    "lastModifiedBy": {
      "login": "kc186029"
    },
    "lastModifiedOn": 1517383978506
  },
  "tags": [],
  "checklists": {
    "checklists": []
  }
}