{
  "type": "CustomCode_StatisticalAnalysisAster_7",
  "neverRecomputeExistingPartitions": false,
  "optionalDependencies": false,
  "params": {
    "customConfig": {
      "category": "Statistical Analysis",
      "function": {
        "isOrdered": false,
        "asterarguments": "",
        "isQueryMode": false,
        "unaliased_inputs": {
          "count": 0.0,
          "values": [],
          "desc": {}
        },
        "required_input": [
          {
            "isOrdered": false,
            "name": "input",
            "inputKindChoices": [
              "PartitionByAny",
              "PartitionByKey"
            ],
            "kind": "PartitionByKey",
            "value": "corr_input",
            "orderByColumn": [
              ""
            ],
            "isRequired": true,
            "partitionAttributes": [
              "state"
            ]
          }
        ],
        "name": "CORR_MAP",
        "partitionInputKind": [],
        "orderByColumn": [],
        "partitionAttributes": [],
        "arguments": [
          {
            "allowsLists": true,
            "name": "GROUPBYCOLUMNS",
            "datatype": "COLUMNS",
            "targetTable": [
              "input"
            ],
            "value": [
              "state"
            ],
            "isRequired": false,
            "i": 0.0
          },
          {
            "allowsLists": false,
            "name": "KEYNAME",
            "datatype": "STRING",
            "value": "key",
            "isRequired": true,
            "permittedValues": [],
            "i": 1.0
          },
          {
            "allowsLists": true,
            "name": "COLUMNPAIRS",
            "datatype": "STRING",
            "value": "[2:3]\u0000employed:gdp\u0000employed:unemployed\u0000employed:armedforces",
            "isRequired": false,
            "permittedValues": [],
            "i": 2.0
          }
        ],
        "queries": [],
        "hasInputTable": true,
        "function_version": "1.5"
      }
    }
  },
  "customMeta": {
    "kv": {}
  },
  "redispatchPartitioning": false,
  "maxRunningActivities": 0,
  "inputs": {
    "main": {
      "items": [
        {
          "ref": "corr_input",
          "deps": []
        }
      ]
    }
  },
  "outputs": {
    "main": {
      "items": [
        {
          "ref": "dss_700_corr_map_out",
          "appendMode": false
        }
      ]
    }
  },
  "versionTag": {
    "versionNumber": 5,
    "lastModifiedBy": {
      "login": "kc186029"
    },
    "lastModifiedOn": 1517381262792
  },
  "creationTag": {
    "versionNumber": 0,
    "lastModifiedBy": {
      "login": "kc186029"
    },
    "lastModifiedOn": 1517380286701
  },
  "tags": [],
  "checklists": {
    "checklists": []
  }
}