{
  "type": "CustomCode_NaiveBayesAster",
  "neverRecomputeExistingPartitions": false,
  "optionalDependencies": false,
  "params": {
    "customConfig": {
      "category": "Naive Bayes",
      "distribution_key": "class",
      "distribution": "fact",
      "function": {
        "isOrdered": false,
        "asterarguments": "",
        "isQueryMode": false,
        "unaliased_inputs": {
          "count": 1.0,
          "values": [
            "naivebayestrain_out"
          ],
          "desc": {}
        },
        "required_input": [],
        "name": "NAIVEBAYESREDUCE",
        "partitionInputKind": [
          "PartitionByKey"
        ],
        "orderByColumn": [],
        "arguments": "",
        "queries": [],
        "hasInputTable": true,
        "partitionAttributes": [
          "class"
        ],
        "function_version": "1.1"
      }
    }
  },
  "customMeta": {
    "kv": {}
  },
  "redispatchPartitioning": false,
  "maxRunningActivities": 0,
  "inputs": {
    "main": {
      "items": [
        {
          "ref": "naivebayestrain_out",
          "deps": []
        }
      ]
    }
  },
  "outputs": {
    "main": {
      "items": [
        {
          "ref": "naivabayesreduce_out",
          "appendMode": false
        }
      ]
    }
  },
  "versionTag": {
    "versionNumber": 29,
    "lastModifiedBy": {
      "login": "dt186022"
    },
    "lastModifiedOn": 1517476942506
  },
  "creationTag": {
    "versionNumber": 0,
    "lastModifiedBy": {
      "login": "dt186022"
    },
    "lastModifiedOn": 1515746844597
  },
  "tags": [],
  "checklists": {
    "checklists": []
  }
}