{
  "type": "CustomCode_NaiveBayesAster",
  "neverRecomputeExistingPartitions": false,
  "optionalDependencies": false,
  "params": {
    "customConfig": {
      "category": "Naive Bayes",
      "distribution": "dimension",
      "function": {
        "isOrdered": false,
        "asterarguments": "",
        "isQueryMode": false,
        "unaliased_inputs": {
          "count": 1.0,
          "values": [
            "dss_nb_iris_dataset_train"
          ],
          "desc": {}
        },
        "required_input": [],
        "name": "NAIVEBAYESMAP",
        "partitionInputKind": [
          "PartitionByAny"
        ],
        "orderByColumn": [
          ""
        ],
        "partitionAttributes": [
          ""
        ],
        "arguments": [
          {
            "datatype": "COLUMNS",
            "isRequired": false,
            "allowsLists": true,
            "name": "CATEGORICALINPUTS",
            "value": "",
            "i": 0.0
          },
          {
            "datatype": "COLUMNS",
            "isRequired": false,
            "allowsLists": true,
            "name": "NUMERICINPUTS",
            "value": [
              "sepal_length",
              "sepal_width",
              "petal_length",
              "petal_width"
            ],
            "i": 1.0
          },
          {
            "datatype": "COLUMNS",
            "isRequired": true,
            "allowsLists": false,
            "name": "RESPONSE",
            "value": "species",
            "i": 2.0
          }
        ],
        "queries": [],
        "hasInputTable": true,
        "function_version": "1.3"
      }
    }
  },
  "customMeta": {
    "kv": {}
  },
  "redispatchPartitioning": false,
  "maxRunningActivities": 0,
  "inputs": {
    "main": {
      "items": [
        {
          "ref": "dss_nb_iris_dataset_train",
          "deps": []
        }
      ]
    }
  },
  "outputs": {
    "main": {
      "items": [
        {
          "ref": "naivebayestrain_out",
          "appendMode": false
        }
      ]
    }
  },
  "versionTag": {
    "versionNumber": 17,
    "lastModifiedBy": {
      "login": "dt186022"
    },
    "lastModifiedOn": 1517476538454
  },
  "creationTag": {
    "versionNumber": 0,
    "lastModifiedBy": {
      "login": "dt186022"
    },
    "lastModifiedOn": 1496907867195
  },
  "tags": [],
  "checklists": {
    "checklists": []
  }
}