{
  "json_schema_major_version": "1",
  "json_schema_minor_version": "2",
  "json_content_version": "1",
  "function_name": "AMLGenerator",
  "function_version": "1.1",
  "function_type": "driver",
  "function_r_name": "aa.aml.generator",
  "short_description": "Generates an AML file from input model tables.",
  "long_description": "AMLGenerator generates an AML file from input model tables. The AML file is generated on the specified path location intended for Scoring use.",
  "argument_clauses": [
    {
      "permittedValues": [],
      "isOutputColumn": false,
      "name": "Domain",
      "alternateNames": [],
      "isRequired": false,
      "rDescription": "The address of the Queen. The host parameter is the Aster Database Queen’s IP address or hostname.",
      "description": "The address of the Queen. The host parameter is the Aster Database Queen’s IP address or hostname.",
      "datatype": "DRIVER",
      "allowsLists": false,
      "useInR": false,
      "rOrderNum": 0
    },
    {
      "permittedValues": [],
      "isOutputColumn": false,
      "name": "Database",
      "alternateNames": [],
      "isRequired": false,
      "rDescription": "The name of the database where the input table is located.",
      "description": "The name of the database where the input table is located.",
      "datatype": "DRIVER",
      "allowsLists": false,
      "useInR": false,
      "rOrderNum": 0
    },
    {
      "permittedValues": [],
      "isOutputColumn": false,
      "name": "UserId",
      "alternateNames": [],
      "isRequired": false,
      "rDescription": "The Aster Database user name of the user running this function.",
      "description": "The Aster Database user name of the user running this function.",
      "datatype": "DRIVER",
      "allowsLists": false,
      "useInR": false,
      "rOrderNum": 0
    },
    {
      "permittedValues": [],
      "isOutputColumn": false,
      "name": "Password",
      "alternateNames": [],
      "isRequired": false,
      "rDescription": "The Aster Database password of the user.",
      "description": "The Aster Database password of the user.",
      "datatype": "DRIVER",
      "allowsLists": false,
      "useInR": false,
      "rOrderNum": 0
    },
    {
      "permittedValues": [],
      "isOutputColumn": false,
      "name": "SSLSettings",
      "alternateNames": [],
      "isRequired": false,
      "rDescription": "A string that includes all the SSL settings, except the password for the truststore.",
      "description": "A string that includes all the SSL settings, except the password for the truststore.",
      "datatype": "DRIVER",
      "allowsLists": false,
      "useInR": false,
      "rOrderNum": 0
    },
    {
      "permittedValues": [],
      "isOutputColumn": false,
      "name": "SSLTrustStorePassword",
      "alternateNames": [],
      "isRequired": false,
      "rDescription": "The password for the SSL truststore.",
      "description": "The password for the SSL truststore.",
      "datatype": "DRIVER",
      "allowsLists": false,
      "useInR": false,
      "rOrderNum": 0
    },
    {
      "permittedValues": [],
      "isOutputColumn": false,
      "name": "ModelType",
      "alternateNames": [],
      "isRequired": true,
      "rDescription": "Specifies the function name for which this aml file will be used. For predictors, this represents the type of the model trained. ",
      "description": "Specifies the function name for which this aml file will be used. For predictors, this represents the type of the model trained. ",
      "datatype": "STRING",
      "allowsLists": false,
      "rName": "model.type",
      "useInR": true,
      "rOrderNum": 1
    },
    {
      "permittedValues": [],
      "isOutputColumn": false,
      "matchLengthOfArgument": "",
      "allowPadding": true,
      "name": "RequestColNames",
      "alternateNames": [],
      "isRequired": true,
      "rDescription": "Specifies the column names of the request to be scored. For a predictor, these column names typically match the columns names of the training data used to train the model.",
      "description": "Specifies the column names of the request to be scored. For a predictor, these column names typically match the columns names of the training data used to train the model.",
      "datatype": "STRING",
      "allowsLists": true,
      "rName": "request.col.names",
      "useInR": true,
      "rOrderNum": 5
    },
    {
      "permittedValues": [],
      "isOutputColumn": false,
      "matchLengthOfArgument": "RequestColNames",
      "allowPadding": false,
      "name": "RequestColTypes",
      "alternateNames": [],
      "isRequired": true,
      "rDescription": "Specifies the column types of the request to be scored. For a predictor, these column types typically match the columns types of the training data used to train the model.",
      "description": "Specifies the column types of the request to be scored. For a predictor, these column types typically match the columns types of the training data used to train the model.",
      "datatype": "STRING",
      "allowsLists": true,
      "rName": "request.col.types",
      "useInR": true,
      "rOrderNum": 6
    },
    {
      "permittedValues": [],
      "isOutputColumn": false,
      "matchLengthOfArgument": "",
      "allowPadding": true,
      "name": "ModelTable",
      "alternateNames": [],
      "isRequired": false,
      "rDescription": "Specifies the input model table representing input data for which aml file is to be generated. The argument clause accepts multiple input model tables. These tables could be either database tables or files installed on the database.",
      "description": "Specifies the input model table representing input data for which aml file is to be generated. The argument clause accepts multiple input model tables. These tables could be either database tables or files installed on the database.",
      "datatype": "STRING",
      "allowsLists": true,
      "rName": "data",
      "useInR": true,
      "rOrderNum": 2
    },
    {
      "permittedValues": [],
      "isOutputColumn": false,
      "matchLengthOfArgument": "",
      "allowPadding": true,
      "name": "ModelTag",
      "alternateNames": [],
      "isRequired": false,
      "rDescription": "Specifies the input model table tag for each input model table specified in model.table clause. Tags are supported for functions which accept multiple model tables and are used to distinguish the role of each model table in the context of the Aster Scoring SDK function.The number of entries must match the number of entries in the model.table clause.",
      "description": "Specifies the input model table tag for each input model table specified in ModelTable clause. Tags are supported for functions which accept multiple model tables and are used to distinguish the role of each model table in the context of the Aster Scoring SDK function.The number of entries must match the number of entries in the ModelTable clause.",
      "datatype": "STRING",
      "allowsLists": true,
      "rName": "model.tag",
      "useInR": true,
      "rOrderNum": 3
    },
    {
      "matchLengthOfArgument": "",
      "allowPadding": true,
      "name": "InstalledFile",
      "alternateNames": [],
      "isRequired": false,
      "rDescription": "Specifies whether the corresponding value in model.table is a file installed on database or a table on database. If model.table is a database table, set this to false (default) and if it is a file, set this to true. The number of entries must match the number of entries in the model.table clause.",
      "description": "Specifies whether the corresponding value in ModelTable is a file installed on database or a table on database. If ModelTable is a database table, set this to false (default) and if it is a file, set this to true. The number of entries must match the number of entries in the ModelTable clause.",
      "datatype": "BOOLEAN",
      "allowsLists": true,
      "rName": "installed.file",
      "useInR": true,
      "rOrderNum": 4
    },
    {
      "permittedValues": [],
      "defaultValue": "model",
      "isOutputColumn": false,
      "name": "AMLPrefix",
      "alternateNames": [],
      "isRequired": false,
      "rDescription": " Specifies the name of the generated AML model file. Default value is “model”. The output file is stored with suffix “.aml”.",
      "description": " Specifies the name of the generated AML model file. Default value is “model”. The output file is stored with suffix “.aml”.",
      "datatype": "STRING",
      "allowsLists": false,
      "rName": "aml.prefix",
      "useInR": true,
      "rOrderNum": 7
    },
    {
      "defaultValue": false,
      "name": "OverwriteOutput",
      "alternateNames": [],
      "isRequired": false,
      "rDescription": "Specifies whether the output AML model file should be overwritten or not if already exists.",
      "description": "Specifies whether the output AML model file should be overwritten or not if already exists.",
      "datatype": "BOOLEAN",
      "allowsLists": false,
      "rName": "overwrite.output",
      "useInR": true,
      "rOrderNum": 8
    },
    {
      "permittedValues": [],
      "isOutputColumn": false,
      "name": "RequestArgName1",
      "alternateNames": [],
      "isRequired": false,
      "rDescription": "Specifies the argument clause name for the function to be used in scoring. These clauses are the same as mentioned in the corresponding SQL-MapReduce function documentation, with some exceptions. The request.arg.name should start from 1 in a sequential manner. For example, the following sequence of clauses is acceptable: request.arg.name1, request.arg.name2, request.arg.name3. However, this sequence is not acceptable: request.arg.name1, request.arg.name2, request.arg.name4. The maximum value of n is 30. The values for corresponding arguments are provided in request.arg.val clause. ",
      "description": "Specifies the argument clause name for the function to be used in scoring. These clauses are the same as mentioned in the corresponding SQL-MapReduce function documentation, with some exceptions. The RequestArgName should start from 1 in a sequential manner. For example, the following sequence of clauses is acceptable: RequestArgName1, RequestArgName2, RequestArgName3. However, this sequence is not acceptable: RequestArgName1, RequestArgName2, RequestArgName4. The maximum value of n is 30. The values for corresponding arguments are provided in RequestArgVal clause. ",
      "datatype": "STRING",
      "allowsLists": false,
      "rName": "request.arg.name1",
      "useInR": true,
      "rOrderNum": 9
    },
    {
      "permittedValues": [],
      "isOutputColumn": false,
      "name": "RequestArgVal1",
      "alternateNames": [],
      "isRequired": false,
      "rDescription": "Specifies the argument clause value for the function to be used in scoring. The value in this clause corresponds to the clause mentioned in request.arg.name for the same value of n. These clause values are the same as mentioned in the documentation for the corresponding SQL-MapReduce function. The request.arg.val should start from 1 in a sequential manner, and follows the same format as request.arg.name. The maximum value of n is 30.",
      "description": "Specifies the argument clause value for the function to be used in scoring. The value in this clause corresponds to the clause mentioned in RequestArgName for the same value of n. These clause values are the same as mentioned in the documentation for the corresponding SQL-MapReduce function. The RequestArgVal should start from 1 in a sequential manner, and follows the same format as RequestArgName. The maximum value of n is 30.",
      "datatype": "STRING",
      "allowsLists": true,
      "rName": "request.arg.val1",
      "useInR": true,
      "rOrderNum": 10
    },
    {
      "permittedValues": [],
      "isOutputColumn": false,
      "name": "RequestArgName2",
      "alternateNames": [],
      "isRequired": false,
      "rDescription": "Specifies the argument clause name for the function to be used in scoring. These clauses are the same as mentioned in the corresponding SQL-MapReduce function documentation, with some exceptions. The request.arg.name should start from 1 in a sequential manner. For example, the following sequence of clauses is acceptable: request.arg.name1, request.arg.name2, request.arg.name3. However, this sequence is not acceptable: request.arg.name1, request.arg.name2, request.arg.name4. The maximum value of n is 30. The values for corresponding arguments are provided in request.arg.val clause. ",
      "description": "Specifies the argument clause name for the function to be used in scoring. These clauses are the same as mentioned in the corresponding SQL-MapReduce function documentation, with some exceptions. The RequestArgName should start from 1 in a sequential manner. For example, the following sequence of clauses is acceptable: RequestArgName1, RequestArgName2, RequestArgName3. However, this sequence is not acceptable: RequestArgName1, RequestArgName2, RequestArgName4. The maximum value of n is 30. The values for corresponding arguments are provided in RequestArgVal clause. ",
      "datatype": "STRING",
      "allowsLists": false,
      "rName": "request.arg.name2",
      "useInR": true,
      "rOrderNum": 11
    },
    {
      "permittedValues": [],
      "isOutputColumn": false,
      "name": "RequestArgVal2",
      "alternateNames": [],
      "isRequired": false,
      "rDescription": "Specifies the argument clause value for the function to be used in scoring. The value in this clause corresponds to the clause mentioned in request.arg.name for the same value of n. These clause values are the same as mentioned in the documentation for the corresponding SQL-MapReduce function. The request.arg.val should start from 1 in a sequential manner, and follows the same format as request.arg.name. The maximum value of n is 30.",
      "description": "Specifies the argument clause value for the function to be used in scoring. The value in this clause corresponds to the clause mentioned in RequestArgName for the same value of n. These clause values are the same as mentioned in the documentation for the corresponding SQL-MapReduce function. The RequestArgVal should start from 1 in a sequential manner, and follows the same format as RequestArgName. The maximum value of n is 30.",
      "datatype": "STRING",
      "allowsLists": true,
      "rName": "request.arg.val2",
      "useInR": true,
      "rOrderNum": 12
    },
    {
      "permittedValues": [],
      "isOutputColumn": false,
      "name": "RequestArgName3",
      "alternateNames": [],
      "isRequired": false,
      "rDescription": "Specifies the argument clause name for the function to be used in scoring. These clauses are the same as mentioned in the corresponding SQL-MapReduce function documentation, with some exceptions. The request.arg.name should start from 1 in a sequential manner. For example, the following sequence of clauses is acceptable: request.arg.name1, request.arg.name2, request.arg.name3. However, this sequence is not acceptable: request.arg.name1, request.arg.name2, request.arg.name4. The maximum value of n is 30. The values for corresponding arguments are provided in request.arg.val clause. ",
      "description": "Specifies the argument clause name for the function to be used in scoring. These clauses are the same as mentioned in the corresponding SQL-MapReduce function documentation, with some exceptions. The RequestArgName should start from 1 in a sequential manner. For example, the following sequence of clauses is acceptable: RequestArgName1, RequestArgName2, RequestArgName3. However, this sequence is not acceptable: RequestArgName1, RequestArgName2, RequestArgName4. The maximum value of n is 30. The values for corresponding arguments are provided in RequestArgVal clause. ",
      "datatype": "STRING",
      "allowsLists": false,
      "rName": "request.arg.name3",
      "useInR": true,
      "rOrderNum": 13
    },
    {
      "permittedValues": [],
      "isOutputColumn": false,
      "name": "RequestArgVal3",
      "alternateNames": [],
      "isRequired": false,
      "rDescription": "Specifies the argument clause value for the function to be used in scoring. The value in this clause corresponds to the clause mentioned in request.arg.name for the same value of n. These clause values are the same as mentioned in the documentation for the corresponding SQL-MapReduce function. The request.arg.val should start from 1 in a sequential manner, and follows the same format as request.arg.name. The maximum value of n is 30.",
      "description": "Specifies the argument clause value for the function to be used in scoring. The value in this clause corresponds to the clause mentioned in RequestArgName for the same value of n. These clause values are the same as mentioned in the documentation for the corresponding SQL-MapReduce function. The RequestArgVal should start from 1 in a sequential manner, and follows the same format as RequestArgName. The maximum value of n is 30.",
      "datatype": "STRING",
      "allowsLists": true,
      "rName": "request.arg.val3",
      "useInR": true,
      "rOrderNum": 14
    },
    {
      "permittedValues": [],
      "isOutputColumn": false,
      "name": "RequestArgName4",
      "alternateNames": [],
      "isRequired": false,
      "rDescription": "Specifies the argument clause name for the function to be used in scoring. These clauses are the same as mentioned in the corresponding SQL-MapReduce function documentation, with some exceptions. The request.arg.name should start from 1 in a sequential manner. For example, the following sequence of clauses is acceptable: request.arg.name1, request.arg.name2, request.arg.name3. However, this sequence is not acceptable: request.arg.name1, request.arg.name2, request.arg.name4. The maximum value of n is 30. The values for corresponding arguments are provided in request.arg.val clause. ",
      "description": "Specifies the argument clause name for the function to be used in scoring. These clauses are the same as mentioned in the corresponding SQL-MapReduce function documentation, with some exceptions. The RequestArgName should start from 1 in a sequential manner. For example, the following sequence of clauses is acceptable: RequestArgName1, RequestArgName2, RequestArgName3. However, this sequence is not acceptable: RequestArgName1, RequestArgName2, RequestArgName4. The maximum value of n is 30. The values for corresponding arguments are provided in RequestArgVal clause. ",
      "datatype": "STRING",
      "allowsLists": false,
      "rName": "request.arg.name4",
      "useInR": true,
      "rOrderNum": 15
    },
    {
      "permittedValues": [],
      "isOutputColumn": false,
      "name": "RequestArgVal4",
      "alternateNames": [],
      "isRequired": false,
      "rDescription": "Specifies the argument clause value for the function to be used in scoring. The value in this clause corresponds to the clause mentioned in request.arg.name for the same value of n. These clause values are the same as mentioned in the documentation for the corresponding SQL-MapReduce function. The request.arg.val should start from 1 in a sequential manner, and follows the same format as request.arg.name. The maximum value of n is 30.",
      "description": "Specifies the argument clause value for the function to be used in scoring. The value in this clause corresponds to the clause mentioned in RequestArgName for the same value of n. These clause values are the same as mentioned in the documentation for the corresponding SQL-MapReduce function. The RequestArgVal should start from 1 in a sequential manner, and follows the same format as RequestArgName. The maximum value of n is 30.",
      "datatype": "STRING",
      "allowsLists": true,
      "rName": "request.arg.val4",
      "useInR": true,
      "rOrderNum": 16
    },
    {
      "permittedValues": [],
      "isOutputColumn": false,
      "name": "RequestArgName5",
      "alternateNames": [],
      "isRequired": false,
      "rDescription": "Specifies the argument clause name for the function to be used in scoring. These clauses are the same as mentioned in the corresponding SQL-MapReduce function documentation, with some exceptions. The request.arg.name should start from 1 in a sequential manner. For example, the following sequence of clauses is acceptable: request.arg.name1, request.arg.name2, request.arg.name3. However, this sequence is not acceptable: request.arg.name1, request.arg.name2, request.arg.name4. The maximum value of n is 30. The values for corresponding arguments are provided in request.arg.val clause. ",
      "description": "Specifies the argument clause name for the function to be used in scoring. These clauses are the same as mentioned in the corresponding SQL-MapReduce function documentation, with some exceptions. The RequestArgName should start from 1 in a sequential manner. For example, the following sequence of clauses is acceptable: RequestArgName1, RequestArgName2, RequestArgName3. However, this sequence is not acceptable: RequestArgName1, RequestArgName2, RequestArgName4. The maximum value of n is 30. The values for corresponding arguments are provided in RequestArgVal clause. ",
      "datatype": "STRING",
      "allowsLists": false,
      "rName": "request.arg.name5",
      "useInR": true,
      "rOrderNum": 17
    },
    {
      "permittedValues": [],
      "isOutputColumn": false,
      "name": "RequestArgVal5",
      "alternateNames": [],
      "isRequired": false,
      "rDescription": "Specifies the argument clause value for the function to be used in scoring. The value in this clause corresponds to the clause mentioned in request.arg.name for the same value of n. These clause values are the same as mentioned in the documentation for the corresponding SQL-MapReduce function. The request.arg.val should start from 1 in a sequential manner, and follows the same format as request.arg.name. The maximum value of n is 30.",
      "description": "Specifies the argument clause value for the function to be used in scoring. The value in this clause corresponds to the clause mentioned in RequestArgName for the same value of n. These clause values are the same as mentioned in the documentation for the corresponding SQL-MapReduce function. The RequestArgVal should start from 1 in a sequential manner, and follows the same format as RequestArgName. The maximum value of n is 30.",
      "datatype": "STRING",
      "allowsLists": true,
      "rName": "request.arg.val5",
      "useInR": true,
      "rOrderNum": 18
    },
    {
      "permittedValues": [],
      "isOutputColumn": false,
      "name": "RequestArgName6",
      "alternateNames": [],
      "isRequired": false,
      "rDescription": "Specifies the argument clause name for the function to be used in scoring. These clauses are the same as mentioned in the corresponding SQL-MapReduce function documentation, with some exceptions. The request.arg.name should start from 1 in a sequential manner. For example, the following sequence of clauses is acceptable: request.arg.name1, request.arg.name2, request.arg.name3. However, this sequence is not acceptable: request.arg.name1, request.arg.name2, request.arg.name4. The maximum value of n is 30. The values for corresponding arguments are provided in request.arg.val clause. ",
      "description": "Specifies the argument clause name for the function to be used in scoring. These clauses are the same as mentioned in the corresponding SQL-MapReduce function documentation, with some exceptions. The RequestArgName should start from 1 in a sequential manner. For example, the following sequence of clauses is acceptable: RequestArgName1, RequestArgName2, RequestArgName3. However, this sequence is not acceptable: RequestArgName1, RequestArgName2, RequestArgName4. The maximum value of n is 30. The values for corresponding arguments are provided in RequestArgVal clause. ",
      "datatype": "STRING",
      "allowsLists": false,
      "rName": "request.arg.name6",
      "useInR": true,
      "rOrderNum": 19
    },
    {
      "permittedValues": [],
      "isOutputColumn": false,
      "name": "RequestArgVal6",
      "alternateNames": [],
      "isRequired": false,
      "rDescription": "Specifies the argument clause value for the function to be used in scoring. The value in this clause corresponds to the clause mentioned in request.arg.name for the same value of n. These clause values are the same as mentioned in the documentation for the corresponding SQL-MapReduce function. The request.arg.val should start from 1 in a sequential manner, and follows the same format as request.arg.name. The maximum value of n is 30.",
      "description": "Specifies the argument clause value for the function to be used in scoring. The value in this clause corresponds to the clause mentioned in RequestArgName for the same value of n. These clause values are the same as mentioned in the documentation for the corresponding SQL-MapReduce function. The RequestArgVal should start from 1 in a sequential manner, and follows the same format as RequestArgName. The maximum value of n is 30.",
      "datatype": "STRING",
      "allowsLists": true,
      "rName": "request.arg.val6",
      "useInR": true,
      "rOrderNum": 20
    },
    {
      "permittedValues": [],
      "isOutputColumn": false,
      "name": "RequestArgName7",
      "alternateNames": [],
      "isRequired": false,
      "rDescription": "Specifies the argument clause name for the function to be used in scoring. These clauses are the same as mentioned in the corresponding SQL-MapReduce function documentation, with some exceptions. The request.arg.name should start from 1 in a sequential manner. For example, the following sequence of clauses is acceptable: request.arg.name1, request.arg.name2, request.arg.name3. However, this sequence is not acceptable: request.arg.name1, request.arg.name2, request.arg.name4. The maximum value of n is 30. The values for corresponding arguments are provided in request.arg.val clause. ",
      "description": "Specifies the argument clause name for the function to be used in scoring. These clauses are the same as mentioned in the corresponding SQL-MapReduce function documentation, with some exceptions. The RequestArgName should start from 1 in a sequential manner. For example, the following sequence of clauses is acceptable: RequestArgName1, RequestArgName2, RequestArgName3. However, this sequence is not acceptable: RequestArgName1, RequestArgName2, RequestArgName4. The maximum value of n is 30. The values for corresponding arguments are provided in RequestArgVal clause. ",
      "datatype": "STRING",
      "allowsLists": false,
      "rName": "request.arg.name7",
      "useInR": true,
      "rOrderNum": 21
    },
    {
      "permittedValues": [],
      "isOutputColumn": false,
      "name": "RequestArgVal7",
      "alternateNames": [],
      "isRequired": false,
      "rDescription": "Specifies the argument clause value for the function to be used in scoring. The value in this clause corresponds to the clause mentioned in request.arg.name for the same value of n. These clause values are the same as mentioned in the documentation for the corresponding SQL-MapReduce function. The request.arg.val should start from 1 in a sequential manner, and follows the same format as request.arg.name. The maximum value of n is 30.",
      "description": "Specifies the argument clause value for the function to be used in scoring. The value in this clause corresponds to the clause mentioned in RequestArgName for the same value of n. These clause values are the same as mentioned in the documentation for the corresponding SQL-MapReduce function. The RequestArgVal should start from 1 in a sequential manner, and follows the same format as RequestArgName. The maximum value of n is 30.",
      "datatype": "STRING",
      "allowsLists": true,
      "rName": "request.arg.val7",
      "useInR": true,
      "rOrderNum": 22
    },
    {
      "permittedValues": [],
      "isOutputColumn": false,
      "name": "RequestArgName8",
      "alternateNames": [],
      "isRequired": false,
      "rDescription": "Specifies the argument clause name for the function to be used in scoring. These clauses are the same as mentioned in the corresponding SQL-MapReduce function documentation, with some exceptions. The request.arg.name should start from 1 in a sequential manner. For example, the following sequence of clauses is acceptable: request.arg.name1, request.arg.name2, request.arg.name3. However, this sequence is not acceptable: request.arg.name1, request.arg.name2, request.arg.name4. The maximum value of n is 30. The values for corresponding arguments are provided in request.arg.val clause. ",
      "description": "Specifies the argument clause name for the function to be used in scoring. These clauses are the same as mentioned in the corresponding SQL-MapReduce function documentation, with some exceptions. The RequestArgName should start from 1 in a sequential manner. For example, the following sequence of clauses is acceptable: RequestArgName1, RequestArgName2, RequestArgName3. However, this sequence is not acceptable: RequestArgName1, RequestArgName2, RequestArgName4. The maximum value of n is 30. The values for corresponding arguments are provided in RequestArgVal clause. ",
      "datatype": "STRING",
      "allowsLists": false,
      "rName": "request.arg.name8",
      "useInR": true,
      "rOrderNum": 23
    },
    {
      "permittedValues": [],
      "isOutputColumn": false,
      "name": "RequestArgVal8",
      "alternateNames": [],
      "isRequired": false,
      "rDescription": "Specifies the argument clause value for the function to be used in scoring. The value in this clause corresponds to the clause mentioned in request.arg.name for the same value of n. These clause values are the same as mentioned in the documentation for the corresponding SQL-MapReduce function. The request.arg.val should start from 1 in a sequential manner, and follows the same format as request.arg.name. The maximum value of n is 30.",
      "description": "Specifies the argument clause value for the function to be used in scoring. The value in this clause corresponds to the clause mentioned in RequestArgName for the same value of n. These clause values are the same as mentioned in the documentation for the corresponding SQL-MapReduce function. The RequestArgVal should start from 1 in a sequential manner, and follows the same format as RequestArgName. The maximum value of n is 30.",
      "datatype": "STRING",
      "allowsLists": true,
      "rName": "request.arg.val8",
      "useInR": true,
      "rOrderNum": 24
    },
    {
      "permittedValues": [],
      "isOutputColumn": false,
      "name": "RequestArgName9",
      "alternateNames": [],
      "isRequired": false,
      "rDescription": "Specifies the argument clause name for the function to be used in scoring. These clauses are the same as mentioned in the corresponding SQL-MapReduce function documentation, with some exceptions. The request.arg.name should start from 1 in a sequential manner. For example, the following sequence of clauses is acceptable: request.arg.name1, request.arg.name2, request.arg.name3. However, this sequence is not acceptable: request.arg.name1, request.arg.name2, request.arg.name4. The maximum value of n is 30. The values for corresponding arguments are provided in request.arg.val clause. ",
      "description": "Specifies the argument clause name for the function to be used in scoring. These clauses are the same as mentioned in the corresponding SQL-MapReduce function documentation, with some exceptions. The RequestArgName should start from 1 in a sequential manner. For example, the following sequence of clauses is acceptable: RequestArgName1, RequestArgName2, RequestArgName3. However, this sequence is not acceptable: RequestArgName1, RequestArgName2, RequestArgName4. The maximum value of n is 30. The values for corresponding arguments are provided in RequestArgVal clause. ",
      "datatype": "STRING",
      "allowsLists": false,
      "rName": "request.arg.name9",
      "useInR": true,
      "rOrderNum": 25
    },
    {
      "permittedValues": [],
      "isOutputColumn": false,
      "name": "RequestArgVal9",
      "alternateNames": [],
      "isRequired": false,
      "rDescription": "Specifies the argument clause value for the function to be used in scoring. The value in this clause corresponds to the clause mentioned in request.arg.name for the same value of n. These clause values are the same as mentioned in the documentation for the corresponding SQL-MapReduce function. The request.arg.val should start from 1 in a sequential manner, and follows the same format as request.arg.name. The maximum value of n is 30.",
      "description": "Specifies the argument clause value for the function to be used in scoring. The value in this clause corresponds to the clause mentioned in RequestArgName for the same value of n. These clause values are the same as mentioned in the documentation for the corresponding SQL-MapReduce function. The RequestArgVal should start from 1 in a sequential manner, and follows the same format as RequestArgName. The maximum value of n is 30.",
      "datatype": "STRING",
      "allowsLists": true,
      "rName": "request.arg.val9",
      "useInR": true,
      "rOrderNum": 26
    },
    {
      "permittedValues": [],
      "isOutputColumn": false,
      "name": "RequestArgName10",
      "alternateNames": [],
      "isRequired": false,
      "rDescription": "Specifies the argument clause name for the function to be used in scoring. These clauses are the same as mentioned in the corresponding SQL-MapReduce function documentation, with some exceptions. The request.arg.name should start from 1 in a sequential manner. For example, the following sequence of clauses is acceptable: request.arg.name1, request.arg.name2, request.arg.name3. However, this sequence is not acceptable: request.arg.name1, request.arg.name2, request.arg.name4. The maximum value of n is 30. The values for corresponding arguments are provided in request.arg.val clause. ",
      "description": "Specifies the argument clause name for the function to be used in scoring. These clauses are the same as mentioned in the corresponding SQL-MapReduce function documentation, with some exceptions. The RequestArgName should start from 1 in a sequential manner. For example, the following sequence of clauses is acceptable: RequestArgName1, RequestArgName2, RequestArgName3. However, this sequence is not acceptable: RequestArgName1, RequestArgName2, RequestArgName4. The maximum value of n is 30. The values for corresponding arguments are provided in RequestArgVal clause. ",
      "datatype": "STRING",
      "allowsLists": false,
      "rName": "request.arg.name10",
      "useInR": true,
      "rOrderNum": 27
    },
    {
      "permittedValues": [],
      "isOutputColumn": false,
      "name": "RequestArgVal10",
      "alternateNames": [],
      "isRequired": false,
      "rDescription": "Specifies the argument clause value for the function to be used in scoring. The value in this clause corresponds to the clause mentioned in request.arg.name for the same value of n. These clause values are the same as mentioned in the documentation for the corresponding SQL-MapReduce function. The request.arg.val should start from 1 in a sequential manner, and follows the same format as request.arg.name. The maximum value of n is 30.",
      "description": "Specifies the argument clause value for the function to be used in scoring. The value in this clause corresponds to the clause mentioned in RequestArgName for the same value of n. These clause values are the same as mentioned in the documentation for the corresponding SQL-MapReduce function. The RequestArgVal should start from 1 in a sequential manner, and follows the same format as RequestArgName. The maximum value of n is 30.",
      "datatype": "STRING",
      "allowsLists": true,
      "rName": "request.arg.val10",
      "useInR": true,
      "rOrderNum": 28
    }
  ]
}
