{
  "json_schema_major_version": "1",
  "json_schema_minor_version": "2",
  "json_content_version": "1",
  "function_name": "Forest_Analyze",
  "function_version": "1.2",
  "function_type": "non-driver",
  "function_r_name": "aa.forest.evaluate",
  "ref_function_r_name": "aa.forest",
  "short_description": "This function examines a decision forest model.",
  "long_description": "This function analyze the model from random forest and outputs a list of which variables are used at which levels in each of the decision trees in the model along with the variable importance.",
  "input_tables": [
    {
      "requiredInputKind": [
        "PartitionByAny"
      ],
      "isOrdered": false,
      "partitionByOne": false,
      "name": "input",
      "alternateNames": [],
      "isRequired": true,
      "rDescription": "Specifies the table containing the model data from forest.drive.",
      "description": "Specifies the table containing the model data from forest_drive.",
      "datatype": "TABLE_ALIAS",
      "allowsLists": false,
      "rName": "object",
      "useInR": true,
      "rOrderNum": 1
    }
  ],
  "argument_clauses": [
    {
      "defaultValue": 5,
      "lowerBound": -2147483648,
      "upperBound": 2147483647,
      "lowerBoundType": "INCLUSIVE",
      "upperBoundType": "INCLUSIVE",
      "allowNaN": false,
      "name": "NumLevels",
      "alternateNames": [],
      "isRequired": false,
      "rDescription": "Specifies number of levels to analyze and the default value is 5.",
      "description": "Specifies number of levels to analyze and the default value is 5.",
      "datatype": "INTEGER",
      "allowsLists": false,
      "rName": "num.levels",
      "useInR": true,
      "rOrderNum": 2
    }
  ]
}
