{
  "json_schema_major_version": "1",
  "json_schema_minor_version": "2",
  "json_content_version": "1",
  "function_name": "HMMSupervisedLearner",
  "function_version": "1.4",
  "function_type": "driver",
  "function_r_name": "aa.hmm.supervised.learner",
  "short_description": "Given observation sequences O and state sequences, find the model theta = (A, B, Pi) that maximizes P(O | theta).",
  "long_description": "Given observation sequences O and state sequences, find the model theta = (A, B, Pi) that maximizes P(O | theta). ",
  "input_tables": [
    {
      "requiredInputKind": [
        "PartitionByKey"
      ],
      "isOrdered": true,
      "partitionByOne": false,
      "name": "vertices",
      "alternateNames": [],
      "isRequired": true,
      "rDescription": "vertex table",
      "description": "vertex table",
      "datatype": "TABLE_ALIAS",
      "allowsLists": false,
      "rName": "vertices",
      "useInR": true,
      "rOrderNum": 1
    }
  ],
  "argument_clauses": [
    {
      "permittedValues": [],
      "isOutputColumn": false,
      "name": "Domain",
      "alternateNames": [],
      "isRequired": false,
      "rDescription": "The address of the Queen. The host parameter is the Aster Database Queen’s IP address or hostname.",
      "description": "The address of the Queen. The host parameter is the Aster Database Queen’s IP address or hostname.",
      "datatype": "DRIVER",
      "allowsLists": false,
      "useInR": false,
      "rOrderNum": 0
    },
    {
      "permittedValues": [],
      "isOutputColumn": false,
      "name": "Database",
      "alternateNames": [],
      "isRequired": false,
      "rDescription": "The name of the database where the input table is located.",
      "description": "The name of the database where the input table is located.",
      "datatype": "DRIVER",
      "allowsLists": false,
      "useInR": false,
      "rOrderNum": 0
    },
    {
      "permittedValues": [],
      "isOutputColumn": false,
      "name": "UserId",
      "alternateNames": [],
      "isRequired": false,
      "rDescription": "The Aster Database user name of the user running this function.",
      "description": "The Aster Database user name of the user running this function.",
      "datatype": "DRIVER",
      "allowsLists": false,
      "useInR": false,
      "rOrderNum": 0
    },
    {
      "permittedValues": [],
      "isOutputColumn": false,
      "name": "Password",
      "alternateNames": [],
      "isRequired": false,
      "rDescription": "The Aster Database password of the user.",
      "description": "The Aster Database password of the user.",
      "datatype": "DRIVER",
      "allowsLists": false,
      "useInR": false,
      "rOrderNum": 0
    },
    {
      "permittedValues": [],
      "isOutputColumn": false,
      "name": "SSLSettings",
      "alternateNames": [],
      "isRequired": false,
      "rDescription": "A string that includes all the SSL settings, except the password for the truststore.",
      "description": "A string that includes all the SSL settings, except the password for the truststore.",
      "datatype": "DRIVER",
      "allowsLists": false,
      "useInR": false,
      "rOrderNum": 0
    },
    {
      "permittedValues": [],
      "isOutputColumn": false,
      "name": "SSLTrustStorePassword",
      "alternateNames": [],
      "isRequired": false,
      "rDescription": "The password for the SSL truststore.",
      "description": "The password for the SSL truststore.",
      "datatype": "DRIVER",
      "allowsLists": false,
      "useInR": false,
      "rOrderNum": 0
    },
    {
      "targetTable": [
        "vertices"
      ],
      "checkDuplicate": true,
      "allowedTypes": [],
      "allowedTypeGroups": [
        "ALL"
      ],
      "requiredLength": 1,
      "matchLengthOfArgument": "",
      "allowPadding": true,
      "name": "StateColumn",
      "alternateNames": [
        "StateKey"
      ],
      "isRequired": true,
      "rDescription": "The state attributes. You can specify multiple states. The states are case-sensitive.",
      "description": "The state attributes. You can specify multiple states. The states are case-sensitive.",
      "datatype": "COLUMNS",
      "allowsLists": false,
      "rName": "state.key",
      "useInR": true,
      "rOrderNum": 5
    },
    {
      "targetTable": [
        "vertices"
      ],
      "checkDuplicate": true,
      "allowedTypes": [],
      "allowedTypeGroups": [
        "ALL"
      ],
      "requiredLength": 1,
      "matchLengthOfArgument": "",
      "allowPadding": true,
      "name": "ObsColumn",
      "alternateNames": [
        "ObservedKey"
      ],
      "isRequired": true,
      "rDescription": "The name of the column that contains the observed symbols. The function scans the input table to find all possible observed symbols. Note: Observed symbols are case-sensitive.",
      "description": "The name of the column that contains the observed symbols. The function scans the input table to find all possible observed symbols. Note: Observed symbols are case-sensitive.",
      "datatype": "COLUMNS",
      "allowsLists": false,
      "rName": "observed.key",
      "useInR": true,
      "rOrderNum": 4
    },
    {
      "targetTable": [
        "vertices"
      ],
      "checkDuplicate": true,
      "allowedTypes": [],
      "allowedTypeGroups": [
        "ALL"
      ],
      "requiredLength": 1,
      "matchLengthOfArgument": "",
      "allowPadding": true,
      "name": "SeqColumn",
      "alternateNames": [
        "SequenceKey"
      ],
      "isRequired": true,
      "rDescription": "The name of the column that contains the sequence attribute. The sequence_attribute must be a sequence attribute in the partition.columns clause. A sequence must contain more than two observation symbols.",
      "description": "The name of the column that contains the sequence attribute. The sequence_attribute must be a sequence attribute in the PARTITION BY clause. A sequence must contain more than two observation symbols.",
      "datatype": "COLUMNS",
      "allowsLists": false,
      "rName": "sequence.key",
      "useInR": true,
      "rOrderNum": 3
    },
    {
      "targetTable": [
        "vertices"
      ],
      "checkDuplicate": true,
      "allowedTypes": [],
      "allowedTypeGroups": [
        "ALL"
      ],
      "matchLengthOfArgument": "",
      "allowPadding": true,
      "name": "SkipColumn",
      "alternateNames": [
        "SkipKey"
      ],
      "isRequired": false,
      "rDescription": "The name of the column whose values determine whether the function skips the row. The function skips the row if the value is “true”, “yes”, “y”, or “1”. The function does not skip the row if the value is “false”, “f”, “no”, “n”, “0”, or NULL.",
      "description": "The name of the column whose values determine whether the function skips the row. The function skips the row if the value is “true”, “yes”, “y”, or “1”. The function does not skip the row if the value is “false”, “f”, “no”, “n”, “0”, or NULL.",
      "datatype": "COLUMNS",
      "allowsLists": true,
      "rName": "skip.key",
      "useInR": true,
      "rOrderNum": 6
    },
    {
      "targetTable": [
        "vertices"
      ],
      "checkDuplicate": true,
      "allowedTypes": [],
      "allowedTypeGroups": [
        "ALL"
      ],
      "requiredLength": 1,
      "matchLengthOfArgument": "",
      "allowPadding": true,
      "name": "ModelColumn",
      "alternateNames": [
        "ModelKey"
      ],
      "isRequired": false,
      "rDescription": "The name of the column that contains the model attribute. If you specify this argument, then its value must match a model_key in the partition.columns clause.",
      "description": "The name of the column that contains the model attribute. If you specify this argument, then its value must match a model_key in the PARTITION BY clause.",
      "datatype": "COLUMNS",
      "allowsLists": false,
      "rName": "model.key",
      "useInR": true,
      "rOrderNum": 2
    },
    {
      "permittedValues": [],
      "isOutputColumn": false,
      "matchLengthOfArgument": "",
      "allowPadding": true,
      "name": "OutputTables",
      "alternateNames": [],
      "isRequired": false,
      "rDescription": "The names of the output tables: • init_state_prob—Initial state probability table (default name is Pi). • state_transition_prob—State transition probability table (default name is A). • emit_prob—Emission probability table (default name is B). ",
      "description": "The names of the output tables: • init_state_prob—Initial state probability table (default name is Pi). • state_transition_prob—State transition probability table (default name is A). • emit_prob—Emission probability table (default name is B). ",
      "datatype": "STRING",
      "allowsLists": true,
      "rName": "output.tables",
      "useInR": true,
      "rOrderNum": 7
    },
    {
      "lowerBound": 1,
      "upperBound": 2147483647,
      "lowerBoundType": "INCLUSIVE",
      "upperBoundType": "INCLUSIVE",
      "allowNaN": false,
      "name": "BatchSize",
      "alternateNames": [],
      "isRequired": false,
      "rDescription": "The number of models to process. The size must be positive. If the batch size is not specified, the function avoids out-of-memory errors by determining the appropriate size. If the batch size is specified and there is insufficient free memory, the function reduces the batch size. The batch size is determined dynamically, based on the memory conditions. For example, at time T1, the specified batch size 1000 might be adjusted to 980, and at time T2, the batch size might be adjusted to 800.",
      "description": "The number of models to process. The size must be positive. If the batch size is not specified, the function avoids out-of-memory errors by determining the appropriate size. If the batch size is specified and there is insufficient free memory, the function reduces the batch size. The batch size is determined dynamically, based on the memory conditions. For example, at time T1, the specified batch size 1000 might be adjusted to 980, and at time T2, the batch size might be adjusted to 800.",
      "datatype": "INTEGER",
      "allowsLists": false,
      "rName": "batch.size",
      "useInR": true,
      "rOrderNum": 8
    }
  ]
}
