{
  "json_schema_major_version": "1",
  "json_schema_minor_version": "2",
  "json_content_version": "1",
  "function_name": "LDATopicPrinter",
  "function_version": "1.2",
  "function_type": "non-driver",
  "function_r_name": "aa.lda.topicprinter",
  "ref_function_r_name": "aa.lda",
  "short_description": "This function extracts the information from the model table.",
  "long_description": "Since model table is stored in binary fromat, this function is adopted to show the contained information of the table. If summary is true, the parameters  and training set of the model table is given. Otherwise, each topic and related words are outputted. ",
  "input_tables": [
    {
      "requiredInputKind": [
        "PartitionByKey"
      ],
      "isOrdered": false,
      "partitionByOne": true,
      "name": "input",
      "alternateNames": [],
      "isRequired": true,
      "rDescription": "The model table.",
      "description": "The model table.",
      "datatype": "TABLE_ALIAS",
      "allowsLists": false,
      "rName": "object",
      "useInR": true,
      "rOrderNum": 1
    }
  ],
  "argument_clauses": [
    {
      "defaultValue": false,
      "name": "Summary",
      "alternateNames": [
        "ShowSummary"
      ],
      "isRequired": false,
      "rDescription": "Specifies whether to display only a summary of the information in the model table. The default value is 'false'.",
      "description": "Specifies whether to display only a summary of the information in the model table. The default value is 'false'.",
      "datatype": "BOOLEAN",
      "allowsLists": false,
      "rName": "summary",
      "useInR": true,
      "rOrderNum": 2
    },
    {
      "permittedValues": [],
      "defaultValue": "all",
      "isOutputColumn": false,
      "name": "OutputTopicWordNum",
      "alternateNames": [
        "OutputTopicWordNumber"
      ],
      "isRequired": false,
      "rDescription": " Specifies the number of top topic words and their topic identifiers to include in the output table for each training document.The value topic_words must be either a positive integer or the string 'all'. The default value, 'all', specifies all topic words and their topic identifiers.",
      "description": " Specifies the number of top topic words and their topic identifiers to include in the output table for each training document.The value topic_words must be either a positive integer or the string 'all'. The default value, 'all', specifies all topic words and their topic identifiers.",
      "datatype": "STRING",
      "allowsLists": false,
      "rName": "out.topicwordnum",
      "useInR": true,
      "rOrderNum": 3
    },
    {
      "defaultValue": false,
      "name": "WordWeight",
      "alternateNames": [
        "ShowWordWeight"
      ],
      "isRequired": false,
      "rDescription": "Specifies whether to display the weight (probability of occurrence) of each unique word in each topic. The weights for the unique words in each topic are normalized to 1. The default value is 'false'.",
      "description": "Specifies whether to display the weight (probability of occurrence) of each unique word in each topic. The weights for the unique words in each topic are normalized to 1. The default value is 'false'.",
      "datatype": "BOOLEAN",
      "allowsLists": false,
      "rName": "word.weight",
      "useInR": true,
      "rOrderNum": 4
    },
    {
      "defaultValue": false,
      "name": "WordCount",
      "alternateNames": [
        "ShowWordCount"
      ],
      "isRequired": false,
      "rDescription": "Specifies whether to display the count (number of occurrences) of each unique word in each topic. Topic distribution is factored into word counts. The default value is 'false'.",
      "description": "Specifies whether to display the count (number of occurrences) of each unique word in each topic. Topic distribution is factored into word counts. The default value is 'false'.",
      "datatype": "BOOLEAN",
      "allowsLists": false,
      "rName": "word.count",
      "useInR": true,
      "rOrderNum": 5
    },
    {
      "defaultValue": true,
      "name": "OutputByWord",
      "alternateNames": [],
      "isRequired": false,
      "rDescription": "Specifies whether to display each topic-word pair in its own row. The default value is 'true'.If you specify 'false', each row contains a unique topic and all words that occur in that topic, separated by commas.",
      "description": "Specifies whether to display each topic-word pair in its own row. The default value is 'true'.If you specify 'false', each row contains a unique topic and all words that occur in that topic, separated by commas.",
      "datatype": "BOOLEAN",
      "allowsLists": false,
      "rName": "out.byword",
      "useInR": true,
      "rOrderNum": 6
    }
  ]
}
