{
  "json_schema_major_version": "1",
  "json_schema_minor_version": "2",
  "json_content_version": "1",
  "function_name": "PageRank",
  "function_version": "1.2",
  "function_type": "graph",
  "function_r_name": "aa.pagerank",
  "short_description": "Computes the page rank for all pages in a web graph.",
  "long_description": "Computes the page rank for all pages in a web graph represented by two database tables. The assumption is that the function is provided input as follows: TABLE vertices (vertex keys, ...) TABLE edges (source vertex keys, target vertex keys, edge weight, ...). The function only supports edge weights. If EdgeWeight is not specified, PageRank takes the input as unweighted.",
  "input_tables": [
    {
      "requiredInputKind": [
        "PartitionByKey"
      ],
      "isOrdered": false,
      "partitionByOne": false,
      "name": "vertices",
      "alternateNames": [],
      "isRequired": true,
      "rDescription": "The input table contains vertices in the graph. ",
      "description": "The input table contains vertices in the graph. ",
      "datatype": "TABLE_ALIAS",
      "allowsLists": false,
      "rName": "vertices.data",
      "useInR": true,
      "rOrderNum": 1
    },
    {
      "requiredInputKind": [
        "PartitionByKey"
      ],
      "isOrdered": false,
      "partitionByOne": false,
      "name": "edges",
      "alternateNames": [],
      "isRequired": true,
      "rDescription": "The input table contains edges in the graph. ",
      "description": "The input table contains edges in the graph. ",
      "datatype": "TABLE_ALIAS",
      "allowsLists": false,
      "rName": "edges.data",
      "useInR": true,
      "rOrderNum": 2
    }
  ],
  "argument_clauses": [
    {
      "targetTable": [
        "edges"
      ],
      "checkDuplicate": true,
      "allowedTypes": [],
      "allowedTypeGroups": [
        "ALL"
      ],
      "matchLengthOfArgument": "",
      "allowPadding": true,
      "name": "TargetKey",
      "alternateNames": [],
      "isRequired": true,
      "rDescription": "Specifies the target key columns in the edges table",
      "description": "Specifies the target key columns in the edges table",
      "datatype": "COLUMNS",
      "allowsLists": true,
      "rName": "  target.key",
      "useInR": true,
      "rOrderNum": 3
    },
    {
      "targetTable": [
        "edges"
      ],
      "checkDuplicate": true,
      "allowedTypes": [],
      "allowedTypeGroups": [
        "NUMERIC"
      ],
      "requiredLength": 1,
      "matchLengthOfArgument": "",
      "allowPadding": true,
      "name": "EdgeWeight",
      "alternateNames": [],
      "isRequired": false,
      "rDescription": " Specifies the column in the edges table that contains the edge weight, which must be a positive value. By default, all edges have the same weight (that is, the graph is unweighted). ",
      "description": " Specifies the column in the edges table that contains the edge weight, which must be a positive value. By default, all edges have the same weight (that is, the graph is unweighted). ",
      "datatype": "COLUMNS",
      "allowsLists": false,
      "rName": "weights",
      "useInR": true,
      "rOrderNum": 4
    },
    {
      "targetTable": [
        "vertices"
      ],
      "checkDuplicate": true,
      "allowedTypes": [],
      "allowedTypeGroups": [
        "ALL"
      ],
      "matchLengthOfArgument": "",
      "allowPadding": true,
      "name": "Accumulate",
      "alternateNames": [],
      "isRequired": false,
      "rDescription": "Specifies the vertices table columns to copy to the output table.",
      "description": "Specifies the vertices table columns to copy to the output table.",
      "datatype": "COLUMNS",
      "allowsLists": true,
      "rName": "accumulate",
      "useInR": true,
      "rOrderNum": 8
    },
    {
      "defaultValue": 0.85,
      "lowerBound": 0,
      "upperBound": 1,
      "lowerBoundType": "INCLUSIVE",
      "upperBoundType": "INCLUSIVE",
      "allowNaN": false,
      "name": "DampFactor",
      "alternateNames": [],
      "isRequired": false,
      "rDescription": " Specifies the value to use in the PageRank formula. The damp_factor must be a DOUBLE PRECISION value between 0 and 1. The default value is 0.85.",
      "description": " Specifies the value to use in the PageRank formula. The damp_factor must be a DOUBLE PRECISION value between 0 and 1. The default value is 0.85.",
      "datatype": "DOUBLE",
      "allowsLists": false,
      "rName": "damping",
      "useInR": true,
      "rOrderNum": 5
    },
    {
      "defaultValue": 20,
      "rDefaultValue": 1000,
      "lowerBound": 0,
      "upperBound": 2147483647,
      "lowerBoundType": "EXCLUSIVE",
      "upperBoundType": "INCLUSIVE",
      "allowNaN": false,
      "name": "MaxIterNum",
      "alternateNames": [],
      "isRequired": false,
      "rDescription": "Specifies the maximum number of iterations for which the algorithm runs before the function completes. The max_iterations must be a positive INTEGER value. The default value is 20. Note: max_iterations is the number of SQL-GR iterations (that is, the algorithm iterations shown in AMC minus 3). ",
      "description": "Specifies the maximum number of iterations for which the algorithm runs before the function completes. The max_iterations must be a positive INTEGER value. The default value is 20. Note: max_iterations is the number of SQL-GR iterations (that is, the algorithm iterations shown in AMC minus 3). ",
      "datatype": "INTEGER",
      "allowsLists": false,
      "rName": "niter",
      "useInR": true,
      "rOrderNum": 6
    },
    {
      "defaultValue": 1.0E-4,
      "rDefaultValue": 0.001,
      "lowerBound": 0,
      "upperBound": Infinity,
      "lowerBoundType": "EXCLUSIVE",
      "upperBoundType": "INCLUSIVE",
      "allowNaN": false,
      "name": "Threshold",
      "alternateNames": [],
      "isRequired": false,
      "rDescription": "Specifies the convergence criteria value. The threshold must be a DOUBLE PRECISION value. The default value is 0.0001.",
      "description": "Specifies the convergence criteria value. The threshold must be a DOUBLE PRECISION value. The default value is 0.0001.",
      "datatype": "DOUBLE",
      "allowsLists": false,
      "rName": "eps",
      "useInR": true,
      "rOrderNum": 7
    }
  ]
}
