{
  "json_schema_major_version": "1",
  "json_schema_minor_version": "2",
  "json_content_version": "1",
  "function_name": "PSTParserAFS",
  "function_version": "1.2",
  "function_type": "sqlmr",
  "function_r_name": "aa.pst.parser.afs",
  "short_description": "Parses PST files.",
  "long_description": "Parses Email (PST) files on AFS",
  "input_tables": [
    {
      "requiredInputKind": [
        "PartitionByAny"
      ],
      "isOrdered": false,
      "partitionByOne": false,
      "name": "input",
      "alternateNames": [],
      "isRequired": true,
      "rDescription": "An empty table used to run the function.",
      "description": "An empty table used to run the function.",
      "datatype": "TABLE_ALIAS",
      "allowsLists": false,
      "rName": "data",
      "useInR": true,
      "rOrderNum": 1
    }
  ],
  "argument_clauses": [
    {
      "permittedValues": [],
      "isOutputColumn": false,
      "matchLengthOfArgument": "",
      "allowPadding": true,
      "name": "Path",
      "alternateNames": [],
      "isRequired": true,
      "rDescription": "Specifies the path to the PST files on AFS. The input_path represents either a directory or a file name, and can use regular expressions. For example: /test /test/testfile.pst /test/*.pst The PST files must be available on AFS before you call the function. If input_path represents a directory, the function parses all PST files in the directory.If a file represented by an input_path is not a PST file, the function does not parse that file and logs an error. A single vWorker processes each PST file.",
      "description": "Specifies the path to the PST files on AFS. The input_path represents either a directory or a file name, and can use regular expressions. For example: /test /test/testfile.pst /test/*.pst The PST files must be available on AFS before you call the function. If input_path represents a directory, the function parses all PST files in the directory.If a file represented by an input_path is not a PST file, the function does not parse that file and logs an error. A single vWorker processes each PST file.",
      "datatype": "STRING",
      "allowsLists": true,
      "rName": "path",
      "useInR": true,
      "rOrderNum": 2
    },
    {
      "permittedValues": [],
      "isOutputColumn": false,
      "name": "Host",
      "alternateNames": [],
      "isRequired": false,
      "rDescription": "Specifies the IP address of the AFS server. The default value is IP address of the Queen node.",
      "description": "Specifies the IP address of the AFS server. The default value is IP address of the Queen node.",
      "datatype": "STRING",
      "allowsLists": false,
      "rName": "host",
      "useInR": true,
      "rOrderNum": 3
    },
    {
      "defaultValue": 2601,
      "lowerBound": -2147483648,
      "upperBound": 2147483647,
      "lowerBoundType": "INCLUSIVE",
      "upperBoundType": "INCLUSIVE",
      "allowNaN": false,
      "name": "Port",
      "alternateNames": [],
      "isRequired": false,
      "rDescription": "Specifies the port number of the AFS server. The default value is 2601.",
      "description": "Specifies the port number of the AFS server. The default value is 2601.",
      "datatype": "INTEGER",
      "allowsLists": false,
      "rName": "port",
      "useInR": true,
      "rOrderNum": 4
    },
    {
      "permittedValues": [],
      "isOutputColumn": true,
      "matchLengthOfArgument": "",
      "allowPadding": true,
      "name": "OutputColumns",
      "alternateNames": [
        "Outputs"
      ],
      "isRequired": false,
      "rDescription": "Specifies the custom columns to output. By default, the function outputs only the default columns.",
      "description": "Specifies the custom columns to output. By default, the function outputs only the default columns.",
      "datatype": "STRING",
      "allowsLists": true,
      "rName": "output.columns",
      "useInR": true,
      "rOrderNum": 5
    },
    {
      "permittedValues": [],
      "isOutputColumn": false,
      "matchLengthOfArgument": "",
      "allowPadding": true,
      "name": "Exclude",
      "alternateNames": [],
      "isRequired": false,
      "rDescription": "Specifies the message folders to exclude while parsing the PST file (for examples, Drafts, Deleted, and Junk). The message_folder represents either a directory or a file name, and can use regular expressions. If message_folder represents a directory, the function excludes all PST files in the directory. By default, the function parses all folders in the PST file. However, the function does not parse or output PST files related to Calendar, Contacts, Tasks, or RSS.",
      "description": "Specifies the message folders to exclude while parsing the PST file (for examples, Drafts, Deleted, and Junk). The message_folder represents either a directory or a file name, and can use regular expressions. If message_folder represents a directory, the function excludes all PST files in the directory. By default, the function parses all folders in the PST file. However, the function does not parse or output PST files related to Calendar, Contacts, Tasks, or RSS.",
      "datatype": "STRING",
      "allowsLists": true,
      "rName": "exclude",
      "useInR": true,
      "rOrderNum": 6
    }
  ]
}
