{
  "json_schema_major_version": "1",
  "json_schema_minor_version": "2",
  "json_content_version": "1",
  "function_name": "SortCombination",
  "function_version": "1.2",
  "function_type": "non-driver",
  "function_r_name": "aa.sort.combination",
  "short_description": "This function cleans up the characteristics values table.",
  "long_description": "This function cleans up the characteristics values table. It parses the combination column, removes extra whitespaces, and re-concatenate them using space as delimiter. It also ensures that the elements in the combination are sorted.",
  "input_tables": [
    {
      "requiredInputKind": [
        "PartitionByAny"
      ],
      "isOrdered": false,
      "partitionByOne": false,
      "name": "input",
      "alternateNames": [],
      "isRequired": true,
      "rDescription": "A table output by the GenerateCombination or SortCombination function.",
      "description": "A table output by the GenerateCombination or SortCombination function.",
      "datatype": "TABLE_ALIAS",
      "allowsLists": false,
      "rName": "data",
      "useInR": true,
      "rOrderNum": 1
    }
  ],
  "argument_clauses": [
    {
      "targetTable": [
        "input"
      ],
      "checkDuplicate": true,
      "allowedTypes": [],
      "allowedTypeGroups": [
        "ALL"
      ],
      "requiredLength": 1,
      "matchLengthOfArgument": "",
      "allowPadding": true,
      "name": "CombinationColumn",
      "alternateNames": [
        "CombColName"
      ],
      "isRequired": true,
      "rDescription": "Specifies the name of the input table column that contains the combinations.",
      "description": "Specifies the name of the input table column that contains the combinations.",
      "datatype": "COLUMNS",
      "allowsLists": false,
      "rName": "combination.column",
      "useInR": true,
      "rOrderNum": 2
    },
    {
      "targetTable": [
        "input"
      ],
      "checkDuplicate": true,
      "allowedTypes": [],
      "allowedTypeGroups": [
        "NUMERIC"
      ],
      "requiredLength": 1,
      "matchLengthOfArgument": "",
      "allowPadding": true,
      "name": "ValueColumn",
      "alternateNames": [
        "ValueColName"
      ],
      "isRequired": true,
      "rDescription": "Specifies the name of the input table column that contains the assigned value of each combination.",
      "description": "Specifies the name of the input table column that contains the assigned value of each combination.",
      "datatype": "COLUMNS",
      "allowsLists": false,
      "rName": "value.column",
      "useInR": true,
      "rOrderNum": 3
    },
    {
      "permittedValues": [
        " ",
        ",",
        ";",
        ":",
        "#",
        "%",
        "&"
      ],
      "defaultValue": " ",
      "isOutputColumn": false,
      "name": "Delimiter",
      "alternateNames": [],
      "isRequired": false,
      "rDescription": "Specifies the character that separates player numbers in combinations—either ' ' (space, the default), '#', '$', '%', or '&'.",
      "description": "Specifies the character that separates player numbers in combinations—either ' ' (space, the default), '#', '$', '%', or '&'.",
      "datatype": "STRING",
      "allowsLists": false,
      "rName": "delimiter",
      "useInR": true,
      "rOrderNum": 4
    }
  ]
}
