{
  "json_schema_major_version": "1",
  "json_schema_minor_version": "2",
  "json_content_version": "1",
  "function_name": "VectorDistance",
  "function_version": "1.2",
  "function_type": "non-driver",
  "function_r_name": "aa.vector.distance",
  "short_description": "This function takes the sparse vector input and output distance between target and reference vectors with defined measurent ",
  "long_description": "This function calculate the distance from target vector to each reference vector. User can specify desired measurements in MEASURE argument.",
  "input_tables": [
    {
      "requiredInputKind": [
        "PartitionByKey"
      ],
      "isOrdered": false,
      "partitionByOne": false,
      "name": "target",
      "alternateNames": [],
      "isRequired": true,
      "rDescription": "A table that specifies target vectors",
      "description": "A table that specifies target vectors",
      "datatype": "TABLE_ALIAS",
      "allowsLists": false,
      "rName": "target.data",
      "useInR": true,
      "rOrderNum": 1
    },
    {
      "requiredInputKind": [
        "Dimension"
      ],
      "isOrdered": false,
      "partitionByOne": false,
      "name": "ref",
      "alternateNames": [],
      "isRequired": true,
      "rDescription": "A table that specifies reference vectors",
      "description": "A table that specifies reference vectors",
      "datatype": "TABLE_ALIAS",
      "allowsLists": false,
      "rName": "ref.data",
      "useInR": true,
      "rOrderNum": 2
    }
  ],
  "argument_clauses": [
    {
      "targetTable": [
        "target"
      ],
      "checkDuplicate": true,
      "allowedTypes": [],
      "allowedTypeGroups": [
        "ALL"
      ],
      "matchLengthOfArgument": "",
      "allowPadding": true,
      "name": "TargetIdColumns",
      "alternateNames": [],
      "isRequired": true,
      "rDescription": "Specifies the names of the columns that comprise the target vector identifier. You must partition the target input table by these columns and specify them with this argument.",
      "description": "Specifies the names of the columns that comprise the target vector identifier. You must partition the target input table by these columns and specify them with this argument.",
      "datatype": "COLUMNS",
      "allowsLists": true,
      "rName": "target.id",
      "useInR": true,
      "rOrderNum": 3
    },
    {
      "targetTable": [
        "target"
      ],
      "checkDuplicate": false,
      "allowedTypes": [],
      "allowedTypeGroups": [
        "ALL"
      ],
      "requiredLength": 1,
      "matchLengthOfArgument": "",
      "allowPadding": true,
      "name": "TargetFeatureColumn",
      "alternateNames": [],
      "isRequired": true,
      "rDescription": "Specifies the name of the column that contains the target vector feature name (for example, the axis of a 3-D vector). Note: An entry with a NULL value in a feature_column is dropped.",
      "description": "Specifies the name of the column that contains the target vector feature name (for example, the axis of a 3-D vector). Note: An entry with a NULL value in a feature_column is dropped.",
      "datatype": "COLUMNS",
      "allowsLists": false,
      "rName": "target.feature",
      "useInR": true,
      "rOrderNum": 4
    },
    {
      "targetTable": [
        "target"
      ],
      "checkDuplicate": false,
      "allowedTypes": [],
      "allowedTypeGroups": [
        "NUMERIC"
      ],
      "requiredLength": 1,
      "matchLengthOfArgument": "",
      "allowPadding": true,
      "name": "TargetValueColumn",
      "alternateNames": [],
      "isRequired": false,
      "rDescription": "Specifies the name of the column that contains the value for the target vector feature. The default value is 1. Note: An entry with a NULL value in a value_column is dropped.",
      "description": "Specifies the name of the column that contains the value for the target vector feature. The default value is 1. Note: An entry with a NULL value in a value_column is dropped.",
      "datatype": "COLUMNS",
      "allowsLists": false,
      "rName": "target.value",
      "useInR": true,
      "rOrderNum": 5
    },
    {
      "targetTable": [
        "ref"
      ],
      "checkDuplicate": true,
      "allowedTypes": [],
      "allowedTypeGroups": [
        "ALL"
      ],
      "defaultValues": [],
      "matchLengthOfArgument": "",
      "allowPadding": true,
      "name": "RefIdColumns",
      "alternateNames": [],
      "isRequired": false,
      "rDescription": "Specifies the names of the columns that comprise the reference vector identifier. The default value is the target.id argument value. ",
      "description": "Specifies the names of the columns that comprise the reference vector identifier. The default value is the TargetIDColumns argument value. ",
      "datatype": "COLUMNS",
      "allowsLists": true,
      "rName": "ref.id",
      "useInR": true,
      "rOrderNum": 6
    },
    {
      "targetTable": [
        "ref"
      ],
      "checkDuplicate": false,
      "allowedTypes": [],
      "allowedTypeGroups": [
        "ALL"
      ],
      "requiredLength": 1,
      "matchLengthOfArgument": "",
      "allowPadding": true,
      "name": "RefFeatureColumn",
      "alternateNames": [],
      "isRequired": false,
      "rDescription": "Specifies the name of the column that contains the reference vector feature name. The default value is the target.feature argument value.",
      "description": "Specifies the name of the column that contains the reference vector feature name. The default value is the target.feature argument value.",
      "datatype": "COLUMNS",
      "allowsLists": false,
      "rName": "ref.feature",
      "useInR": true,
      "rOrderNum": 7
    },
    {
      "targetTable": [
        "ref"
      ],
      "checkDuplicate": false,
      "allowedTypes": [],
      "allowedTypeGroups": [
        "NUMERIC"
      ],
      "requiredLength": 1,
      "matchLengthOfArgument": "",
      "allowPadding": true,
      "name": "RefValueColumn",
      "alternateNames": [],
      "isRequired": false,
      "rDescription": "Specifies the name of the column that contains the value for the reference vector feature. The default value is the TargetValueColumn argument value. Note: An entry with a NULL value in a value_column is dropped.",
      "description": "Specifies the name of the column that contains the value for the reference vector feature. The default value is the TargetValueColumn argument value. Note: An entry with a NULL value in a value_column is dropped.",
      "datatype": "COLUMNS",
      "allowsLists": false,
      "rName": "ref.value",
      "useInR": true,
      "rOrderNum": 8
    },
    {
      "permittedValues": [],
      "defaultValue": "positiveinfinity",
      "isOutputColumn": false,
      "name": "ReplaceInvalid",
      "alternateNames": [
        "InvalidReturnValue"
      ],
      "isRequired": false,
      "rDescription": "Specifies the value to return when the function encounters an infinite value or empty vectors. For custom, you can supply any DOUBLE PRECISION value. The default value is 'PositiveInfinity'.",
      "description": "Specifies the value to return when the function encounters an infinite value or empty vectors. For custom, you can supply any DOUBLE PRECISION value. The default value is 'PositiveInfinity'.",
      "datatype": "STRING",
      "allowsLists": false,
      "rName": "replace.invalid",
      "useInR": true,
      "rOrderNum": 12
    },
    {
      "permittedValues": [
        "small",
        "large"
      ],
      "defaultValue": "small",
      "isOutputColumn": false,
      "name": "RefTableSize",
      "alternateNames": [],
      "isRequired": false,
      "rDescription": "Specifies the size of the reference table. Specify 'LARGE' only if the reference table does not fit in memory. The default value, 'SMALL', allows faster processing.",
      "description": "Specifies the size of the reference table. Specify 'LARGE' only if the reference table does not fit in memory. The default value, 'SMALL', allows faster processing.",
      "datatype": "STRING",
      "allowsLists": false,
      "rName": "reftable.size",
      "useInR": true,
      "rOrderNum": 9
    },
    {
      "permittedValues": [
        "COSINE",
        "EUCLIDEAN",
        "MANHATTAN",
        "BINARY"
      ],
      "defaultValue": [
        "cosine"
      ],
      "isOutputColumn": false,
      "matchLengthOfArgument": "",
      "allowPadding": true,
      "name": "DistanceMeasure",
      "alternateNames": [
        "Measure"
      ],
      "isRequired": false,
      "rDescription": "Specifies the distance measures that the function uses.The default value is 'cosine'.",
      "description": "Specifies the distance measures that the function uses.The default value is 'cosine'.",
      "datatype": "STRING",
      "allowsLists": true,
      "rName": "distance.measure",
      "useInR": true,
      "rOrderNum": 10
    },
    {
      "matchLengthOfArgument": "",
      "allowPadding": true,
      "name": "MaxDistance",
      "alternateNames": [
        "Threshold"
      ],
      "isRequired": false,
      "rDescription": "Specifies the maximum distance between a pair of target and reference vectors. If the distance exceeds the threshold, the pair does not appear in the output table. If the distance.measure argument specifies multiple measures, then the max.distance argument must specify a threshold for each measure. The ith threshold corresponds to the ith measure. Each threshold can be any DOUBLE PRECISION value. If you omit this argument, then the function returns all results.",
      "description": "Specifies the maximum distance between a pair of target and reference vectors. If the distance exceeds the threshold, the pair does not appear in the output table. If the DistanceMeasure argument specifies multiple measures, then the MaxDistance argument must specify a threshold for each measure. The ith threshold corresponds to the ith measure. Each threshold can be any DOUBLE PRECISION value. If you omit this argument, then the function returns all results.",
      "datatype": "DOUBLE",
      "allowsLists": true,
      "rName": "max.distance",
      "useInR": true,
      "rOrderNum": 14
    },
    {
      "defaultValue": true,
      "name": "IgnoreMismatch",
      "alternateNames": [],
      "isRequired": false,
      "rDescription": "Specifies whether to drop mismatched dimensions. The default value is 'true'. If distance.measure is 'cosine', then this argument is 'false'. If you specify 'true', then two vectors with no common features become two empty vectors when only their common features are considered, and the function cannot measure the distance between them.",
      "description": "Specifies whether to drop mismatched dimensions. The default value is 'true'. If DistanceMeasure is 'cosine', then this argument is 'false'. If you specify 'true', then two vectors with no common features become two empty vectors when only their common features are considered, and the function cannot measure the distance between them.",
      "datatype": "BOOLEAN",
      "allowsLists": false,
      "rName": "ignore.mismatch",
      "useInR": true,
      "rOrderNum": 11
    },
    {
      "defaultValue": 2147483647,
      "lowerBound": 1,
      "upperBound": 2147483647,
      "lowerBoundType": "INCLUSIVE",
      "upperBoundType": "INCLUSIVE",
      "allowNaN": false,
      "name": "TopK",
      "alternateNames": [],
      "isRequired": false,
      "rDescription": "Specifies, for each target vector and for each measure, the maximum number of closest reference vectors to include in the output table. For k, you can supply any INTEGER value. The default value is the maximum INTEGER value (2,147,483,647).",
      "description": "Specifies, for each target vector and for each measure, the maximum number of closest reference vectors to include in the output table. For k, you can supply any INTEGER value. The default value is the maximum INTEGER value (2,147,483,647).",
      "datatype": "INTEGER",
      "allowsLists": false,
      "rName": "top.k",
      "useInR": true,
      "rOrderNum": 13
    }
  ]
}
