{
  "type": "CustomCode_AttributionAster_7",
  "neverRecomputeExistingPartitions": false,
  "optionalDependencies": false,
  "params": {
    "customConfig": {
      "category": "Time Series Analysis",
      "function": {
        "isOrdered": false,
        "asterarguments": "",
        "isQueryMode": false,
        "unaliased_inputs": {
          "count": 0.0,
          "values": [],
          "desc": {}
        },
        "required_input": [
          {
            "isOrdered": true,
            "name": "input1",
            "inputKindChoices": [
              "PartitionByKey"
            ],
            "kind": "PartitionByKey",
            "value": "aggregate_clicks",
            "orderByColumn": [
              "clicktime"
            ],
            "isRequired": true,
            "partitionAttributes": [
              "sessionid"
            ]
          },
          {
            "isOrdered": true,
            "name": "input2",
            "inputKindChoices": [
              "PartitionByKey",
              "Dimension"
            ],
            "kind": "PartitionByKey",
            "value": "",
            "orderByColumn": "",
            "isRequired": false,
            "partitionAttributes": ""
          },
          {
            "isOrdered": true,
            "name": "input3",
            "inputKindChoices": [
              "PartitionByKey",
              "Dimension"
            ],
            "kind": "PartitionByKey",
            "value": "",
            "orderByColumn": "",
            "isRequired": false,
            "partitionAttributes": ""
          },
          {
            "isOrdered": true,
            "name": "input4",
            "inputKindChoices": [
              "PartitionByKey",
              "Dimension"
            ],
            "kind": "PartitionByKey",
            "value": "",
            "orderByColumn": "",
            "isRequired": false,
            "partitionAttributes": ""
          },
          {
            "isOrdered": true,
            "name": "input5",
            "inputKindChoices": [
              "PartitionByKey",
              "Dimension"
            ],
            "kind": "PartitionByKey",
            "value": "",
            "orderByColumn": "",
            "isRequired": false,
            "partitionAttributes": ""
          },
          {
            "isOrdered": true,
            "name": "input6",
            "inputKindChoices": [
              "PartitionByKey",
              "Dimension"
            ],
            "kind": "PartitionByKey",
            "value": "",
            "orderByColumn": "",
            "isRequired": false,
            "partitionAttributes": ""
          },
          {
            "isOrdered": true,
            "name": "input7",
            "inputKindChoices": [
              "PartitionByKey",
              "Dimension"
            ],
            "kind": "PartitionByKey",
            "value": "",
            "orderByColumn": "",
            "isRequired": false,
            "partitionAttributes": ""
          },
          {
            "isOrdered": true,
            "name": "input8",
            "inputKindChoices": [
              "PartitionByKey",
              "Dimension"
            ],
            "kind": "PartitionByKey",
            "value": "",
            "orderByColumn": "",
            "isRequired": false,
            "partitionAttributes": ""
          },
          {
            "isOrdered": true,
            "name": "input9",
            "inputKindChoices": [
              "PartitionByKey",
              "Dimension"
            ],
            "kind": "PartitionByKey",
            "value": "",
            "orderByColumn": "",
            "isRequired": false,
            "partitionAttributes": ""
          },
          {
            "isOrdered": true,
            "name": "input10",
            "inputKindChoices": [
              "PartitionByKey",
              "Dimension"
            ],
            "kind": "PartitionByKey",
            "value": "",
            "orderByColumn": "",
            "isRequired": false,
            "partitionAttributes": ""
          }
        ],
        "name": "NPATH",
        "partitionInputKind": [],
        "orderByColumn": [],
        "partitionAttributes": [],
        "arguments": [
          {
            "allowsLists": false,
            "name": "MODE",
            "datatype": "STRING",
            "value": "NONOVERLAPPING",
            "isRequired": true,
            "permittedValues": [
              "OVERLAPPING",
              "NONOVERLAPPING"
            ],
            "i": 0.0
          },
          {
            "allowsLists": false,
            "name": "PATTERN",
            "datatype": "STRING",
            "value": "A*",
            "isRequired": true,
            "permittedValues": [],
            "i": 1.0
          },
          {
            "allowsLists": true,
            "name": "SYMBOLS",
            "datatype": "SQLEXPR",
            "value": "TRUE AS A",
            "isRequired": true,
            "permittedValues": [],
            "i": 2.0
          },
          {
            "allowsLists": true,
            "name": "FILTER",
            "datatype": "SQLEXPR",
            "value": "",
            "isRequired": false,
            "permittedValues": [],
            "i": 3.0
          },
          {
            "allowsLists": true,
            "name": "RESULT",
            "datatype": "SQLEXPR",
            "value": "FIRST (sessionid OF A) AS sessionid\u0000ACCUMULATE (pagetype OF A) AS path",
            "isRequired": true,
            "permittedValues": [],
            "i": 4.0
          }
        ],
        "queries": [],
        "hasInputTable": true,
        "function_version": "1.1"
      }
    }
  },
  "customMeta": {
    "kv": {}
  },
  "redispatchPartitioning": false,
  "maxRunningActivities": 0,
  "inputs": {
    "main": {
      "items": [
        {
          "ref": "aggregate_clicks",
          "deps": []
        }
      ]
    }
  },
  "outputs": {
    "main": {
      "items": [
        {
          "ref": "dss_700_npath_out",
          "appendMode": false
        }
      ]
    }
  },
  "versionTag": {
    "versionNumber": 2,
    "lastModifiedBy": {
      "login": "kc186029"
    },
    "lastModifiedOn": 1517229198887
  },
  "creationTag": {
    "versionNumber": 0,
    "lastModifiedBy": {
      "login": "kc186029"
    },
    "lastModifiedOn": 1517229094322
  },
  "tags": [],
  "checklists": {
    "checklists": []
  }
}