{
  "type": "CustomCode_AttributionAster_7",
  "neverRecomputeExistingPartitions": false,
  "optionalDependencies": false,
  "params": {
    "customConfig": {
      "category": "Time Series Analysis",
      "function": {
        "isOrdered": false,
        "asterarguments": "",
        "isQueryMode": false,
        "unaliased_inputs": {
          "count": 0.0,
          "values": [],
          "desc": {}
        },
        "required_input": [
          {
            "isOrdered": true,
            "name": "input",
            "inputKindChoices": [
              "PartitionByKey"
            ],
            "kind": "PartitionByKey",
            "value": "adweb_clickstream",
            "orderByColumn": [
              "clicktime"
            ],
            "isRequired": true,
            "partitionAttributes": [
              "userid"
            ]
          }
        ],
        "name": "SESSIONIZE",
        "partitionInputKind": [],
        "orderByColumn": [],
        "partitionAttributes": [],
        "arguments": [
          {
            "allowsLists": false,
            "name": "TIMECOLUMN",
            "datatype": "COLUMNS",
            "targetTable": [
              "input"
            ],
            "value": "clicktime",
            "isRequired": true,
            "i": 0.0
          },
          {
            "datatype": "DOUBLE",
            "isRequired": true,
            "allowsLists": false,
            "name": "TIMEOUT",
            "value": "60",
            "i": 1.0
          },
          {
            "datatype": "DOUBLE",
            "isRequired": false,
            "allowsLists": false,
            "name": "RAPIDFIRE",
            "value": "0.2",
            "i": 2.0
          },
          {
            "datatype": "BOOLEAN",
            "isRequired": false,
            "allowsLists": false,
            "name": "EMITNULL",
            "value": false,
            "i": 3.0
          }
        ],
        "queries": [],
        "hasInputTable": true,
        "function_version": "1.4"
      }
    }
  },
  "customMeta": {
    "kv": {}
  },
  "redispatchPartitioning": false,
  "maxRunningActivities": 0,
  "inputs": {
    "main": {
      "items": [
        {
          "ref": "adweb_clickstream",
          "deps": []
        }
      ]
    }
  },
  "outputs": {
    "main": {
      "items": [
        {
          "ref": "dss_700_sessionize_out",
          "appendMode": false
        }
      ]
    }
  },
  "versionTag": {
    "versionNumber": 2,
    "lastModifiedBy": {
      "login": "kc186029"
    },
    "lastModifiedOn": 1517229691007
  },
  "creationTag": {
    "versionNumber": 0,
    "lastModifiedBy": {
      "login": "kc186029"
    },
    "lastModifiedOn": 1517229630813
  },
  "tags": [],
  "checklists": {
    "checklists": []
  }
}