{
  "type": "CustomCode_AttributionAster_7",
  "neverRecomputeExistingPartitions": false,
  "optionalDependencies": false,
  "params": {
    "customConfig": {
      "category": "Time Series Analysis",
      "function": {
        "isOrdered": false,
        "asterarguments": "",
        "isQueryMode": false,
        "unaliased_inputs": {
          "count": 0.0,
          "values": [],
          "desc": {}
        },
        "required_input": [],
        "name": "ARIMA",
        "partitionInputKind": [],
        "orderByColumn": [],
        "partitionAttributes": [],
        "arguments": [
          {
            "datatype": "TABLE_NAME",
            "isRequired": true,
            "allowsLists": false,
            "name": "INPUTTABLE",
            "value": "milk_timeseries",
            "i": 0.0
          },
          {
            "allowsLists": false,
            "name": "MODELTABLE",
            "datatype": "TABLE_NAME",
            "value": "advaa_wrkspc1.arimamodel",
            "isRequired": true,
            "isOutputTable": true,
            "i": 1.0
          },
          {
            "allowsLists": false,
            "name": "RESIDUALTABLE",
            "datatype": "TABLE_NAME",
            "value": "advaa_wrkspc1.arimaresidual",
            "isRequired": false,
            "isOutputTable": true,
            "i": 2.0
          },
          {
            "allowsLists": false,
            "name": "DOMAIN",
            "datatype": "DRIVER",
            "value": "",
            "isRequired": false,
            "permittedValues": [],
            "i": 3.0
          },
          {
            "allowsLists": false,
            "name": "DATABASE",
            "datatype": "DRIVER",
            "value": "",
            "isRequired": false,
            "permittedValues": [],
            "i": 4.0
          },
          {
            "allowsLists": false,
            "name": "USERID",
            "datatype": "DRIVER",
            "value": "",
            "isRequired": false,
            "permittedValues": [],
            "i": 5.0
          },
          {
            "allowsLists": false,
            "name": "PASSWORD",
            "datatype": "DRIVER",
            "value": "",
            "isRequired": false,
            "permittedValues": [],
            "i": 6.0
          },
          {
            "allowsLists": false,
            "name": "SSLSETTINGS",
            "datatype": "DRIVER",
            "value": "",
            "isRequired": false,
            "permittedValues": [],
            "i": 7.0
          },
          {
            "allowsLists": false,
            "name": "SSLTRUSTSTOREPASSWORD",
            "datatype": "DRIVER",
            "value": "",
            "isRequired": false,
            "permittedValues": [],
            "i": 8.0
          },
          {
            "allowsLists": true,
            "name": "TIMESTAMPCOLUMNS",
            "datatype": "COLUMN_NAMES",
            "targetTable": [
              "InputTable"
            ],
            "value": [
              "period"
            ],
            "isRequired": true,
            "i": 9.0
          },
          {
            "allowsLists": false,
            "name": "VALUECOLUMN",
            "datatype": "COLUMN_NAMES",
            "targetTable": [
              "InputTable"
            ],
            "value": "milkpound",
            "isRequired": true,
            "i": 10.0
          },
          {
            "allowsLists": false,
            "name": "ORDERS",
            "datatype": "STRING",
            "value": "3,0,0",
            "isRequired": true,
            "permittedValues": [],
            "i": 11.0
          },
          {
            "allowsLists": false,
            "name": "SEASONALORDERS",
            "datatype": "STRING",
            "value": "",
            "isRequired": false,
            "permittedValues": [],
            "i": 12.0
          },
          {
            "datatype": "INTEGER",
            "isRequired": false,
            "allowsLists": false,
            "name": "PERIOD",
            "value": "",
            "i": 13.0
          },
          {
            "datatype": "BOOLEAN",
            "isRequired": false,
            "allowsLists": false,
            "name": "INCLUDEMEAN",
            "value": true,
            "i": 14.0
          },
          {
            "allowsLists": false,
            "name": "FIXED",
            "datatype": "STRING",
            "value": "",
            "isRequired": false,
            "permittedValues": [],
            "i": 15.0
          },
          {
            "allowsLists": false,
            "name": "INITVALUES",
            "datatype": "STRING",
            "value": "",
            "isRequired": false,
            "permittedValues": [],
            "i": 16.0
          },
          {
            "datatype": "INTEGER",
            "isRequired": false,
            "allowsLists": false,
            "name": "MAXITERNUM",
            "value": 100.0,
            "i": 17.0
          }
        ],
        "queries": [],
        "hasInputTable": false,
        "dropIfExists": true,
        "function_version": "1.2"
      }
    }
  },
  "customMeta": {
    "kv": {}
  },
  "redispatchPartitioning": false,
  "maxRunningActivities": 0,
  "inputs": {
    "main": {
      "items": [
        {
          "ref": "milk_timeseries",
          "deps": []
        }
      ]
    }
  },
  "outputs": {
    "main": {
      "items": [
        {
          "ref": "dss_700_arima_out",
          "appendMode": false
        }
      ]
    }
  },
  "versionTag": {
    "versionNumber": 3,
    "lastModifiedBy": {
      "login": "kc186029"
    },
    "lastModifiedOn": 1517487506821
  },
  "creationTag": {
    "versionNumber": 0,
    "lastModifiedBy": {
      "login": "kc186029"
    },
    "lastModifiedOn": 1517229993695
  },
  "tags": [],
  "checklists": {
    "checklists": []
  }
}