{
  "type": "CustomCode_AttributionAster_7",
  "neverRecomputeExistingPartitions": false,
  "optionalDependencies": false,
  "params": {
    "customConfig": {
      "category": "Time Series Analysis",
      "function": {
        "isOrdered": false,
        "asterarguments": "",
        "isQueryMode": false,
        "unaliased_inputs": {
          "count": 0.0,
          "values": [],
          "desc": {}
        },
        "required_input": [
          {
            "isOrdered": true,
            "name": "input",
            "inputKindChoices": [
              "PartitionByKey"
            ],
            "kind": "PartitionByKey",
            "value": "attribution_sample_table1",
            "orderByColumn": [
              "time_stamp"
            ],
            "isRequired": true,
            "partitionAttributes": [
              "user_id"
            ]
          },
          {
            "isOrdered": true,
            "name": "input2",
            "inputKindChoices": [
              "PartitionByKey"
            ],
            "kind": "PartitionByKey",
            "value": "attribution_sample_table2",
            "orderByColumn": [
              "time_stamp"
            ],
            "isRequired": false,
            "partitionAttributes": [
              "user_id"
            ]
          },
          {
            "isOrdered": false,
            "name": "conversion",
            "inputKindChoices": [
              "Dimension"
            ],
            "kind": "Dimension",
            "value": "conversion_event_table",
            "orderByColumn": [],
            "isRequired": false,
            "partitionAttributes": []
          },
          {
            "isOrdered": false,
            "name": "excluding",
            "inputKindChoices": [
              "Dimension"
            ],
            "kind": "Dimension",
            "value": "excluding_event_table",
            "orderByColumn": [],
            "isRequired": false,
            "partitionAttributes": []
          },
          {
            "isOrdered": false,
            "name": "optional",
            "inputKindChoices": [
              "Dimension"
            ],
            "kind": "Dimension",
            "value": "optional_event_table",
            "orderByColumn": [],
            "isRequired": false,
            "partitionAttributes": []
          },
          {
            "isOrdered": false,
            "name": "model1",
            "inputKindChoices": [
              "Dimension"
            ],
            "kind": "Dimension",
            "value": "model1_table",
            "orderByColumn": [],
            "isRequired": false,
            "partitionAttributes": []
          },
          {
            "isOrdered": false,
            "name": "model2",
            "inputKindChoices": [
              "Dimension"
            ],
            "kind": "Dimension",
            "value": "model2_table",
            "orderByColumn": [],
            "isRequired": false,
            "partitionAttributes": []
          }
        ],
        "name": "ATTRIBUTION",
        "partitionInputKind": [],
        "orderByColumn": [],
        "partitionAttributes": [],
        "arguments": [
          {
            "allowsLists": false,
            "name": "EVENTCOLUMNNAME",
            "datatype": "COLUMNS",
            "targetTable": [
              "input"
            ],
            "value": "event",
            "isRequired": true,
            "i": 0.0
          },
          {
            "allowsLists": false,
            "name": "TIMESTAMPCOLUMNNAME",
            "datatype": "COLUMNS",
            "targetTable": [
              "input"
            ],
            "value": "time_stamp",
            "isRequired": true,
            "i": 1.0
          },
          {
            "allowsLists": false,
            "name": "WINDOW",
            "datatype": "STRING",
            "value": "rows:10\u0026seconds:20",
            "isRequired": true,
            "permittedValues": [],
            "i": 2.0
          },
          {
            "allowsLists": true,
            "name": "CONVERSIONEVENTTYPEVALUE",
            "datatype": "STRING",
            "value": "",
            "isRequired": false,
            "permittedValues": [],
            "i": 3.0
          },
          {
            "allowsLists": true,
            "name": "EXCLUDINGEVENTTYPEVALUE",
            "datatype": "STRING",
            "value": "",
            "isRequired": false,
            "permittedValues": [],
            "i": 4.0
          },
          {
            "allowsLists": true,
            "name": "OPTIONALEVENTTYPEVALUE",
            "datatype": "STRING",
            "value": "",
            "isRequired": false,
            "permittedValues": [],
            "i": 5.0
          },
          {
            "allowsLists": true,
            "name": "MODEL1",
            "datatype": "STRING",
            "value": "",
            "isRequired": false,
            "permittedValues": [],
            "i": 6.0
          },
          {
            "allowsLists": true,
            "name": "MODEL2",
            "datatype": "STRING",
            "value": "",
            "isRequired": false,
            "permittedValues": [],
            "i": 7.0
          }
        ],
        "queries": [],
        "hasInputTable": true,
        "function_version": "2.4"
      }
    }
  },
  "customMeta": {
    "kv": {}
  },
  "redispatchPartitioning": false,
  "maxRunningActivities": 0,
  "inputs": {
    "main": {
      "items": [
        {
          "ref": "attribution_sample_table1",
          "deps": []
        },
        {
          "ref": "attribution_sample_table2",
          "deps": []
        },
        {
          "ref": "conversion_event_table",
          "deps": []
        },
        {
          "ref": "excluding_event_table",
          "deps": []
        },
        {
          "ref": "model1_table",
          "deps": []
        },
        {
          "ref": "model2_table",
          "deps": []
        },
        {
          "ref": "optional_event_table",
          "deps": []
        }
      ]
    }
  },
  "outputs": {
    "main": {
      "items": [
        {
          "ref": "dss_700_attribution_out",
          "appendMode": false
        }
      ]
    }
  },
  "versionTag": {
    "versionNumber": 4,
    "lastModifiedBy": {
      "login": "kc186029"
    },
    "lastModifiedOn": 1517228919819
  },
  "creationTag": {
    "versionNumber": 0,
    "lastModifiedBy": {
      "login": "kc186029"
    },
    "lastModifiedOn": 1517228091520
  },
  "tags": [],
  "checklists": {
    "checklists": []
  }
}