{
  "pages": [
    {
      "id": "ZZ3ok5P",
      "grid": {
        "tiles": []
      },
      "showTitle": false
    }
  ],
  "owner": "dt186022",
  "listed": true,
  "name": "Default dashboard",
  "showGrid": true,
  "versionTag": {
    "versionNumber": 0,
    "lastModifiedBy": {
      "login": "dt186022"
    },
    "lastModifiedOn": 1496907776058
  },
  "creationTag": {
    "versionNumber": 0,
    "lastModifiedBy": {
      "login": "dt186022"
    },
    "lastModifiedOn": 1496907776058
  },
  "tags": [],
  "checklists": {
    "checklists": []
  }
}