{
  "type": "CustomCode_GraphAster_7",
  "neverRecomputeExistingPartitions": false,
  "optionalDependencies": false,
  "params": {
    "customConfig": {
      "category": "Graph Analysis",
      "distribution_key": "followers",
      "aafschema": "schema_pilaa700",
      "distribution": "fact",
      "function": {
        "isOrdered": false,
        "asterarguments": "",
        "isQueryMode": false,
        "unaliased_inputs": {
          "count": 0.0,
          "values": [],
          "desc": {}
        },
        "required_input": [
          {
            "isOrdered": false,
            "name": "vertices",
            "inputKindChoices": [
              "PartitionByKey"
            ],
            "kind": "PartitionByKey",
            "value": "users_vertex",
            "orderByColumn": [
              ""
            ],
            "isRequired": true,
            "partitionAttributes": [
              "username"
            ]
          },
          {
            "isOrdered": false,
            "name": "edges",
            "inputKindChoices": [
              "PartitionByKey"
            ],
            "kind": "PartitionByKey",
            "value": "users_edges",
            "orderByColumn": [
              ""
            ],
            "isRequired": true,
            "partitionAttributes": [
              "followers"
            ]
          },
          {
            "isOrdered": false,
            "name": "sources",
            "inputKindChoices": [
              "PartitionByKey"
            ],
            "kind": "PartitionByKey",
            "value": "",
            "orderByColumn": "",
            "isRequired": false,
            "partitionAttributes": ""
          },
          {
            "isOrdered": false,
            "name": "targets",
            "inputKindChoices": [
              "PartitionByKey"
            ],
            "kind": "PartitionByKey",
            "value": "",
            "orderByColumn": "",
            "isRequired": false,
            "partitionAttributes": ""
          }
        ],
        "name": "PSALSA",
        "partitionInputKind": [],
        "orderByColumn": [],
        "partitionAttributes": [],
        "arguments": [
          {
            "allowsLists": true,
            "name": "TARGETKEY",
            "datatype": "COLUMNS",
            "targetTable": [
              "edges"
            ],
            "value": [
              "leaders"
            ],
            "isRequired": true,
            "i": 0.0
          },
          {
            "allowsLists": true,
            "name": "SOURCEKEY",
            "datatype": "COLUMNS",
            "targetTable": [
              "edges"
            ],
            "value": [
              "followers"
            ],
            "isRequired": true,
            "i": 1.0
          },
          {
            "allowsLists": false,
            "name": "EDGEWEIGHT",
            "datatype": "COLUMNS",
            "targetTable": [
              "edges"
            ],
            "value": "",
            "isRequired": false,
            "i": 2.0
          },
          {
            "allowsLists": true,
            "name": "ACCUMULATE",
            "datatype": "COLUMNS",
            "targetTable": [
              "vertices"
            ],
            "value": "",
            "isRequired": false,
            "i": 3.0
          },
          {
            "datatype": "INTEGER",
            "isRequired": true,
            "allowsLists": false,
            "name": "MAXHUBNUM",
            "value": "2",
            "i": 4.0
          },
          {
            "datatype": "INTEGER",
            "isRequired": true,
            "allowsLists": false,
            "name": "MAXAUTHORITYNUM",
            "value": "2",
            "i": 5.0
          },
          {
            "datatype": "DOUBLE",
            "isRequired": false,
            "allowsLists": false,
            "name": "TELEPORTPROB",
            "value": 0.15,
            "i": 6.0
          },
          {
            "datatype": "INTEGER",
            "isRequired": false,
            "allowsLists": false,
            "name": "RANDOMWALKLENGTH",
            "value": "1000",
            "i": 7.0
          }
        ],
        "queries": [],
        "hasInputTable": true,
        "function_version": "1.2"
      }
    }
  },
  "customMeta": {
    "kv": {}
  },
  "redispatchPartitioning": false,
  "maxRunningActivities": 0,
  "inputs": {
    "main": {
      "items": [
        {
          "ref": "users_edges",
          "deps": []
        },
        {
          "ref": "users_vertex",
          "deps": []
        }
      ]
    }
  },
  "outputs": {
    "main": {
      "items": [
        {
          "ref": "dss_700_psalsa_out",
          "appendMode": false
        }
      ]
    }
  },
  "versionTag": {
    "versionNumber": 1,
    "lastModifiedBy": {
      "login": "dt186022"
    },
    "lastModifiedOn": 1516959411979
  },
  "creationTag": {
    "versionNumber": 0,
    "lastModifiedBy": {
      "login": "dt186022"
    },
    "lastModifiedOn": 1516959275087
  },
  "tags": [],
  "checklists": {
    "checklists": []
  }
}