{
  "type": "CustomCode_GraphAster_7",
  "neverRecomputeExistingPartitions": false,
  "optionalDependencies": false,
  "params": {
    "customConfig": {
      "category": "Graph Analysis",
      "distribution_key": "friends_name",
      "aafschema": "schema_pilaa700",
      "distribution": "fact",
      "function": {
        "isOrdered": false,
        "asterarguments": "",
        "isQueryMode": false,
        "unaliased_inputs": {
          "count": 0.0,
          "values": [],
          "desc": {}
        },
        "required_input": [
          {
            "isOrdered": false,
            "name": "vertices",
            "inputKindChoices": [
              "PartitionByKey"
            ],
            "kind": "PartitionByKey",
            "value": "friends",
            "orderByColumn": [
              ""
            ],
            "isRequired": true,
            "partitionAttributes": [
              "friends_name"
            ]
          },
          {
            "isOrdered": false,
            "name": "edges",
            "inputKindChoices": [
              "PartitionByKey"
            ],
            "kind": "PartitionByKey",
            "value": "followers_leaders",
            "orderByColumn": [
              ""
            ],
            "isRequired": true,
            "partitionAttributes": [
              "follower"
            ]
          },
          {
            "isOrdered": false,
            "name": "sources",
            "inputKindChoices": [
              "PartitionByKey"
            ],
            "kind": "PartitionByKey",
            "value": "",
            "orderByColumn": "",
            "isRequired": false,
            "partitionAttributes": ""
          }
        ],
        "name": "MODULARITY",
        "partitionInputKind": [],
        "orderByColumn": [],
        "partitionAttributes": [],
        "arguments": [
          {
            "allowsLists": false,
            "name": "COMMUNITYEDGETABLE",
            "datatype": "TABLE_NAME",
            "value": "advaa_wrkspc1.community_edges7",
            "isRequired": false,
            "isOutputTable": true,
            "i": 6.0
          },
          {
            "allowsLists": false,
            "name": "DOMAIN",
            "datatype": "DRIVER",
            "value": "",
            "isRequired": false,
            "permittedValues": [],
            "i": 0.0
          },
          {
            "allowsLists": false,
            "name": "DATABASE",
            "datatype": "DRIVER",
            "value": "",
            "isRequired": false,
            "permittedValues": [],
            "i": 1.0
          },
          {
            "allowsLists": false,
            "name": "USERID",
            "datatype": "DRIVER",
            "value": "",
            "isRequired": false,
            "permittedValues": [],
            "i": 2.0
          },
          {
            "allowsLists": false,
            "name": "PASSWORD",
            "datatype": "DRIVER",
            "value": "",
            "isRequired": false,
            "permittedValues": [],
            "i": 3.0
          },
          {
            "allowsLists": false,
            "name": "SSLSETTINGS",
            "datatype": "DRIVER",
            "value": "",
            "isRequired": false,
            "permittedValues": [],
            "i": 4.0
          },
          {
            "allowsLists": false,
            "name": "SSLTRUSTSTOREPASSWORD",
            "datatype": "DRIVER",
            "value": "",
            "isRequired": false,
            "permittedValues": [],
            "i": 5.0
          },
          {
            "allowsLists": true,
            "name": "TARGETKEY",
            "datatype": "COLUMNS",
            "targetTable": [
              "edges"
            ],
            "value": [
              "leader"
            ],
            "isRequired": true,
            "i": 7.0
          },
          {
            "allowsLists": false,
            "name": "COMMUNITYASSOCIATION",
            "datatype": "COLUMNS",
            "targetTable": [
              "vertices"
            ],
            "value": "group_id",
            "isRequired": false,
            "i": 8.0
          },
          {
            "allowsLists": true,
            "name": "ACCUMULATE",
            "datatype": "COLUMNS",
            "targetTable": [
              "vertices"
            ],
            "value": [
              "friends_name",
              "location"
            ],
            "isRequired": false,
            "i": 9.0
          },
          {
            "allowsLists": false,
            "name": "EDGEWEIGHT",
            "datatype": "COLUMNS",
            "targetTable": [
              "edges"
            ],
            "value": "intensity",
            "isRequired": false,
            "i": 10.0
          },
          {
            "datatype": "FLOAT",
            "isRequired": false,
            "allowsLists": true,
            "name": "RESOLUTION",
            "value": [
              1.0
            ],
            "i": 11.0
          },
          {
            "datatype": "LONG",
            "isRequired": false,
            "allowsLists": false,
            "name": "SEED",
            "value": 1.0,
            "i": 12.0
          },
          {
            "datatype": "BOOLEAN",
            "isRequired": false,
            "allowsLists": false,
            "name": "DIRECTED",
            "value": true,
            "i": 13.0
          }
        ],
        "queries": [],
        "hasInputTable": true,
        "dropIfExists": true,
        "function_version": "1.2"
      }
    }
  },
  "customMeta": {
    "kv": {}
  },
  "redispatchPartitioning": false,
  "maxRunningActivities": 0,
  "inputs": {
    "main": {
      "items": [
        {
          "ref": "friends",
          "deps": []
        },
        {
          "ref": "followers_leaders",
          "deps": []
        }
      ]
    }
  },
  "outputs": {
    "main": {
      "items": [
        {
          "ref": "dss_700_modularity_out",
          "appendMode": false
        }
      ]
    }
  },
  "versionTag": {
    "versionNumber": 1,
    "lastModifiedBy": {
      "login": "dt186022"
    },
    "lastModifiedOn": 1516960381612
  },
  "creationTag": {
    "versionNumber": 0,
    "lastModifiedBy": {
      "login": "dt186022"
    },
    "lastModifiedOn": 1516960176358
  },
  "tags": [],
  "checklists": {
    "checklists": []
  }
}