{
  "type": "CustomCode_DataTransformationAster_7",
  "neverRecomputeExistingPartitions": false,
  "optionalDependencies": false,
  "params": {
    "customConfig": {
      "category": "Data Transformation",
      "function": {
        "isOrdered": false,
        "asterarguments": "",
        "isQueryMode": false,
        "unaliased_inputs": {
          "count": 0.0,
          "values": [],
          "desc": {}
        },
        "required_input": [
          {
            "isOrdered": false,
            "name": "input",
            "inputKindChoices": [
              "PartitionByAny"
            ],
            "kind": "PartitionByAny",
            "value": "apache_logs",
            "orderByColumn": [
              ""
            ],
            "isRequired": true,
            "partitionAttributes": [
              ""
            ]
          }
        ],
        "name": "APACHE_LOG_PARSER",
        "partitionInputKind": [],
        "orderByColumn": [],
        "partitionAttributes": [],
        "arguments": [
          {
            "allowsLists": false,
            "name": "LOGCOLUMN",
            "datatype": "COLUMNS",
            "targetTable": [
              "input"
            ],
            "value": "logdata",
            "isRequired": true,
            "i": 0.0
          },
          {
            "allowsLists": false,
            "name": "LOGFORMAT",
            "datatype": "STRING",
            "value": "%h %l %u %t \"%r\" %\u003es %b \"%{Referer}i\" \"%{User-agent}i\"",
            "isRequired": false,
            "permittedValues": [],
            "i": 1.0
          },
          {
            "allowsLists": true,
            "name": "EXCLUDEFILES",
            "datatype": "STRING",
            "value": ".png\u0000.xml\u0000.js",
            "isRequired": false,
            "permittedValues": [],
            "i": 2.0
          },
          {
            "datatype": "BOOLEAN",
            "isRequired": false,
            "allowsLists": false,
            "name": "RETURNSEARCHINFO",
            "value": false,
            "i": 3.0
          }
        ],
        "queries": [],
        "hasInputTable": true,
        "function_version": "2.4"
      }
    }
  },
  "customMeta": {
    "kv": {}
  },
  "redispatchPartitioning": false,
  "maxRunningActivities": 0,
  "inputs": {
    "main": {
      "items": [
        {
          "ref": "apache_logs",
          "deps": []
        }
      ]
    }
  },
  "outputs": {
    "main": {
      "items": [
        {
          "ref": "dss_700_apachelogparser_out",
          "appendMode": false
        }
      ]
    }
  },
  "versionTag": {
    "versionNumber": 8,
    "lastModifiedBy": {
      "login": "kc186029"
    },
    "lastModifiedOn": 1517306607799
  },
  "creationTag": {
    "versionNumber": 0,
    "lastModifiedBy": {
      "login": "kc186029"
    },
    "lastModifiedOn": 1517305459527
  },
  "tags": [],
  "checklists": {
    "checklists": []
  }
}