{
  "type": "CustomCode_DataTransformationAster_7",
  "neverRecomputeExistingPartitions": false,
  "optionalDependencies": false,
  "params": {
    "customConfig": {
      "category": "Data Transformation",
      "function": {
        "isOrdered": false,
        "asterarguments": "",
        "isQueryMode": false,
        "unaliased_inputs": {
          "count": 0.0,
          "values": [],
          "desc": {}
        },
        "required_input": [
          {
            "isOrdered": false,
            "name": "input",
            "inputKindChoices": [
              "PartitionByAny"
            ],
            "kind": "PartitionByAny",
            "value": "ville_temperature",
            "orderByColumn": [
              ""
            ],
            "isRequired": true,
            "partitionAttributes": [
              ""
            ]
          }
        ],
        "name": "PACK",
        "partitionInputKind": [],
        "orderByColumn": [],
        "partitionAttributes": [],
        "arguments": [
          {
            "allowsLists": true,
            "name": "COLUMNNAMES",
            "datatype": "COLUMNS",
            "targetTable": [
              "input"
            ],
            "value": [
              "city",
              "state",
              "period",
              "temp_f"
            ],
            "isRequired": false,
            "i": 0.0
          },
          {
            "allowsLists": false,
            "name": "PACKEDCOLUMNNAME",
            "datatype": "STRING",
            "value": "packed_data",
            "isRequired": true,
            "permittedValues": [],
            "i": 1.0
          },
          {
            "allowsLists": false,
            "name": "COLUMNDELIMITER",
            "datatype": "STRING",
            "value": ",",
            "isRequired": false,
            "permittedValues": [],
            "i": 2.0
          },
          {
            "datatype": "BOOLEAN",
            "isRequired": false,
            "allowsLists": false,
            "name": "INCLUDECOLUMNNAME",
            "value": true,
            "i": 3.0
          }
        ],
        "queries": [],
        "hasInputTable": true,
        "function_version": "1.3"
      }
    }
  },
  "customMeta": {
    "kv": {}
  },
  "redispatchPartitioning": false,
  "maxRunningActivities": 0,
  "inputs": {
    "main": {
      "items": [
        {
          "ref": "ville_temperature",
          "deps": []
        }
      ]
    }
  },
  "outputs": {
    "main": {
      "items": [
        {
          "ref": "dss_700_pack_out",
          "appendMode": false
        }
      ]
    }
  },
  "versionTag": {
    "versionNumber": 2,
    "lastModifiedBy": {
      "login": "kc186029"
    },
    "lastModifiedOn": 1517309038751
  },
  "creationTag": {
    "versionNumber": 0,
    "lastModifiedBy": {
      "login": "kc186029"
    },
    "lastModifiedOn": 1517308941058
  },
  "tags": [],
  "checklists": {
    "checklists": []
  }
}