{
  "type": "CustomCode_DataTransformationAster_7",
  "neverRecomputeExistingPartitions": false,
  "optionalDependencies": false,
  "params": {
    "customConfig": {
      "category": "Data Transformation",
      "function": {
        "isOrdered": false,
        "asterarguments": "",
        "isQueryMode": false,
        "unaliased_inputs": {
          "count": 0.0,
          "values": [],
          "desc": {}
        },
        "required_input": [
          {
            "isOrdered": false,
            "name": "input",
            "inputKindChoices": [
              "PartitionByAny"
            ],
            "kind": "PartitionByAny",
            "value": "xmlrelation_input",
            "orderByColumn": [
              ""
            ],
            "isRequired": true,
            "partitionAttributes": [
              ""
            ]
          }
        ],
        "name": "XMLRELATION",
        "partitionInputKind": [],
        "orderByColumn": [],
        "partitionAttributes": [],
        "arguments": [
          {
            "allowsLists": false,
            "name": "TEXTCOLUMN",
            "datatype": "COLUMNS",
            "targetTable": [
              "input"
            ],
            "value": "xmldocument",
            "isRequired": true,
            "i": 0.0
          },
          {
            "allowsLists": true,
            "name": "DOCIDCOLUMNS",
            "datatype": "COLUMNS",
            "targetTable": [
              "input"
            ],
            "value": [
              "xid"
            ],
            "isRequired": true,
            "i": 1.0
          },
          {
            "allowsLists": true,
            "name": "ACCUMULATE",
            "datatype": "COLUMNS",
            "targetTable": [
              "input"
            ],
            "value": [],
            "isRequired": false,
            "i": 2.0
          },
          {
            "datatype": "INTEGER",
            "isRequired": false,
            "allowsLists": false,
            "name": "MAXDEPTH",
            "value": "3",
            "i": 3.0
          },
          {
            "datatype": "BOOLEAN",
            "isRequired": false,
            "allowsLists": false,
            "name": "ATTRIBUTETONODE",
            "value": false,
            "i": 4.0
          },
          {
            "allowsLists": false,
            "name": "ATTRIBUTEDELIMITER",
            "datatype": "STRING",
            "value": ",",
            "isRequired": false,
            "permittedValues": [],
            "i": 5.0
          },
          {
            "allowsLists": true,
            "name": "EXCLUDEELEMENTS",
            "datatype": "STRING",
            "value": "",
            "isRequired": false,
            "permittedValues": [],
            "i": 6.0
          },
          {
            "allowsLists": false,
            "name": "OUTPUT",
            "datatype": "STRING",
            "value": "fullpath",
            "isRequired": false,
            "permittedValues": [
              "fulldata",
              "parentchild",
              "fullpath"
            ],
            "i": 7.0
          },
          {
            "allowsLists": false,
            "name": "ERRORHANDLER",
            "datatype": "STRING",
            "value": "false",
            "isRequired": false,
            "permittedValues": [],
            "i": 8.0
          }
        ],
        "queries": [],
        "hasInputTable": true,
        "function_version": "1.4"
      }
    }
  },
  "customMeta": {
    "kv": {}
  },
  "redispatchPartitioning": false,
  "maxRunningActivities": 0,
  "inputs": {
    "main": {
      "items": [
        {
          "ref": "xmlrelation_input",
          "deps": []
        }
      ]
    }
  },
  "outputs": {
    "main": {
      "items": [
        {
          "ref": "dss_700_xmlrelation_out",
          "appendMode": false
        }
      ]
    }
  },
  "versionTag": {
    "versionNumber": 2,
    "lastModifiedBy": {
      "login": "kc186029"
    },
    "lastModifiedOn": 1517318992128
  },
  "creationTag": {
    "versionNumber": 0,
    "lastModifiedBy": {
      "login": "kc186029"
    },
    "lastModifiedOn": 1517318954681
  },
  "tags": [],
  "checklists": {
    "checklists": []
  }
}