{
  "type": "CustomCode_DataTransformationAster_7",
  "neverRecomputeExistingPartitions": false,
  "optionalDependencies": false,
  "params": {
    "customConfig": {
      "category": "Data Transformation",
      "function": {
        "isOrdered": false,
        "asterarguments": "",
        "isQueryMode": false,
        "unaliased_inputs": {
          "count": 0.0,
          "values": [],
          "desc": {}
        },
        "required_input": [
          {
            "isOrdered": false,
            "name": "input",
            "inputKindChoices": [
              "PartitionByKey"
            ],
            "kind": "PartitionByKey",
            "value": "pivot_input",
            "orderByColumn": [
              ""
            ],
            "isRequired": true,
            "partitionAttributes": [
              "sn",
              "city",
              "city"
            ]
          }
        ],
        "name": "PIVOT",
        "partitionInputKind": [],
        "orderByColumn": [],
        "partitionAttributes": [],
        "arguments": [
          {
            "allowsLists": true,
            "name": "PARTITIONS",
            "datatype": "COLUMNS",
            "targetTable": [
              "input"
            ],
            "value": [
              "sn",
              "city",
              "week"
            ],
            "isRequired": true,
            "i": 0.0
          },
          {
            "allowsLists": true,
            "name": "METRICS",
            "datatype": "COLUMNS",
            "targetTable": [
              "input"
            ],
            "value": [
              "value"
            ],
            "isRequired": true,
            "i": 1.0
          },
          {
            "allowsLists": false,
            "name": "PIVOTCOLUMN",
            "datatype": "COLUMNS",
            "targetTable": [
              "input"
            ],
            "value": "attribute",
            "isRequired": false,
            "i": 2.0
          },
          {
            "datatype": "INTEGER",
            "isRequired": false,
            "allowsLists": false,
            "name": "ROWS",
            "value": "",
            "i": 3.0
          },
          {
            "allowsLists": true,
            "name": "PIVOTKEYS",
            "datatype": "STRING",
            "value": "",
            "isRequired": false,
            "permittedValues": [],
            "i": 4.0
          },
          {
            "allowsLists": false,
            "name": "SCHEMANAME",
            "datatype": "STRING",
            "value": "",
            "isRequired": false,
            "permittedValues": [],
            "i": 5.0
          },
          {
            "datatype": "BOOLEAN",
            "isRequired": false,
            "allowsLists": false,
            "name": "NUMERICPIVOTKEY",
            "value": false,
            "i": 6.0
          }
        ],
        "queries": [],
        "hasInputTable": true,
        "function_version": "1.7"
      }
    }
  },
  "customMeta": {
    "kv": {}
  },
  "redispatchPartitioning": false,
  "maxRunningActivities": 0,
  "inputs": {
    "main": {
      "items": [
        {
          "ref": "pivot_input",
          "deps": []
        }
      ]
    }
  },
  "outputs": {
    "main": {
      "items": [
        {
          "ref": "dss_700_pivot_out",
          "appendMode": false
        }
      ]
    }
  },
  "versionTag": {
    "versionNumber": 6,
    "lastModifiedBy": {
      "login": "kc186029"
    },
    "lastModifiedOn": 1517316773055
  },
  "creationTag": {
    "versionNumber": 0,
    "lastModifiedBy": {
      "login": "kc186029"
    },
    "lastModifiedOn": 1517311070432
  },
  "tags": [],
  "checklists": {
    "checklists": []
  }
}