{
  "type": "CustomCode_DataTransformationAster_7",
  "neverRecomputeExistingPartitions": false,
  "optionalDependencies": false,
  "params": {
    "customConfig": {
      "category": "Data Transformation",
      "function": {
        "isOrdered": false,
        "asterarguments": "",
        "isQueryMode": false,
        "unaliased_inputs": {
          "count": 0.0,
          "values": [],
          "desc": {}
        },
        "required_input": [
          {
            "isOrdered": false,
            "name": "input",
            "inputKindChoices": [
              "PartitionByAny"
            ],
            "kind": "PartitionByAny",
            "value": "xml_input1",
            "orderByColumn": [
              ""
            ],
            "isRequired": true,
            "partitionAttributes": [
              ""
            ]
          }
        ],
        "name": "XMLPARSER",
        "partitionInputKind": [],
        "orderByColumn": [],
        "partitionAttributes": [],
        "arguments": [
          {
            "allowsLists": false,
            "name": "TEXTCOLUMN",
            "datatype": "COLUMNS",
            "targetTable": [
              "input"
            ],
            "value": "xmldocument",
            "isRequired": true,
            "i": 0.0
          },
          {
            "allowsLists": true,
            "name": "ACCUMULATE",
            "datatype": "COLUMNS",
            "targetTable": [
              "input"
            ],
            "value": [
              "xid"
            ],
            "isRequired": false,
            "i": 1.0
          },
          {
            "allowsLists": true,
            "name": "NODES",
            "datatype": "STRING",
            "value": "price/member",
            "isRequired": true,
            "permittedValues": [],
            "i": 2.0
          },
          {
            "allowsLists": true,
            "name": "SIBLING",
            "datatype": "STRING",
            "value": "author\u0000year\u0000title",
            "isRequired": false,
            "permittedValues": [],
            "i": 3.0
          },
          {
            "allowsLists": false,
            "name": "DELIMITER",
            "datatype": "STRING",
            "value": ",",
            "isRequired": false,
            "permittedValues": [],
            "i": 4.0
          },
          {
            "allowsLists": false,
            "name": "SIBLINGDELIMITER",
            "datatype": "STRING",
            "value": ";",
            "isRequired": false,
            "permittedValues": [],
            "i": 5.0
          },
          {
            "datatype": "INTEGER",
            "isRequired": false,
            "allowsLists": false,
            "name": "MAXITEMNUMBER",
            "value": 10.0,
            "i": 6.0
          },
          {
            "allowsLists": true,
            "name": "ANCESTOR",
            "datatype": "STRING",
            "value": "",
            "isRequired": false,
            "permittedValues": [],
            "i": 7.0
          },
          {
            "allowsLists": false,
            "name": "OUTPUTCOLUMNNODEID",
            "datatype": "STRING",
            "value": "out_nodeid",
            "isRequired": false,
            "permittedValues": [],
            "i": 8.0
          },
          {
            "allowsLists": false,
            "name": "OUTPUTCOLUMNPARENTNODENAME",
            "datatype": "STRING",
            "value": "out_parent_node",
            "isRequired": false,
            "permittedValues": [],
            "i": 9.0
          },
          {
            "allowsLists": false,
            "name": "OUTPUTCOLUMNGRANDPARENTNODENAME",
            "datatype": "STRING",
            "value": "",
            "isRequired": false,
            "permittedValues": [],
            "i": 10.0
          },
          {
            "allowsLists": false,
            "name": "ERRORHANDLER",
            "datatype": "STRING",
            "value": "false",
            "isRequired": false,
            "permittedValues": [],
            "i": 11.0
          }
        ],
        "queries": [],
        "hasInputTable": true,
        "function_version": "1.8"
      }
    }
  },
  "customMeta": {
    "kv": {}
  },
  "redispatchPartitioning": false,
  "maxRunningActivities": 0,
  "inputs": {
    "main": {
      "items": [
        {
          "ref": "xml_input1",
          "deps": []
        }
      ]
    }
  },
  "outputs": {
    "main": {
      "items": [
        {
          "ref": "dss_700_xmlparser_out",
          "appendMode": false
        }
      ]
    }
  },
  "versionTag": {
    "versionNumber": 1,
    "lastModifiedBy": {
      "login": "kc186029"
    },
    "lastModifiedOn": 1517318744298
  },
  "creationTag": {
    "versionNumber": 0,
    "lastModifiedBy": {
      "login": "kc186029"
    },
    "lastModifiedOn": 1517318611306
  },
  "tags": [],
  "checklists": {
    "checklists": []
  }
}