{
  "type": "CustomCode_DataTransformationAster_7",
  "neverRecomputeExistingPartitions": false,
  "optionalDependencies": false,
  "params": {
    "customConfig": {
      "category": "Data Transformation",
      "function": {
        "isOrdered": false,
        "asterarguments": "",
        "isQueryMode": false,
        "unaliased_inputs": {
          "count": 0.0,
          "values": [],
          "desc": {}
        },
        "required_input": [
          {
            "isOrdered": false,
            "name": "input",
            "inputKindChoices": [
              "PartitionByAny"
            ],
            "kind": "PartitionByAny",
            "value": "antiselect_input",
            "orderByColumn": [
              ""
            ],
            "isRequired": true,
            "partitionAttributes": [
              ""
            ]
          }
        ],
        "name": "ANTISELECT",
        "partitionInputKind": [],
        "orderByColumn": [],
        "partitionAttributes": [],
        "arguments": [
          {
            "allowsLists": true,
            "name": "EXCLUDE",
            "datatype": "COLUMNS",
            "targetTable": [
              "input"
            ],
            "value": [
              "rowid",
              "orderdate",
              "discount",
              "province",
              "custsegment"
            ],
            "isRequired": true,
            "i": 0.0
          }
        ],
        "queries": [],
        "hasInputTable": true,
        "function_version": "1.2"
      }
    }
  },
  "customMeta": {
    "kv": {}
  },
  "redispatchPartitioning": false,
  "maxRunningActivities": 0,
  "inputs": {
    "main": {
      "items": [
        {
          "ref": "antiselect_input",
          "deps": []
        }
      ]
    }
  },
  "outputs": {
    "main": {
      "items": [
        {
          "ref": "dss_700_antiselect_out",
          "appendMode": false
        }
      ]
    }
  },
  "versionTag": {
    "versionNumber": 3,
    "lastModifiedBy": {
      "login": "kc186029"
    },
    "lastModifiedOn": 1517578945936
  },
  "creationTag": {
    "versionNumber": 0,
    "lastModifiedBy": {
      "login": "kc186029"
    },
    "lastModifiedOn": 1517303125011
  },
  "tags": [],
  "checklists": {
    "checklists": []
  }
}