{
  "json_schema_major_version": "1",
  "json_schema_minor_version": "1",
  "json_content_version": "1",
  "function_name": "ArimaPredictor",
  "function_version": "1.1",
  "function_type": "driver",
  "short_description": "Estimate the predict values based on given ARIMA model.",
  "long_description": "Estimate the predict values based on parameters of ARIMA model original sereis and the residuals of original series.",
  "argument_clauses": [
    {
      "isOutputColumn": false,
      "name": "Domain",
      "isRequired": false,
      "description": "The address of the Queen. The host parameter is the Aster Database Queen’s IP saddress or hostname.",
      "datatype": "DRIVER",
      "allowsLists": false,
      "useInR": false
    },
    {
      "isOutputColumn": false,
      "name": "Database",
      "isRequired": false,
      "description": "The name of the database where the input table is located.",
      "datatype": "DRIVER",
      "allowsLists": false,
      "useInR": false
    },
    {
      "isOutputColumn": false,
      "name": "UserId",
      "isRequired": false,
      "description": "The Aster Database user name of the user running this function.",
      "datatype": "DRIVER",
      "allowsLists": false,
      "useInR": false
    },
    {
      "isOutputColumn": false,
      "name": "Password",
      "isRequired": false,
      "description": "The Aster Database password of the user.",
      "datatype": "DRIVER",
      "allowsLists": false,
      "useInR": false
    },
    {
      "isOutputColumn": false,
      "name": "SSLSettings",
      "isRequired": false,
      "description": "A string that includes all the SSL settings, except the password for the truststore.",
      "datatype": "DRIVER",
      "allowsLists": false,
      "useInR": false
    },
    {
      "isOutputColumn": false,
      "name": "SSLTrustStorePassword",
      "isRequired": false,
      "description": "The password for the SSL truststore.",
      "datatype": "DRIVER",
      "allowsLists": false,
      "useInR": false
    },
    {
      "isOutputTable": false,
      "name": "ModelTable",
      "isRequired": true,
      "description": " The input table for arima model parameters.",
      "datatype": "TABLE_NAME",
      "allowsLists": false,
      "rName": "model.table",
      "useInR": true
    },
    {
      "isOutputTable": false,
      "name": "ResidualTable",
      "isRequired": true,
      "description": "The input table that contains the original series and corresponding residuals.",
      "datatype": "TABLE_NAME",
      "allowsLists": false,
      "rName": "residual.table",
      "useInR": true
    },
    {
      "targetTable": "ResidualTable",
      "checkDuplicate": true,
      "allowPadding": true,
      "name": "TimestampColumns",
      "isRequired": true,
      "description": "A list of columns specify the sequence of the series in residuals table. The sequence should have uniform intervals.",
      "datatype": "COLUMN_NAMES",
      "allowsLists": true,
      "rName": "timestamp.columns",
      "useInR": true
    },
    {
      "targetTable": "ResidualTable",
      "checkDuplicate": true,
      "allowedTypeGroups": [
        "NUMERIC"
      ],
      "requiredLength": 1,
      "allowPadding": true,
      "name": "ValueColumn",
      "isRequired": false,
      "description": "Specify the name of the column containing the time series data in residuals table. The default name is value. Input columns must contain numeric SQL types.",
      "datatype": "COLUMN_NAMES",
      "allowsLists": false,
      "rName": "value.column",
      "useInR": true
    },
    {
      "targetTable": "ResidualTable",
      "checkDuplicate": true,
      "allowedTypeGroups": [
        "NUMERIC"
      ],
      "requiredLength": 1,
      "allowPadding": true,
      "name": "ResidualColumn",
      "isRequired": false,
      "description": "Specify the name of the column containing the residual from  residuals table. The default name is residual. Input columns must contain numeric SQL types.",
      "datatype": "COLUMN_NAMES",
      "allowsLists": false,
      "rName": "residual.column",
      "useInR": true
    },
    {
      "lowerBound": 0,
      "lowerBoundType": "EXCLUSIVE",
      "allowNaN": false,
      "name": "StepAhead",
      "isRequired": true,
      "description": "The number of steps to forecast after the end of the time series. The input value must be greater than 0.",
      "datatype": "INTEGER",
      "allowsLists": false,
      "rName": "step.ahead",
      "useInR": true
    }
  ]
}