{
  "json_schema_major_version": "1",
  "json_schema_minor_version": "1",
  "json_content_version": "1",
  "function_name": "FellegiSunterTrainer",
  "function_version": "1.1",
  "function_type": "driver",
  "short_description": "SQL/MR function to train a Fellegi-Sunter model",
  "long_description": "SQL/MR function to train a Fellegi-Sunter model",
  "argument_clauses": [
    {
      "isOutputColumn": false,
      "name": "Domain",
      "isRequired": false,
      "description": "The address of the Queen. The host parameter is the Aster Database Queen’s IP saddress or hostname.",
      "datatype": "DRIVER",
      "allowsLists": false,
      "useInR": false
    },
    {
      "isOutputColumn": false,
      "name": "Database",
      "isRequired": false,
      "description": "The name of the database where the input table is located.",
      "datatype": "DRIVER",
      "allowsLists": false,
      "useInR": false
    },
    {
      "isOutputColumn": false,
      "name": "UserId",
      "isRequired": false,
      "description": "The Aster Database user name of the user running this function.",
      "datatype": "DRIVER",
      "allowsLists": false,
      "useInR": false
    },
    {
      "isOutputColumn": false,
      "name": "Password",
      "isRequired": false,
      "description": "The Aster Database password of the user.",
      "datatype": "DRIVER",
      "allowsLists": false,
      "useInR": false
    },
    {
      "isOutputColumn": false,
      "name": "SSLSettings",
      "isRequired": false,
      "description": "A string that includes all the SSL settings, except the password for the truststore.",
      "datatype": "DRIVER",
      "allowsLists": false,
      "useInR": false
    },
    {
      "isOutputColumn": false,
      "name": "SSLTrustStorePassword",
      "isRequired": false,
      "description": "The password for the SSL truststore.",
      "datatype": "DRIVER",
      "allowsLists": false,
      "useInR": false
    },
    {
      "isOutputTable": false,
      "name": "InputTable",
      "isRequired": true,
      "description": "Specifies the name of the table that contains the object pairs and their field-pair similarity values",
      "datatype": "TABLE_NAME",
      "allowsLists": false,
      "rName": "input.table",
      "useInR": true
    },
    {
      "isOutputColumn": false,
      "allowPadding": true,
      "name": "ComparisonFields",
      "isRequired": true,
      "description": "",
      "datatype": "STRING",
      "allowsLists": true,
      "rName": "comparison.fields",
      "useInR": true
    },
    {
      "targetTable": "InputTable",
      "checkDuplicate": true,
      "requiredLength": 1,
      "allowPadding": true,
      "name": "TagColumn",
      "isRequired": false,
      "description": "If you specify this argument, then the function uses supervised learning; if you omit it, then the function uses unsupervised learning. This argument specifies the name of the column that indicates whether two objects match. The column must contain only the values 'M' (matched) and 'U' (unmatched)",
      "datatype": "COLUMN_NAMES",
      "allowsLists": false,
      "rName": "tag.column",
      "useInR": true
    },
    {
      "defaultValue": 0.9,
      "lowerBound": 0,
      "upperBound": 1,
      "lowerBoundType": "EXCLUSIVE",
      "upperBoundType": "EXCLUSIVE",
      "allowNaN": false,
      "name": "InitialM",
      "isRequired": false,
      "description": "For unsupervised learning, this argument specifies the initial value of m, which is the probability that a field agrees, given that the object-pair belongs to the same object. The default value is 0.9. The input value must be greater than 0.0 and less than 1.0. The default value is 0.9.",
      "datatype": "DOUBLE",
      "allowsLists": false,
      "rName": "initial.m",
      "useInR": true
    },
    {
      "defaultValue": 0.1,
      "lowerBound": 0,
      "upperBound": 1,
      "lowerBoundType": "EXCLUSIVE",
      "upperBoundType": "EXCLUSIVE",
      "allowNaN": false,
      "name": "InitialU",
      "isRequired": false,
      "description": "For unsupervised learning, this argument specifies the initial value of u, which is the probability that a field agrees, given that the object-pair belongs to a different object. The default value is 0.1. The input value must be greater than 0.0 and less than 1.0. The default value is 0.1.",
      "datatype": "DOUBLE",
      "allowsLists": false,
      "rName": "initial.u",
      "useInR": true
    },
    {
      "defaultValue": 0.1,
      "lowerBound": 0,
      "upperBound": 1,
      "lowerBoundType": "EXCLUSIVE",
      "upperBoundType": "EXCLUSIVE",
      "allowNaN": false,
      "name": "InitialP",
      "isRequired": false,
      "description": "For unsupervised learning, this argument specifies the initial value of p, which is the percentage of all possible object-pairs that contain the same object. The default value is 0.1. The input value must be greater than 0.0 and less than 1.0. The default value is 0.1.",
      "datatype": "DOUBLE",
      "allowsLists": false,
      "rName": "initial.p",
      "useInR": true
    },
    {
      "defaultValue": 100,
      "lowerBound": 10,
      "lowerBoundType": "INCLUSIVE",
      "allowNaN": false,
      "name": "MaxIteration",
      "isRequired": false,
      "description": "For unsupervised learning, this argument specifies the maximum number of iterations. The default value is 100. The input value must be no less than 10. The default value is 100.",
      "datatype": "INTEGER",
      "allowsLists": false,
      "rName": "max.iteration",
      "useInR": true
    },
    {
      "defaultValue": 1.0E-5,
      "lowerBound": 0,
      "lowerBoundType": "EXCLUSIVE",
      "allowNaN": false,
      "name": "Eta",
      "isRequired": false,
      "description": "For unsupervised learning, this argument specifies the tolerance of the termination criterion. At the end of each iteration, the function computes the difference between the current value of p and the value of p at the end of the previous iteration. If the difference is less than eta_value, then the function terminates.The default value is 0.0001. The input value must be greater than 0.0. The default value is 1.0E-5.",
      "datatype": "DOUBLE",
      "allowsLists": false,
      "rName": "eta",
      "useInR": true
    },
    {
      "defaultValue": 0.9,
      "lowerBound": 0,
      "lowerBoundType": "EXCLUSIVE",
      "allowNaN": false,
      "name": "Mu",
      "isRequired": false,
      "description": "Specifies the Type II (false positive) error, which occurs if a matched comparison is erroneously not linked. The default value is 0.9. The input value must be greater than 0.0. The default value is 0.9.",
      "datatype": "DOUBLE",
      "allowsLists": false,
      "rName": "mu",
      "useInR": true
    },
    {
      "defaultValue": 0.9,
      "lowerBound": 0,
      "lowerBoundType": "EXCLUSIVE",
      "allowNaN": false,
      "name": "Lambda",
      "isRequired": false,
      "description": "Specifies the Type I (false negative) error, which occurs if an unmatched comparison is erroneously linked. The default value is 0.9. The input value must be greater than 0.0. The default value is 0.9.",
      "datatype": "DOUBLE",
      "allowsLists": false,
      "rName": "lambda",
      "useInR": true
    }
  ]
}