{
  "json_schema_major_version": "1",
  "json_schema_minor_version": "1",
  "json_content_version": "1",
  "function_name": "FMeasure",
  "function_version": "1.3",
  "function_type": "non-driver",
  "short_description": "Compute the F measure.",
  "long_description": "Compute the F measure, precision and recall, by comapring the ExpectColumn and PredictColumn.",
  "input_tables": [
    {
      "requiredInputKind": [
        "PartitionByKey"
      ],
      "isOrdered": false,
      "partitionByOne": true,
      "isRequired": true,
      "description": "The relation that contains the output of a classifier",
      "datatype": "TABLE_ALIAS",
      "allowsLists": false,
      "useInR": true
    }
  ],
  "argument_clauses": [
    {
      "checkDuplicate": true,
      "requiredLength": 1,
      "allowPadding": true,
      "name": "ObsColumn",
      "alternateNames": [
        "ExpectColumn"
      ],
      "isRequired": true,
      "description": "The name of the column with the expected category",
      "datatype": "COLUMNS",
      "allowsLists": false,
      "rName": "obs.column",
      "useInR": true
    },
    {
      "checkDuplicate": true,
      "requiredLength": 1,
      "allowPadding": true,
      "name": "PredictColumn",
      "isRequired": true,
      "description": "The name of the column with the result category",
      "datatype": "COLUMNS",
      "allowsLists": false,
      "rName": "predict.column",
      "useInR": true
    },
    {
      "defaultValue": 1.0,
      "lowerBound": 0.0,
      "lowerBoundType": "EXCLUSIVE",
      "allowNaN": false,
      "name": "Beta",
      "isRequired": false,
      "description": "A non-negative real value. Default is 1.0 The input value must be greater than 0.0. The default value is 1.0.",
      "datatype": "DOUBLE",
      "allowsLists": false,
      "rName": "beta",
      "useInR": true
    }
  ]
}