{
  "json_schema_major_version": "1",
  "json_schema_minor_version": "1",
  "json_content_version": "1",
  "function_name": "forest_analyze",
  "function_version": "1.1",
  "function_type": "non-driver",
  "short_description": "This function examines a decision forest model.",
  "long_description": "This function analyze the model from random forest and outputs a list of which variables are used at which levels in each of the decision trees in the model along with the variable importance.",
  "input_tables": [
    {
      "requiredInputKind": [
        "PartitionByAny"
      ],
      "isOrdered": false,
      "partitionByOne": false,
      "isRequired": true,
      "description": "Specifies the table containing the model data from forest_drive.",
      "datatype": "TABLE_ALIAS",
      "allowsLists": false,
      "useInR": true
    }
  ],
  "argument_clauses": [
    {
      "defaultValue": 5,
      "allowNaN": false,
      "name": "NumLevels",
      "alternateNames": [
        "Num_Levels"
      ],
      "isRequired": false,
      "description": "Specifies number of levels to analyze and the default value is 5. The default value is 5.",
      "datatype": "INTEGER",
      "allowsLists": false,
      "rName": "num.levels",
      "useInR": true
    }
  ]
}