{
  "json_schema_major_version": "1",
  "json_schema_minor_version": "1",
  "json_content_version": "1",
  "function_name": "KMeans",
  "function_version": "1.6",
  "function_type": "driver",
  "short_description": "Performs K-Means clustering on a data set",
  "long_description": "Finds cluster centroids and assigns data points to clusters using the k-means algorithm.",
  "argument_clauses": [
    {
      "isOutputColumn": false,
      "name": "Domain",
      "isRequired": false,
      "description": "The address of the Queen. The host parameter is the Aster Database Queen’s IP saddress or hostname.",
      "datatype": "DRIVER",
      "allowsLists": false,
      "useInR": false
    },
    {
      "isOutputColumn": false,
      "name": "Database",
      "isRequired": false,
      "description": "The name of the database where the input table is located.",
      "datatype": "DRIVER",
      "allowsLists": false,
      "useInR": false
    },
    {
      "isOutputColumn": false,
      "name": "UserId",
      "isRequired": false,
      "description": "The Aster Database user name of the user running this function.",
      "datatype": "DRIVER",
      "allowsLists": false,
      "useInR": false
    },
    {
      "isOutputColumn": false,
      "name": "Password",
      "isRequired": false,
      "description": "The Aster Database password of the user.",
      "datatype": "DRIVER",
      "allowsLists": false,
      "useInR": false
    },
    {
      "isOutputColumn": false,
      "name": "SSLSettings",
      "isRequired": false,
      "description": "A string that includes all the SSL settings, except the password for the truststore.",
      "datatype": "DRIVER",
      "allowsLists": false,
      "useInR": false
    },
    {
      "isOutputColumn": false,
      "name": "SSLTrustStorePassword",
      "isRequired": false,
      "description": "The password for the SSL truststore.",
      "datatype": "DRIVER",
      "allowsLists": false,
      "useInR": false
    },
    {
      "isOutputTable": false,
      "name": "InputTable",
      "isRequired": true,
      "description": "Input table is the table containing the list of features by which we are clustering the data.",
      "datatype": "TABLE_NAME",
      "allowsLists": false,
      "rName": "input.table",
      "useInR": true
    },
    {
      "isOutputTable": true,
      "name": "OutputTable",
      "isRequired": true,
      "description": "Output table is the table where output is stored. The output table contains the centroids of the clusters.",
      "datatype": "TABLE_NAME",
      "allowsLists": false,
      "rName": "output.table",
      "useInR": true
    },
    {
      "isOutputTable": true,
      "name": "ClusteredOutput",
      "isRequired": false,
      "description": "An output table containing the assigned cluster id for each data point.",
      "datatype": "TABLE_NAME",
      "allowsLists": false,
      "rName": "clustered.output",
      "useInR": true
    },
    {
      "isOutputColumn": false,
      "allowPadding": true,
      "name": "InitialSeeds",
      "alternateNames": [
        "Means"
      ],
      "isRequired": false,
      "description": "Specifies the list of initial seed means (otherwise, a random choice is made as specified in algorithm description). Must be provided as strings of underscore delimited (_) double values.",
      "datatype": "STRING",
      "allowsLists": true,
      "rName": "initial.seeds",
      "useInR": true
    },
    {
      "lowerBound": 0,
      "lowerBoundType": "EXCLUSIVE",
      "allowNaN": false,
      "name": "NumClusters",
      "alternateNames": [
        "NumberK"
      ],
      "isRequired": false,
      "description": "Specifies the number of clusters to generate from the data. The input value must be greater than 0.",
      "datatype": "INTEGER",
      "allowsLists": false,
      "rName": "num.clusters",
      "useInR": true
    },
    {
      "isOutputTable": false,
      "name": "CentroidsTable",
      "isRequired": false,
      "description": "The table that contains the initial seed means for the clusters.",
      "datatype": "TABLE_NAME",
      "allowsLists": false,
      "rName": "centroids.table",
      "useInR": true
    },
    {
      "defaultValue": 0.0395,
      "lowerBound": 0,
      "lowerBoundType": "INCLUSIVE",
      "allowNaN": false,
      "name": "Threshold",
      "isRequired": false,
      "description": "This is the convergence threshold. When the centroids move by less than this amount, the algorithm has converged. The input value must be no less than 0.0. The default value is 0.0395.",
      "datatype": "DOUBLE",
      "allowsLists": false,
      "rName": "threshold",
      "useInR": true
    },
    {
      "defaultValue": 10,
      "lowerBound": 0,
      "lowerBoundType": "EXCLUSIVE",
      "allowNaN": false,
      "name": "MaxIterNum",
      "isRequired": false,
      "description": "This is the maximum number of iterations that the algorithm will run before quitting if the convergence threshold has not been met. The input value must be greater than 0. The default value is 10.",
      "datatype": "INTEGER",
      "allowsLists": false,
      "rName": "max.iter.num",
      "useInR": true
    },
    {
      "defaultValue": false,
      "name": "UnpackColumns",
      "isRequired": false,
      "description": "Indicates whether the cluster centroids should be output as one column per dimension or as a single column. The default value is false.",
      "datatype": "BOOLEAN",
      "allowsLists": false,
      "rName": "unpack.columns",
      "useInR": true
    },
    {
      "lowerBound": 0,
      "lowerBoundType": "INCLUSIVE",
      "allowNaN": false,
      "name": "Seed",
      "isRequired": false,
      "description": "Sets a random seed for the algorithm. The input value must be no less than 0.",
      "datatype": "INTEGER",
      "allowsLists": false,
      "rName": "seed",
      "useInR": true
    }
  ]
}