{
  "json_schema_major_version": "1",
  "json_schema_minor_version": "1",
  "json_content_version": "1",
  "function_name": "lars",
  "function_version": "1.1",
  "function_type": "driver",
  "short_description": "This is a driver function which does LARS.",
  "long_description": "This function does linear regression model selection. It has two options: Least Angle Regression (LAR), and LASSO. The variables enter into (or leave) the linear regression model 'one at a time'. For LAR, the algorithm takes at most p steps to compute the whole path, where p is the total number of variables. LASSO may take a few more steps to reach the full OLS estimates.",
  "argument_clauses": [
    {
      "isOutputColumn": false,
      "name": "Domain",
      "isRequired": false,
      "description": "The address of the Queen. The host parameter is the Aster Database Queen’s IP saddress or hostname.",
      "datatype": "DRIVER",
      "allowsLists": false,
      "useInR": false
    },
    {
      "isOutputColumn": false,
      "name": "Database",
      "isRequired": false,
      "description": "The name of the database where the input table is located.",
      "datatype": "DRIVER",
      "allowsLists": false,
      "useInR": false
    },
    {
      "isOutputColumn": false,
      "name": "UserId",
      "isRequired": false,
      "description": "The Aster Database user name of the user running this function.",
      "datatype": "DRIVER",
      "allowsLists": false,
      "useInR": false
    },
    {
      "isOutputColumn": false,
      "name": "Password",
      "isRequired": false,
      "description": "The Aster Database password of the user.",
      "datatype": "DRIVER",
      "allowsLists": false,
      "useInR": false
    },
    {
      "isOutputColumn": false,
      "name": "SSLSettings",
      "isRequired": false,
      "description": "A string that includes all the SSL settings, except the password for the truststore.",
      "datatype": "DRIVER",
      "allowsLists": false,
      "useInR": false
    },
    {
      "isOutputColumn": false,
      "name": "SSLTrustStorePassword",
      "isRequired": false,
      "description": "The password for the SSL truststore.",
      "datatype": "DRIVER",
      "allowsLists": false,
      "useInR": false
    },
    {
      "isOutputTable": false,
      "name": "InputTable",
      "isRequired": true,
      "description": "Specifies the table containing the input data",
      "datatype": "TABLE_NAME",
      "allowsLists": false,
      "rName": "input.table",
      "useInR": true
    },
    {
      "isOutputTable": true,
      "name": "OutputTable",
      "isRequired": true,
      "description": "Specifies the output table",
      "datatype": "TABLE_NAME",
      "allowsLists": false,
      "rName": "output.table",
      "useInR": true
    },
    {
      "isOutputColumn": false,
      "allowPadding": true,
      "name": "InputColumns",
      "alternateNames": [
        "ColumnNames"
      ],
      "isRequired": true,
      "description": "Specifies the names of the columns of the input table that contain the response and predictors.",
      "datatype": "STRING",
      "allowsLists": true,
      "rName": "input.columns",
      "useInR": true
    },
    {
      "permittedValues": [
        "LAR",
        "LASSO"
      ],
      "defaultValue": "LASSO",
      "isOutputColumn": false,
      "name": "Method",
      "isRequired": false,
      "description": "Specifies either 'lar' (least angle regression) or 'lasso' The permitted input values are [LAR, LASSO]. The default value is LASSO.",
      "datatype": "STRING",
      "allowsLists": false,
      "rName": "method",
      "useInR": true
    },
    {
      "lowerBound": 0,
      "lowerBoundType": "EXCLUSIVE",
      "allowNaN": false,
      "name": "MaxIterNum",
      "isRequired": false,
      "description": "Specifies the maximum number of steps the function executes The input value must be greater than 0.",
      "datatype": "INTEGER",
      "allowsLists": false,
      "rName": "max.iter.num",
      "useInR": true
    },
    {
      "defaultValue": true,
      "name": "Intercept",
      "isRequired": false,
      "description": "Specifies whether an intercept is included in the model (and not penalized) The default value is true.",
      "datatype": "BOOLEAN",
      "allowsLists": false,
      "rName": "intercept",
      "useInR": true
    },
    {
      "defaultValue": true,
      "name": "Normalize",
      "isRequired": false,
      "description": "Specifies whether each predictor is standardized to have unit L2 norm The default value is true.",
      "datatype": "BOOLEAN",
      "allowsLists": false,
      "rName": "normalize",
      "useInR": true
    }
  ]
}