{
  "json_schema_major_version": "1",
  "json_schema_minor_version": "1",
  "json_content_version": "1",
  "function_name": "naiveBayesReduce",
  "function_version": "1.1",
  "function_type": "non-driver",
  "short_description": "Reduce phase of naive Bayes model training",
  "long_description": "Trains a Naive Bayes classifier on a dense matrix of training data.",
  "input_tables": [
    {
      "requiredInputKind": [
        "PartitionByKey"
      ],
      "isOrdered": false,
      "partitionByOne": false,
      "isRequired": true,
      "description": "This input table is the output of naiveBayesMap function.",
      "datatype": "TABLE_ALIAS",
      "allowsLists": false,
      "useInR": true
    }
  ]
}