{
  "json_schema_major_version": "1",
  "json_schema_minor_version": "1",
  "json_content_version": "1",
  "function_name": "SAX2",
  "function_version": "1.0",
  "function_type": "non-driver",
  "short_description": "Implements the SAX algorithm for creating symbolic representations of time series.",
  "long_description": "Implements the SAX algorithm for creating symbolic representations of time series. Time series can be represented as string, byte arrays, JSON bitmaps, or character sequences.",
  "input_tables": [
    {
      "requiredInputKind": [
        "PartitionByKey"
      ],
      "isOrdered": true,
      "partitionByOne": false,
      "name": "saxinput",
      "isRequired": true,
      "description": "",
      "datatype": "TABLE_ALIAS",
      "allowsLists": false,
      "rName": "input",
      "useInR": true
    },
    {
      "requiredInputKind": [
        "PartitionByKey"
      ],
      "isOrdered": false,
      "partitionByOne": false,
      "name": "meanstats",
      "isRequired": false,
      "description": "",
      "datatype": "TABLE_ALIAS",
      "allowsLists": false,
      "rName": "meanstats",
      "useInR": true
    },
    {
      "requiredInputKind": [
        "PartitionByKey"
      ],
      "isOrdered": false,
      "partitionByOne": false,
      "name": "stdevstats",
      "isRequired": false,
      "description": "",
      "datatype": "TABLE_ALIAS",
      "allowsLists": false,
      "rName": "stdevstats",
      "useInR": true
    }
  ],
  "argument_clauses": [
    {
      "targetTable": "saxinput",
      "checkDuplicate": true,
      "allowedTypeGroups": [
        "NUMERIC"
      ],
      "allowPadding": true,
      "name": "ValueColumns",
	  "alternateNames":["Value_Columns"],
      "isRequired": true,
      "description": "The columns in the input table containing the data to be SAXified. Input columns must contain numeric SQL types.",
      "datatype": "COLUMNS",
      "allowsLists": true,
      "rName": "value.columns",
      "useInR": true
    },
    {
      "targetTable": "saxinput",
      "checkDuplicate": true,
      "requiredLength": 1,
      "allowPadding": true,
      "name": "TimeColumn",
	  "alternateNames":["Time_Column"],
      "isRequired": false,
      "description": "Column in the input table containing the time axis of the data.",
      "datatype": "COLUMNS",
      "allowsLists": false,
      "rName": "time.column",
      "useInR": true
    },
    {
      "permittedValues": [
        "sliding",
        "global"
      ],
      "defaultValue": "global",
      "isOutputColumn": false,
      "name": "WindowType",
	  "alternateNames":["Window_Type"],
      "isRequired": false,
      "description": "Determines how the mean and standard deviation will be calculated. The permitted input values are [sliding, global]. The default value is global.",
      "datatype": "STRING",
      "allowsLists": false,
      "rName": "window.type",
      "useInR": true
    },
    {
      "permittedValues": [
        "STRING",
        "BITMAP",
        "BYTES",
        "CHARACTERS"
      ],
      "defaultValue": "string",
      "isOutputColumn": false,
      "name": "Output",
      "isRequired": false,
      "description": "Specifies the output options. The permitted input values are [STRING, BITMAP, BYTES, CHARACTERS]. The default value is string.",
      "datatype": "STRING",
      "allowsLists": false,
      "rName": "output",
      "useInR": true
    },
    {
      "defaultValue": [
        null
      ],
      "matchLengthOfArgument": "ValueColumns",
      "allowPadding": true,
      "name": "Mean",
      "isRequired": false,
      "description": "Defines mean values to be used in the SAX algorithm. The input list must contain the same number of values as the 'ValueColumns' argument clause. The default value is NaN.",
      "datatype": "DOUBLE",
      "allowsLists": true,
      "rName": "mean",
      "useInR": true
    },
    {
      "defaultValue": [
        null
      ],
      "lowerBound": 0,
      "lowerBoundType": "EXCLUSIVE",
      "matchLengthOfArgument": "ValueColumns",
      "allowPadding": true,
      "name": "StDev",
      "isRequired": false,
      "description": "Defines standard deviation values to be used in the SAX algorithm. The input list must contain the same number of values as the 'ValueColumns' argument clause. Each input value must be greater than 0.0. The default value is NaN.",
      "datatype": "DOUBLE",
      "allowsLists": true,
      "rName": "st.dev",
      "useInR": true
    },
    {
      "lowerBound": 1,
      "lowerBoundType": "INCLUSIVE",
      "allowNaN": false,
      "name": "WindowSize",
	  "alternateNames":["Window_Size"],
      "isRequired": false,
      "description": "Specifies the size of the SAX window. The input value must be no less than 1.",
      "datatype": "INTEGER",
      "allowsLists": false,
      "rName": "window.size",
      "useInR": true
    },
    {
      "defaultValue": 1,
      "lowerBound": 1,
      "lowerBoundType": "INCLUSIVE",
      "allowNaN": false,
      "name": "OutputFrequency",
	  "alternateNames":["Output_Frequency"],
      "isRequired": false,
      "description": "Specifies how far the SAX window should slide between outputs. The input value must be no less than 1. The default value is 1.",
      "datatype": "INTEGER",
      "allowsLists": false,
      "rName": "output.frequency",
      "useInR": true
    },
    {
      "defaultValue": [
        1
      ],
      "lowerBound": 0,
      "lowerBoundType": "EXCLUSIVE",
      "matchLengthOfArgument": "ValueColumns",
      "allowPadding": true,
      "name": "PointsPerSymbol",
	  "alternateNames":["Points_Per_Symbol"],
      "isRequired": false,
      "description": "Specifies the number of points to be converted into one SAX symbol. The input list must contain the same number of values as the 'ValueColumns' argument clause. Each input value must be greater than 0. The default value is 1.",
      "datatype": "INTEGER",
      "allowsLists": true,
      "rName": "points.per.symbol",
      "useInR": true
    },
    {
      "lowerBound": 1,
      "lowerBoundType": "INCLUSIVE",
      "matchLengthOfArgument": "ValueColumns",
      "allowPadding": true,
      "name": "SymbolsPerWindow",
	  "alternateNames":["Symbols_Per_Window"],
      "isRequired": false,
      "description": "Specifies the number of symbols in the SAX code to be generated from a window. The input list must contain the same number of values as the 'ValueColumns' argument clause. Each input value must be no less than 1.",
      "datatype": "INTEGER",
      "allowsLists": true,
      "rName": "symbols.per.window",
      "useInR": true
    },
    {
      "defaultValue": [
        4
      ],
      "lowerBound": 2,
      "upperBound": 20,
      "lowerBoundType": "INCLUSIVE",
      "upperBoundType": "INCLUSIVE",
      "matchLengthOfArgument": "ValueColumns",
      "allowPadding": true,
      "name": "AlphabetSize",
	  "alternateNames":["Alphabet_Size"],
      "isRequired": false,
      "description": "Sets the number of symbols of the SAX alphabet. The input list must contain the same number of values as the 'ValueColumns' argument clause. Each input value must be no less than 2 and no greater than 20. The default value is 4.",
      "datatype": "INTEGER",
      "allowsLists": true,
      "rName": "alphabet.size",
      "useInR": true
    },
    {
      "defaultValue": [
        2
      ],
      "lowerBound": 1,
      "upperBound": 4,
      "lowerBoundType": "INCLUSIVE",
      "upperBoundType": "INCLUSIVE",
      "matchLengthOfArgument": "ValueColumns",
      "allowPadding": true,
      "name": "BitmapLevel",
	  "alternateNames":["Bitmap_Level"],
      "isRequired": false,
      "description": "Sets the number of consecutive symbols to be converted to one symbol on a bitmap. The input list must contain the same number of values as the 'ValueColumns' argument clause. Each input value must be no less than 1 and no greater than 4. The default value is 2.",
      "datatype": "INTEGER",
      "allowsLists": true,
      "rName": "bitmap.level",
      "useInR": true
    },
    {
      "defaultValue": false,
      "name": "PrintCodeStats",
	  "alternateNames":["Print_Code_Stats"],
      "isRequired": false,
      "description": "Prints the mean and standard deviation for each SAX code when OUTPUT is set to 'string'. The default value is false.",
      "datatype": "BOOLEAN",
      "allowsLists": false,
      "rName": "print.code.stats",
      "useInR": true
    },
    {
      "targetTable": "saxinput",
      "checkDuplicate": true,
      "allowPadding": true,
      "name": "Accumulate",
      "isRequired": false,
      "description": "Columns from the input table to be passed through from input to output.",
      "datatype": "COLUMNS",
      "allowsLists": true,
      "rName": "accumulate",
      "useInR": true
    }
  ]
}
