{
  "json_schema_major_version": "1",
  "json_schema_minor_version": "1",
  "json_content_version": "1",
  "function_name": "ScalePrinter",
  "function_version": "1.2",
  "function_type": "non-driver",
  "short_description": "This function prints the statistic of the input.",
  "long_description": "This function prints the statistic of the input, including min, max, count, sum, squaresum, avg, std and variance.",
  "input_tables": [
    {
      "requiredInputKind": [
        "PartitionByKey"
      ],
      "isOrdered": false,
      "partitionByOne": true,
      "isRequired": true,
      "description": "The output of ScaleMap function.",
      "datatype": "TABLE_ALIAS",
      "allowsLists": false,
      "useInR": true
    }
  ]
}