{
  "json_schema_major_version": "1",
  "json_schema_minor_version": "1",
  "json_content_version": "1",
  "function_name": "SortCombination",
  "function_version": "1.1",
  "function_type": "non-driver",
  "short_description": "This function cleans up the characteristics values table.",
  "long_description": "This function cleans up the characteristics values table. It parses the combination column, removes extra whitespaces, and re-concatenate them using space as delimiter. It also ensures that the elements in the combination are sorted.",
  "input_tables": [
    {
      "isOrdered": false,
      "partitionByOne": false,
      "isRequired": true,
      "description": "A table output by the GenerateCombination or SortCombination function.",
      "datatype": "TABLE_ALIAS",
      "allowsLists": false,
      "useInR": true
    }
  ],
  "argument_clauses": [
    {
      "checkDuplicate": true,
      "allowPadding": true,
      "name": "CombinationColumn",
      "alternateNames": [
        "CombColName"
      ],
      "isRequired": true,
      "description": "The name of the column, in the input table, that contains the combinations.",
      "datatype": "COLUMNS",
      "allowsLists": true,
      "rName": "combination.column",
      "useInR": true
    },
    {
      "checkDuplicate": true,
      "allowedTypeGroups": [
        "NUMERIC"
      ],
      "allowPadding": true,
      "name": "ValueColumn",
      "alternateNames": [
        "ValueColName"
      ],
      "isRequired": true,
      "description": "The name of the column, in the input table, that contains the characteristic value. Input columns must contain numeric SQL types.",
      "datatype": "COLUMNS",
      "allowsLists": true,
      "rName": "value.column",
      "useInR": true
    },
    {
      "permittedValues": [
        " ",
        ",",
        ";",
        ":",
        "#",
        "%",
        "&"
      ],
      "defaultValue": " ",
      "isOutputColumn": false,
      "name": "Delimiter",
      "isRequired": false,
      "description": "The delimiter used to concatenate the players in the combination column. The permitted input values are [ , ,, ;, :, #, %, &]. The default value is  .",
      "datatype": "STRING",
      "allowsLists": false,
      "rName": "delimiter",
      "useInR": true
    }
  ]
}