{
  "json_schema_major_version": "1",
  "json_schema_minor_version": "1",
  "json_content_version": "1",
  "function_name": "SparseSvmPredictor",
  "function_version": "1.1",
  "function_type": "non-driver",
  "short_description": "This function gives a predict label for each input sample according to the pre-trained model table.",
  "long_description": "This function predicts input samples for sparse input format.  The model is trained by SparseSvmTrainer, and it is used to give one or more  predicts according with the confidence for each sample. ",
  "input_tables": [
    {
      "requiredInputKind": [
        "PartitionByKey"
      ],
      "isOrdered": false,
      "partitionByOne": false,
      "name": "input",
      "isRequired": true,
      "description": "It should be the training dataset, otherwise the result may be incomplete.",
      "datatype": "TABLE_ALIAS",
      "allowsLists": false,
      "rName": "input",
      "useInR": true
    },
    {
      "requiredInputKind": [
        "Dimension"
      ],
      "isOrdered": false,
      "partitionByOne": false,
      "name": "model",
      "isRequired": true,
      "description": "The model table generated by SparseSVMTrainer.",
      "datatype": "TABLE_ALIAS",
      "allowsLists": false,
      "rName": "model",
      "useInR": true
    }
  ],
  "argument_clauses": [
    {
      "targetTable": "input",
      "checkDuplicate": true,
      "allowedTypes": [
        "numeric",
        "uuid",
        "bytea"
      ],
      "allowedTypeGroups": [
        "STRING",
        "INTEGER"
      ],
      "requiredLength": 1,
      "allowPadding": true,
      "name": "SampleIdColumn",
      "isRequired": true,
      "description": "This column identifies different samples in input table. Input columns must contain integer SQL types. Input columns must contain string SQL types. Input columns can be the following SQL types: [numeric, uuid, bytea].",
      "datatype": "COLUMNS",
      "allowsLists": false,
      "rName": "sample.id.column",
      "useInR": true
    },
    {
      "targetTable": "input",
      "checkDuplicate": true,
      "allowedTypeGroups": [
        "STRING",
        "INTEGER"
      ],
      "requiredLength": 1,
      "allowPadding": true,
      "name": "AttributeColumn",
      "isRequired": true,
      "description": "Specifies the column contains the attributes. Input columns must contain integer SQL types. Input columns must contain string SQL types.",
      "datatype": "COLUMNS",
      "allowsLists": false,
      "rName": "attribute.column",
      "useInR": true
    },
    {
      "targetTable": "input",
      "checkDuplicate": true,
      "allowedTypeGroups": [
        "NUMERIC"
      ],
      "requiredLength": 1,
      "allowPadding": true,
      "name": "ValueColumn",
      "isRequired": false,
      "description": "Specifies the column contains the value of corresponding attribute in the row. If not specified, each row will be associated with a count value 1. Input columns must contain numeric SQL types.",
      "datatype": "COLUMNS",
      "allowsLists": false,
      "rName": "value.column",
      "useInR": true
    },
    {
      "targetTable": "input",
      "checkDuplicate": true,
      "allowPadding": true,
      "name": "AccumulateLabel",
      "isRequired": false,
      "description": "Specifies the label column that will be outputted in outputtable inherited from input table. It is helpful in calculating the accuracy.",
      "datatype": "COLUMNS",
      "allowsLists": true,
      "rName": "accumulate.label",
      "useInR": true
    },
    {
      "defaultValue": 1,
      "lowerBound": 1,
      "lowerBoundType": "INCLUSIVE",
      "allowNaN": false,
      "name": "OutputClassNum",
      "alternateNames": [
        "OutputClassNumber"
      ],
      "isRequired": false,
      "description": "Only valid for multiple class models. If the value of this argument is k, the outputtable will include k class labels with corresponding predict confidence instead of a single predict result.  The input value must be no less than 1. The default value is 1.",
      "datatype": "INTEGER",
      "allowsLists": false,
      "rName": "output.class.num",
      "useInR": true
    }
  ]
}