{
  "json_schema_major_version": "1",
  "json_schema_minor_version": "1",
  "json_content_version": "1",
  "function_name": "Text_Parser",
  "function_version": "1.3",
  "function_type": "non-driver",
  "short_description": "Tokenizes document and returns counts for each unique token",
  "long_description": "Tokenizes the document and returns counts for each unique token.",
  "input_tables": [
    {
      "requiredInputKind": [
        "PartitionByAny"
      ],
      "isOrdered": false,
      "partitionByOne": false,
      "isRequired": true,
      "description": "The relation that contains the text to be tokenized.",
      "datatype": "TABLE_ALIAS",
      "allowsLists": false,
      "useInR": true
    }
  ],
  "argument_clauses": [
    {
      "checkDuplicate": true,
      "allowedTypeGroups": [
        "STRING"
      ],
      "requiredLength": 1,
      "allowPadding": true,
      "name": "TextColumn",
      "alternateNames": [
        "Text_Column"
      ],
      "isRequired": true,
      "description": "The input table column whose contents will be tokenized Input columns must contain string SQL types.",
      "datatype": "COLUMNS",
      "allowsLists": false,
      "rName": "text.column",
      "useInR": true
    },
    {
      "defaultValue": true,
      "name": "ToLowerCase",
      "alternateNames": [
        "Case_Insensitive",
		"CaseInsensitive"
      ],
      "isRequired": false,
      "description": "Convert text to lower case before processing. The default is 'true' The default value is true.",
      "datatype": "BOOLEAN",
      "allowsLists": false,
      "rName": "to.lower.case",
      "useInR": true
    },
    {
      "defaultValue": false,
      "name": "Stemming",
      "isRequired": false,
      "description": "If true, apply Porter2 Stemming to each token to reduce it to its root form. The default is 'false' The default value is false.",
      "datatype": "BOOLEAN",
      "allowsLists": false,
      "rName": "stemming",
      "useInR": true
    },
    {
      "defaultValue": true,
      "name": "OutputByWord",
      "alternateNames": [
        "Output_By_Word"
      ],
      "isRequired": false,
      "description": "If 'true', the output remains the same as the original function (from a sentence to a column of unique tokens). If 'false', the output will still be a sentence as the input, and further each word in the sentence will be stemmed if 'STEMMING' argument is true. The arguments 'LIST_POSITIONS' and 'FREQUENCY_COLUMN_NAME' will be invalid if 'OUTPUT_BY_WORD' is set to false'. Default is 'true' The default value is true.",
      "datatype": "BOOLEAN",
      "allowsLists": false,
      "rName": "output.by.word",
      "useInR": true
    },
    {
      "isOutputColumn": false,
      "name": "StemmingExceptions",
      "alternateNames": [
        "Stemming_Exceptions"
      ],
      "isRequired": false,
      "description": "The location of the file that contains the list of exception rules with which the stemmer should comply. The default is no exception rules",
      "datatype": "STRING",
      "allowsLists": false,
      "rName": "stemming.exceptions",
      "useInR": true
    },
    {
      "defaultValue": false,
      "name": "RemoveStopWords",
      "alternateNames": [
        "Remove_Stop_Words"
      ],
      "isRequired": false,
      "description": "If true, ignore certain common words when parsing the text. The default is 'false' The default value is false.",
      "datatype": "BOOLEAN",
      "allowsLists": false,
      "rName": "remove.stop.words",
      "useInR": true
    },
    {
      "isOutputColumn": false,
      "name": "StopWords",
      "alternateNames": [
        "Stop_Words"
      ],
      "isRequired": false,
      "description": "The location of the file that contains stop words that should be ignored when parsing text. The default is no ignored stop words",
      "datatype": "STRING",
      "allowsLists": false,
      "rName": "stop.words",
      "useInR": true
    },
    {
      "defaultValue": "[\\t\\f\\r\\n]+",
      "isOutputColumn": false,
      "name": "Delimiter",
      "isRequired": false,
      "description": "Regular expression of character or string used to split words. The default value is '[\\t\\b\\f\\r]+'.",
      "datatype": "STRING",
      "allowsLists": false,
      "rName": "delimiter",
      "useInR": true
    },
    {
      "defaultValue": false,
      "name": "TotalWordsNum",
      "alternateNames": [
        "Total"
      ],
      "isRequired": false,
      "description": "If 'true' returns a column showing the total number of words in the document. The default is 'false' The default value is false.",
      "datatype": "BOOLEAN",
      "allowsLists": false,
      "rName": "total.words.num",
      "useInR": true
    },
    {
      "defaultValue": "[.,?!]",
      "isOutputColumn": false,
      "name": "Punctuation",
      "isRequired": false,
      "description": "A regular expression for which punctuation characters to be removed. The default includes .,!? The default value is [.,?!].",
      "datatype": "STRING",
      "allowsLists": false,
      "rName": "punctuation",
      "useInR": true
    },
    {
      "defaultValue": false,
      "name": "ListPositions",
      "alternateNames": [
        "List_Positions"
      ],
      "isRequired": false,
      "description": "Return position of a word in list form (if 'true'), or emit a different row for each occurrence (if 'false'). Default is 'false' The default value is false.",
      "datatype": "BOOLEAN",
      "allowsLists": false,
      "rName": "list.positions",
      "useInR": true
    },
    {
      "defaultValue": "token",
      "isOutputColumn": true,
      "name": "TokenColumn",
      "alternateNames": [
        "Token_Column_Name",
		"TokenColumnName"
      ],
      "isRequired": false,
      "description": "The output table column containing tokens. The default is 'token' The default value is token.",
      "datatype": "STRING",
      "allowsLists": false,
      "rName": "token.column",
      "useInR": true
    },
    {
      "defaultValue": "frequency",
      "isOutputColumn": true,
      "name": "FrequencyColumn",
      "alternateNames": [
        "Frequency_Column_Name",
		"FrequencyColumnName"
      ],
      "isRequired": false,
      "description": "The output table column containing frequency counts. The default is 'frequency' The default value is frequency.",
      "datatype": "STRING",
      "allowsLists": false,
      "rName": "frequency.column",
      "useInR": true
    },
    {
      "defaultValue": "total_count",
      "isOutputColumn": true,
      "name": "TotalColumn",
      "alternateNames": [
        "Total_Column_Name",
		"TotalColumnName"
      ],
      "isRequired": false,
      "description": "The output table column containing the total count for the document. Default is 'total_count' The default value is total_count.",
      "datatype": "STRING",
      "allowsLists": false,
      "rName": "total.column",
      "useInR": true
    },
    {
      "defaultValue": "position",
      "isOutputColumn": true,
      "name": "PositionColumn",
      "alternateNames": [
        "Position_Column_Name",
		"PositionColumnName"
      ],
      "isRequired": false,
      "description": "The output table column containing the position of a word within a document. The default is 'position' The default value is position.",
      "datatype": "STRING",
      "allowsLists": false,
      "rName": "position.column",
      "useInR": true
    },
    {
      "checkDuplicate": true,
      "allowPadding": true,
      "name": "Accumulate",
      "isRequired": false,
      "description": "Columns from the input table to be passed through from input to output.",
      "datatype": "COLUMNS",
      "allowsLists": true,
      "rName": "accumulate",
      "useInR": true
    }
  ]
}