{
  "json_schema_major_version": "1",
  "json_schema_minor_version": "1",
  "json_content_version": "1",
  "function_name": "WSRecommenderReduce",
  "function_version": "1.1",
  "function_type": "SQL-MR",
  "short_description": "This function is used to create partial recommendation scores for users for each item.",
  "long_description": "This function is used to create partial recommendation scores for users for each item.",
  "input_tables": [
    {
      "requiredInputKind": [
        "PartitionByKey"
      ],
      "isOrdered": false,
      "partitionByOne": false,
      "name": "item_table",
      "isRequired": true,
      "description": "item table",
      "datatype": "TABLE_ALIAS",
      "allowsLists": false,
      "rName": "item.table",
      "useInR": true
    },
    {
      "requiredInputKind": [
        "PartitionByKey"
      ],
      "isOrdered": false,
      "partitionByOne": false,
      "name": "user_table",
      "isRequired": true,
      "description": "user table",
      "datatype": "TABLE_ALIAS",
      "allowsLists": false,
      "rName": "user.table",
      "useInR": true
    }
  ],
  "argument_clauses": [
    {
      "defaultValue": "usr",
      "isOutputColumn": false,
      "name": "UserId",
      "isRequired": false,
      "description": "The default value is usr.",
      "datatype": "STRING",
      "allowsLists": false,
      "rName": "user.id",
      "useInR": true
    },
    {
      "defaultValue": "item",
      "isOutputColumn": false,
      "name": "UserItem",
      "isRequired": false,
      "description": "The default value is item.",
      "datatype": "STRING",
      "allowsLists": false,
      "rName": "user.item",
      "useInR": true
    },
    {
      "defaultValue": "preference",
      "isOutputColumn": false,
      "name": "UserPref",
      "isRequired": false,
      "description": "The default value is preference.",
      "datatype": "STRING",
      "allowsLists": false,
      "rName": "user.pref",
      "useInR": true
    },
    {
      "defaultValue": "col1_item1",
      "isOutputColumn": false,
      "name": "item1",
      "isRequired": false,
      "description": "The default value is col1_item1.",
      "datatype": "STRING",
      "allowsLists": false,
      "rName": "item1",
      "useInR": true
    },
    {
      "defaultValue": "col1_item2",
      "isOutputColumn": false,
      "name": "item2",
      "isRequired": false,
      "description": "The default value is col1_item2.",
      "datatype": "STRING",
      "allowsLists": false,
      "rName": "item2",
      "useInR": true
    },
    {
      "defaultValue": "cntb",
      "isOutputColumn": false,
      "name": "ItemSimilarity",
      "isRequired": false,
      "description": "The default value is cntb.",
      "datatype": "STRING",
      "allowsLists": false,
      "rName": "item.similarity",
      "useInR": true
    },
    {
      "targetTable": "item_table",
      "checkDuplicate": true,
      "allowPadding": true,
      "name": "AccumulateItem",
      "isRequired": false,
      "description": "",
      "datatype": "COLUMNS",
      "allowsLists": true,
      "rName": "accumulate.item",
      "useInR": true
    },
    {
      "targetTable": "user_table",
      "checkDuplicate": true,
      "allowPadding": true,
      "name": "AccumulateUser",
      "isRequired": false,
      "description": "",
      "datatype": "COLUMNS",
      "allowsLists": true,
      "rName": "accumulate.user",
      "useInR": true
    }
  ]
}