{
  "type": "CustomCode_NeuralNetAster_7",
  "neverRecomputeExistingPartitions": false,
  "optionalDependencies": false,
  "params": {
    "customConfig": {
      "category": "Neural Net",
      "distribution_key": "message",
      "aafschema": "schema_pilaa700",
      "distribution": "fact",
      "function": {
        "isOrdered": false,
        "asterarguments": "",
        "isQueryMode": false,
        "unaliased_inputs": {
          "count": 0.0,
          "values": [],
          "desc": {}
        },
        "required_input": [],
        "name": "NEURALNET",
        "partitionInputKind": [],
        "orderByColumn": [],
        "partitionAttributes": [],
        "arguments": [
          {
            "datatype": "TABLE_NAME",
            "isRequired": true,
            "allowsLists": false,
            "name": "INPUTTABLE",
            "value": "breast_cancer_train",
            "i": 0.0
          },
          {
            "datatype": "TABLE_NAME",
            "isRequired": false,
            "allowsLists": false,
            "name": "WEIGHTTABLE",
            "value": "",
            "i": 1.0
          },
          {
            "allowsLists": false,
            "name": "OUTPUTTABLE",
            "datatype": "TABLE_NAME",
            "value": "\"advaa_wrkspc1\".\"cancer_output\"",
            "isRequired": true,
            "isOutputTable": true,
            "i": 2.0
          },
          {
            "allowsLists": false,
            "name": "DOMAIN",
            "datatype": "DRIVER",
            "value": "",
            "isRequired": false,
            "permittedValues": [],
            "i": 3.0
          },
          {
            "allowsLists": false,
            "name": "DATABASE",
            "datatype": "DRIVER",
            "value": "",
            "isRequired": false,
            "permittedValues": [],
            "i": 4.0
          },
          {
            "allowsLists": false,
            "name": "USERID",
            "datatype": "DRIVER",
            "value": "",
            "isRequired": false,
            "permittedValues": [],
            "i": 5.0
          },
          {
            "allowsLists": false,
            "name": "PASSWORD",
            "datatype": "DRIVER",
            "value": "",
            "isRequired": false,
            "permittedValues": [],
            "i": 6.0
          },
          {
            "allowsLists": false,
            "name": "SSLSETTINGS",
            "datatype": "DRIVER",
            "value": "",
            "isRequired": false,
            "permittedValues": [],
            "i": 7.0
          },
          {
            "allowsLists": false,
            "name": "SSLTRUSTSTOREPASSWORD",
            "datatype": "DRIVER",
            "value": "",
            "isRequired": false,
            "permittedValues": [],
            "i": 8.0
          },
          {
            "allowsLists": true,
            "name": "INPUTCOLUMNS",
            "datatype": "COLUMN_NAMES",
            "targetTable": [
              "InputTable"
            ],
            "value": [
              "clumpthickness",
              "uniformityofcellsize",
              "uniformityofcellshape",
              "marginaladhesion",
              "singleepithelialcell",
              "barenuclei",
              "blandchromatin",
              "normalnucleoli",
              "mitoses"
            ],
            "isRequired": true,
            "i": 9.0
          },
          {
            "allowsLists": true,
            "name": "RESPONSECOLUMNS",
            "datatype": "COLUMN_NAMES",
            "targetTable": [
              "InputTable"
            ],
            "value": [
              "class"
            ],
            "isRequired": true,
            "i": 10.0
          },
          {
            "allowsLists": true,
            "name": "GROUPBYCOLUMNS",
            "datatype": "COLUMN_NAMES",
            "targetTable": [
              "InputTable"
            ],
            "value": "",
            "isRequired": false,
            "i": 11.0
          },
          {
            "datatype": "INTEGER",
            "isRequired": false,
            "allowsLists": true,
            "name": "HIDDENLAYERS",
            "value": "10",
            "i": 12.0
          },
          {
            "datatype": "DOUBLE",
            "isRequired": false,
            "allowsLists": false,
            "name": "THRESHOLD",
            "value": "1",
            "i": 13.0
          },
          {
            "datatype": "INTEGER",
            "isRequired": false,
            "allowsLists": false,
            "name": "MAXITERNUM",
            "value": "6000",
            "i": 14.0
          },
          {
            "datatype": "DOUBLE",
            "isRequired": false,
            "allowsLists": false,
            "name": "LEARNINGRATE",
            "value": 0.001,
            "i": 15.0
          },
          {
            "allowsLists": false,
            "name": "ACTIVATIONFUNCTION",
            "datatype": "STRING",
            "value": "logistic",
            "isRequired": false,
            "permittedValues": [
              "logistic",
              "tanh"
            ],
            "i": 16.0
          },
          {
            "allowsLists": false,
            "name": "ERRORFUNCTION",
            "datatype": "STRING",
            "value": "sse",
            "isRequired": false,
            "permittedValues": [
              "sse",
              "ce"
            ],
            "i": 17.0
          },
          {
            "allowsLists": false,
            "name": "ALGORITHMS",
            "datatype": "STRING",
            "value": "backprop",
            "isRequired": false,
            "permittedValues": [
              "backprop"
            ],
            "i": 18.0
          },
          {
            "datatype": "BOOLEAN",
            "isRequired": false,
            "allowsLists": false,
            "name": "LINEAROUTPUT",
            "value": true,
            "i": 19.0
          },
          {
            "datatype": "BOOLEAN",
            "isRequired": false,
            "allowsLists": false,
            "name": "OVERWRITEOUTPUT",
            "value": true,
            "i": 20.0
          },
          {
            "datatype": "LONG",
            "isRequired": false,
            "allowsLists": false,
            "name": "SEED",
            "value": "100",
            "i": 21.0
          }
        ],
        "queries": [],
        "hasInputTable": false,
        "dropIfExists": true,
        "function_version": "1.1"
      }
    }
  },
  "customMeta": {
    "kv": {}
  },
  "redispatchPartitioning": false,
  "maxRunningActivities": 0,
  "inputs": {
    "main": {
      "items": [
        {
          "ref": "breast_cancer_train",
          "deps": []
        }
      ]
    }
  },
  "outputs": {
    "main": {
      "items": [
        {
          "ref": "dss_700_neuralnet_out",
          "appendMode": false
        }
      ]
    }
  },
  "versionTag": {
    "versionNumber": 3,
    "lastModifiedBy": {
      "login": "dt186022"
    },
    "lastModifiedOn": 1517388200930
  },
  "creationTag": {
    "versionNumber": 0,
    "lastModifiedBy": {
      "login": "dt186022"
    },
    "lastModifiedOn": 1517387766944
  },
  "tags": [],
  "checklists": {
    "checklists": []
  }
}