{
  "type": "CustomCode_NeuralNetAster_7",
  "neverRecomputeExistingPartitions": false,
  "optionalDependencies": false,
  "params": {
    "customConfig": {
      "category": "Neural Net",
      "distribution_key": "samplecode",
      "aafschema": "schema_pilaa700",
      "distribution": "fact",
      "function": {
        "isOrdered": false,
        "asterarguments": "",
        "isQueryMode": false,
        "unaliased_inputs": {
          "count": 0.0,
          "values": [],
          "desc": {}
        },
        "required_input": [
          {
            "isOrdered": false,
            "name": "testdata",
            "inputKindChoices": [
              "PartitionByKey",
              "PartitionByAny"
            ],
            "kind": "PartitionByAny",
            "value": "breast_cancer_test",
            "orderByColumn": [
              ""
            ],
            "isRequired": true,
            "partitionAttributes": [
              ""
            ]
          },
          {
            "isOrdered": false,
            "name": "modeldata",
            "inputKindChoices": [
              "PartitionByKey",
              "Dimension"
            ],
            "kind": "Dimension",
            "value": "cancer_output",
            "orderByColumn": [
              ""
            ],
            "isRequired": true,
            "partitionAttributes": [
              ""
            ]
          }
        ],
        "name": "NEURALNETPREDICT",
        "partitionInputKind": [],
        "orderByColumn": [],
        "partitionAttributes": [],
        "arguments": [
          {
            "allowsLists": true,
            "name": "INPUTCOLUMNS",
            "datatype": "COLUMNS",
            "targetTable": [
              "testdata"
            ],
            "value": [
              "clumpthickness",
              "uniformityofcellsize",
              "uniformityofcellshape",
              "marginaladhesion",
              "singleepithelialcell",
              "barenuclei",
              "blandchromatin",
              "normalnucleoli",
              "mitoses"
            ],
            "isRequired": true,
            "i": 0.0
          },
          {
            "allowsLists": true,
            "name": "GROUPBYCOLUMNS",
            "datatype": "COLUMNS",
            "targetTable": [
              "testdata"
            ],
            "value": "",
            "isRequired": false,
            "i": 1.0
          },
          {
            "allowsLists": true,
            "name": "ACCUMULATE",
            "datatype": "COLUMNS",
            "targetTable": [
              "testdata"
            ],
            "value": [
              "samplecode",
              "class"
            ],
            "isRequired": false,
            "i": 2.0
          },
          {
            "datatype": "INTEGER",
            "isRequired": true,
            "allowsLists": true,
            "name": "HIDDENLAYERS",
            "value": "10",
            "i": 3.0
          },
          {
            "allowsLists": false,
            "name": "ACTIVATIONFUNCTION",
            "datatype": "STRING",
            "value": "logistic",
            "isRequired": false,
            "permittedValues": [
              "logistic",
              "tanh"
            ],
            "i": 4.0
          },
          {
            "datatype": "BOOLEAN",
            "isRequired": false,
            "allowsLists": false,
            "name": "LINEAROUTPUT",
            "value": true,
            "i": 5.0
          },
          {
            "datatype": "INTEGER",
            "isRequired": false,
            "allowsLists": false,
            "name": "NUMOUTPUTS",
            "value": 1.0,
            "i": 6.0
          }
        ],
        "queries": [],
        "hasInputTable": true,
        "function_version": "1.2"
      }
    }
  },
  "customMeta": {
    "kv": {}
  },
  "redispatchPartitioning": false,
  "maxRunningActivities": 0,
  "inputs": {
    "main": {
      "items": [
        {
          "ref": "cancer_output",
          "deps": []
        },
        {
          "ref": "breast_cancer_test",
          "deps": []
        }
      ]
    }
  },
  "outputs": {
    "main": {
      "items": [
        {
          "ref": "dss_700_neuralnetpredict_out",
          "appendMode": false
        }
      ]
    }
  },
  "versionTag": {
    "versionNumber": 1,
    "lastModifiedBy": {
      "login": "dt186022"
    },
    "lastModifiedOn": 1517454814293
  },
  "creationTag": {
    "versionNumber": 0,
    "lastModifiedBy": {
      "login": "dt186022"
    },
    "lastModifiedOn": 1517454671771
  },
  "tags": [],
  "checklists": {
    "checklists": []
  }
}