{
  "json_schema_major_version": "1",
  "json_schema_minor_version": "1",
  "json_content_version": "1",
  "function_name": "AddOnePlayer",
  "function_version": "1.1",
  "function_type": "non-driver",
  "short_description": "This function augment the combination by adding one extra player which is not in the combination yet.",
  "long_description": "This function augment the combination by adding one extra player which is not in the combination yet. It also adds a column for binomial coefficient, which is used in computing partial Shapley values.",
  "input_tables": [
    {
      "isOrdered": false,
      "partitionByOne": false,
      "isRequired": true,
      "description": "A table output by the GenerateCombination or SortCombination function.",
      "datatype": "TABLE_ALIAS",
      "allowsLists": false,
      "useInR": true
    }
  ],
  "argument_clauses": [
    {
      "checkDuplicate": true,
      "allowPadding": true,
      "name": "CombinationColumn",
      "alternateNames": [
        "CombColName"
      ],
      "isRequired": true,
      "description": "The name of the column, in the input table, that contains the combinations.",
      "datatype": "COLUMNS",
      "allowsLists": true,
      "rName": "combination.column",
      "useInR": true
    },
    {
      "checkDuplicate": true,
      "allowedTypeGroups": [
        "INTEGER"
      ],
      "allowPadding": true,
      "name": "SizeColumn",
      "alternateNames": [
        "SizeColName"
      ],
      "isRequired": true,
      "description": "The name of the column, in the input table, that contains the size of the combinations. Input columns must contain integer SQL types.",
      "datatype": "COLUMNS",
      "allowsLists": true,
      "rName": "size.column",
      "useInR": true
    },
    {
      "checkDuplicate": true,
      "allowedTypeGroups": [
        "NUMERIC"
      ],
      "allowPadding": true,
      "name": "ValueColumn",
      "alternateNames": [
        "ValueColName"
      ],
      "isRequired": true,
      "description": "The name of the column, in the input table, that contains the characteristic value. Input columns must contain numeric SQL types.",
      "datatype": "COLUMNS",
      "allowsLists": true,
      "rName": "value.column",
      "useInR": true
    },
    {
      "lowerBound": 2,
      "lowerBoundType": "INCLUSIVE",
      "allowNaN": false,
      "name": "NumPlayers",
      "alternateNames": [
        "NumberOfPlayers"
      ],
      "isRequired": true,
      "description": "The total number of players in the game. The input value must be no less than 2.",
      "datatype": "INTEGER",
      "allowsLists": false,
      "rName": "num.players",
      "useInR": true
    },
    {
      "permittedValues": [
        " ",
        ",",
        ";",
        ":",
        "#",
        "%",
        "&"
      ],
      "defaultValue": " ",
      "isOutputColumn": false,
      "name": "Delimiter",
      "isRequired": false,
      "description": "The delimiter used to concatenate the players in the combination column. The permitted input values are [ , ,, ;, :, #, %, &]. The default value is  .",
      "datatype": "STRING",
      "allowsLists": false,
      "rName": "delimiter",
      "useInR": true
    }
  ]
}