{
  "json_schema_major_version": "1",
  "json_schema_minor_version": "1",
  "json_content_version": "1",
  "function_name": "CoxSurvFit",
  "function_version": "1.1",
  "function_type": "driver",
  "short_description": "Fit cox survival curves (survival functions) from given new predictions.",
  "long_description": "Fit cox survival curves (survival functions) from given new predictions.",
  "argument_clauses": [
    {
      "isOutputColumn": false,
      "name": "Domain",
      "isRequired": false,
      "description": "The address of the Queen. The host parameter is the Aster Database Queen’s IP address or hostname.",
      "datatype": "DRIVER",
      "allowsLists": false,
      "useInR": false
    },
    {
      "isOutputColumn": false,
      "name": "Database",
      "isRequired": false,
      "description": "The name of the database where the input table is located.",
      "datatype": "DRIVER",
      "allowsLists": false,
      "useInR": false
    },
    {
      "isOutputColumn": false,
      "name": "UserId",
      "isRequired": false,
      "description": "The Aster Database user name of the user running this function.",
      "datatype": "DRIVER",
      "allowsLists": false,
      "useInR": false
    },
    {
      "isOutputColumn": false,
      "name": "Password",
      "isRequired": false,
      "description": "The Aster Database password of the user.",
      "datatype": "DRIVER",
      "allowsLists": false,
      "useInR": false
    },
    {
      "isOutputColumn": false,
      "name": "SSLSettings",
      "isRequired": false,
      "description": "A string that includes all the SSL settings, except the password for the truststore.",
      "datatype": "DRIVER",
      "allowsLists": false,
      "useInR": false
    },
    {
      "isOutputColumn": false,
      "name": "SSLTrustStorePassword",
      "isRequired": false,
      "description": "The password for the SSL truststore.",
      "datatype": "DRIVER",
      "allowsLists": false,
      "useInR": false
    },
    {
      "isOutputTable": false,
      "name": "CoxLinearPredictorModelTable",
	  "alternateNames":["Cox_Linear_Predictor_Model_Table"],
      "isRequired": true,
      "description": "The linear predictor model table generated by CoxPH.",
      "datatype": "TABLE_NAME",
      "allowsLists": false,
      "rName": "cox.linear.predictor.model.table",
      "useInR": true
    },
    {
      "isOutputTable": false,
      "name": "CoxCoefModelTable",
	  "alternateNames":["Cox_Coef_Model_Table"],
      "isRequired": true,
      "description": "The coefficient model table generated by CoxPH.",
      "datatype": "TABLE_NAME",
      "allowsLists": false,
      "rName": "cox.coef.model.table",
      "useInR": true
    },
    {
      "isOutputTable": false,
      "name": "PredictTable",
	  "alternateNames":["Predict_Table"],
      "isRequired": true,
      "description": "The new prediction table.",
      "datatype": "TABLE_NAME",
      "allowsLists": false,
      "rName": "predict.table",
      "useInR": true
    },
    {
      "isOutputColumn": false,
      "allowPadding": true,
      "name": "PredictFeatureNames",
	  "alternateNames":["Predict_Feature_Names"],
      "isRequired": true,
      "description": "The predict feature names which values correspond to predict feature columns.",
      "datatype": "STRING",
      "allowsLists": true,
      "rName": "predict.feature.names",
      "useInR": true
    },
    {
      "targetTable": "PredictTable",
      "checkDuplicate": true,
      "allowedTypeGroups": [
        "NUMERIC",
        "STRING"
      ],
      "allowPadding": true,
      "name": "PredictFeatureColumns",
	  "alternateNames":["Predict_Feature_Columns"],
      "isRequired": true,
      "description": "The predict feature value columns in predict table which correspond to predict feature names. Input columns must contain numeric SQL types. Input columns must contain string SQL types.",
      "datatype": "COLUMN_NAMES",
      "allowsLists": true,
      "rName": "predict.feature.columns",
      "useInR": true
    },
    {
      "isOutputTable": true,
      "name": "OutputTable",
	  "alternateNames":["Output_Table"],
      "isRequired": true,
      "description": "The output table to store generated survival functions.",
      "datatype": "TABLE_NAME",
      "allowsLists": false,
      "rName": "output.table",
      "useInR": true
    },
    {
      "targetTable": "PredictTable",
      "checkDuplicate": true,
      "allowPadding": true,
      "name": "Accumulate",
      "isRequired": false,
      "description": "The columns appended to output table.",
      "datatype": "COLUMN_NAMES",
      "allowsLists": true,
      "rName": "accumulate",
      "useInR": true
    }
  ]
}