{
  "json_schema_major_version": "1",
  "json_schema_minor_version": "1",
  "json_content_version": "1",
  "function_name": "EvaluateSentimentExtractor",
  "function_version": "1.1",
  "function_type": "non-driver",
  "short_description": "Evaluate the sentiment extraction SQL/MR function.",
  "long_description": "Evaluate the sentiment extraction SQL/MR function, by comapring the RESULT_COLUMN and RESULT_COLUMN.The value of EXPECT_COLUMN and RESULT_COLUMN should be 'pos' represent positive,'neg' represent negative and 'neu' represent neutral",
  "input_tables": [
    {
      "requiredInputKind": [
        "PartitionByKey"
      ],
      "isOrdered": false,
      "partitionByOne": true,
      "isRequired": true,
      "description": "The input table should contain a text column which contains input text.",
      "datatype": "TABLE_ALIAS",
      "allowsLists": false,
      "useInR": true
    }
  ],
  "argument_clauses": [
    {
      "checkDuplicate": true,
      "requiredLength": 1,
      "allowPadding": true,
      "name": "ObsColumn",
      "alternateNames": [
        "Expect_Column",
		"ExpectColumn"
      ],
      "isRequired": true,
      "description": "The input table column with the expected polarity/values POS, NEG or NEU.",
      "datatype": "COLUMNS",
      "allowsLists": false,
      "rName": "obs.column",
      "useInR": true
    },
    {
      "checkDuplicate": true,
      "requiredLength": 1,
      "allowPadding": true,
      "name": "SentimentColumn",
      "alternateNames": [
        "Result_Column",
		"ResultColumn"
      ],
      "isRequired": true,
      "description": "The input table column with the result polarity/values POS, NEG or NEU.",
      "datatype": "COLUMNS",
      "allowsLists": false,
      "rName": "sentiment.column",
      "useInR": true
    }
  ]
}