{"json_schema_major_version":"1","json_schema_minor_version":"1",
  "json_content_version":"1","function_name":
  "EvaluateNamedEntityFinderPartition","function_version":"1.1",
  "function_type":"non-driver","short_description":
  "Implements the name finder row evaluation SQL/MR function.",
  "long_description":
  "Implements the name finder row evaluation SQL/MR function.",
  "input_tables":[{"requiredInputKind":["PartitionByKey"],"isOrdered":
      false,"partitionByOne":true,"isRequired":true,"description":
      "The input table should contain a text column which contains input text.",
      "datatype":"TABLE_ALIAS","allowsLists":false,"useInR":true}]}

