{
  "json_schema_major_version": "1",
  "json_schema_minor_version": "1",
  "json_content_version": "1",
  "function_name": "FixedSample",
  "function_version": "1.0",
  "function_type": "driver",
  "short_description": "This function samples a table and returns a fixed number of rows.",
  "long_description": "This function samples a table and returns a fixed number of rows.",
  "argument_clauses": [
    {
      "isOutputColumn": false,
      "name": "Domain",
      "isRequired": false,
      "description": "The address of the Queen. The host parameter is the Aster Database Queen’s IP saddress or hostname.",
      "datatype": "DRIVER",
      "allowsLists": false,
      "useInR": false
    },
    {
      "isOutputColumn": false,
      "name": "Database",
      "isRequired": false,
      "description": "The name of the database where the input table is located.",
      "datatype": "DRIVER",
      "allowsLists": false,
      "useInR": false
    },
    {
      "isOutputColumn": false,
      "name": "UserId",
      "isRequired": false,
      "description": "The Aster Database user name of the user running this function.",
      "datatype": "DRIVER",
      "allowsLists": false,
      "useInR": false
    },
    {
      "isOutputColumn": false,
      "name": "Password",
      "isRequired": false,
      "description": "The Aster Database password of the user.",
      "datatype": "DRIVER",
      "allowsLists": false,
      "useInR": false
    },
    {
      "isOutputColumn": false,
      "name": "SSLSettings",
      "isRequired": false,
      "description": "A string that includes all the SSL settings, except the password for the truststore.",
      "datatype": "DRIVER",
      "allowsLists": false,
      "useInR": false
    },
    {
      "isOutputColumn": false,
      "name": "SSLTrustStorePassword",
      "isRequired": false,
      "description": "The password for the SSL truststore.",
      "datatype": "DRIVER",
      "allowsLists": false,
      "useInR": false
    },
    {
      "isOutputTable": false,
      "name": "InputTable",
      "isRequired": true,
      "description": "The name of the input table to be sampled from.",
      "datatype": "TABLE_NAME",
      "allowsLists": false,
      "rName": "input.table",
      "useInR": true
    },
    {
      "allowPadding": true,
      "name": "NumSample",
      "isRequired": true,
      "description": "The number of samples desired.",
      "datatype": "INTEGER",
      "allowsLists": true,
      "rName": "num.sample",
      "useInR": true
    },
    {
      "targetTable": "InputTable",
      "checkDuplicate": true,
      "allowedTypeGroups": [
        "NUMERIC"
      ],
      "requiredLength": 1,
      "allowPadding": true,
      "name": "WeightColumn",
      "isRequired": false,
      "description": "Specify the weight column to perform weighted sampling of the rows. Input columns must contain numeric SQL types.",
      "datatype": "COLUMN_NAMES",
      "allowsLists": false,
      "rName": "weight.column",
      "useInR": true
    },
    {
      "permittedValues": [
        "Basic",
        "KMeans++",
        "Kmeans||"
      ],
      "defaultValue": "Basic",
      "isOutputColumn": false,
      "name": "SamplingMode",
      "isRequired": false,
      "description": "The type of sampling you wish to use. The permitted input values are [Basic, KMeans++, Kmeans||]. The default value is Basic.",
      "datatype": "STRING",
      "allowsLists": false,
      "rName": "sampling.mode",
      "useInR": true
    },
    {
      "permittedValues": [
        "Euclidean",
        "Manhattan"
      ],
      "defaultValue": "Euclidean",
      "isOutputColumn": false,
      "name": "Distance",
      "isRequired": false,
      "description": "The distance function to be used for KMeans++ sampling. The permitted input values are [Euclidean, Manhattan]. The default value is Euclidean.",
      "datatype": "STRING",
      "allowsLists": false,
      "rName": "distance",
      "useInR": true
    },
    {
      "targetTable": "InputTable",
      "checkDuplicate": true,
      "allowPadding": true,
      "name": "InputColumns",
      "isRequired": false,
      "description": "Specify the columns to be used for KMeans++ sampling.",
      "datatype": "COLUMN_NAMES",
      "allowsLists": true,
      "rName": "input.columns",
      "useInR": true
    },
    {
      "allowPadding": true,
      "name": "CategoryWeights",
      "isRequired": false,
      "description": "Category weights to be used with KMeans++ sampling.",
      "datatype": "DOUBLE",
      "allowsLists": true,
      "rName": "category.weights",
      "useInR": true
    },
    {
      "allowNaN": false,
      "name": "Seed",
      "isRequired": false,
      "description": "Specifies the random seed used to initialize the algorithm.",
      "datatype": "LONG",
      "allowsLists": false,
      "rName": "seed",
      "useInR": true
    },
    {
      "targetTable": "InputTable",
      "checkDuplicate": true,
      "allowedTypeGroups": [
        "GROUPTYPE"
      ],
      "allowPadding": true,
      "name": "SeedColumn",
      "isRequired": false,
      "description": "The SeedColumn is required to ensure repeatable sampling if the seed is specified. Input columns cannot contain doubles or floats.",
      "datatype": "COLUMN_NAMES",
      "allowsLists": true,
      "rName": "seed.column",
      "useInR": true
    }
  ]
}