{
  "json_schema_major_version": "1",
  "json_schema_minor_version": "1",
  "json_content_version": "1",
  "function_name": "forest_predict",
  "function_version": "1.5",
  "function_type": "non-driver",
  "short_description": "This function generates predictions on a response variable for a data set",
  "long_description": "This function uses a decision tree model from the forest_drive to create predictions on a response variable for a test set",
  "input_tables": [
    {
      "requiredInputKind": [
        "PartitionByAny"
      ],
      "isOrdered": false,
      "partitionByOne": false,
      "isRequired": true,
      "description": "Specifies the table containing the input test data.",
      "datatype": "TABLE_ALIAS",
      "allowsLists": false,
      "useInR": true
    },
    {
      "requiredInputKind": [
        "Dimension"
      ],
      "isOrdered": false,
      "partitionByOne": false,
      "name": "ModelTable",
      "isRequired": false,
      "description": "Specifies the table containing the model data.",
      "datatype": "TABLE_ALIAS",
      "allowsLists": false,
      "rName": "model.table",
      "useInR": true
    }
  ],
  "argument_clauses": [
    {
      "isOutputTable": false,
      "name": "Forest",
      "isRequired": false,
      "description": "Specifies the name of the table containing the decision forest generated by the Forest_Drive function",
      "datatype": "TABLE_NAME",
      "allowsLists": false,
      "rName": "forest",
      "useInR": true
    },
    {
      "isOutputColumn": false,
      "name": "ModelFile",
      "isRequired": false,
      "description": "Specifies the name of the file containing the trained model generated by the Forest_Drive function",
      "datatype": "STRING",
      "allowsLists": false,
      "rName": "model.file",
      "useInR": true
    },
    {
      "isOutputColumn": false,
      "name": "IdColumn",
      "alternateNames": [
        "IdCol"
      ],
      "isRequired": true,
      "description": "Specifies a column containing a unique identifier for each test point in the test set",
      "datatype": "STRING",
      "allowsLists": false,
      "rName": "id.column",
      "useInR": true
    },
    {
      "isOutputColumn": false,
      "allowPadding": true,
      "name": "NumericInputs",
      "isRequired": false,
      "description": "Specifies the names of the columns that contain the numerical predictor variables",
      "datatype": "STRING",
      "allowsLists": true,
      "rName": "numeric.inputs",
      "useInR": true
    },
    {
      "isOutputColumn": false,
      "allowPadding": true,
      "name": "CategoricalInputs",
      "isRequired": false,
      "description": "Specifies the names of the columns that contain the categorical predictor variables",
      "datatype": "STRING",
      "allowsLists": true,
      "rName": "categorical.inputs",
      "useInR": true
    },
    {
      "defaultValue": false,
      "name": "Detailed",
      "isRequired": false,
      "description": "Specifies whether to output more detailed information about the forest trees The default value is false.",
      "datatype": "BOOLEAN",
      "allowsLists": false,
      "rName": "detailed",
      "useInR": true
    }
  ]
}