{
  "json_schema_major_version": "1",
  "json_schema_minor_version": "1",
  "json_content_version": "1",
  "function_name": "hist_prep",
  "function_version": "1.1",
  "function_type": "non-driver",
  "short_description": "Prepare partial statistics to determine histogram breaks.",
  "long_description": "This function is invoked together with hist_breaks to determine the bin breaks of a histogram automatically.",
  "input_tables": [
    {
      "requiredInputKind": [
        "PartitionByAny"
      ],
      "isOrdered": false,
      "partitionByOne": false,
      "isRequired": true,
      "description": "The table containing the input data.",
      "datatype": "TABLE_ALIAS",
      "allowsLists": false,
      "useInR": true
    }
  ],
  "argument_clauses": [
    {
      "checkDuplicate": true,
      "allowedTypeGroups": [
        "NUMERIC"
      ],
      "requiredLength": 1,
      "allowPadding": true,
      "name": "ValueColumn",
      "alternateNames": [
        "Value_Column"
      ],
      "isRequired": true,
      "description": "The column for which statistics will be computed. Input columns must contain numeric SQL types.",
      "datatype": "COLUMNS",
      "allowsLists": false,
      "rName": "value.column",
      "useInR": true
    }
  ]
}