{
  "json_schema_major_version": "1",
  "json_schema_minor_version": "1",
  "json_content_version": "1",
  "function_name": "HMMDecoder",
  "function_version": "1.3",
  "function_type": "non-driver",
  "short_description": "Find the state sequence that produces the observation sequence with the highest probability, with respecting to each trained HMM.",
  "long_description": "Given a Hidden Markov Model theta = (A, B, Pi) and an observation sequence, find the state sequence that produces the observation sequence with the highest probability.",
  "input_tables": [
    {
      "requiredInputKind": [
        "PartitionByKey"
      ],
      "isOrdered": true,
      "partitionByOne": false,
      "name": "observation",
      "isRequired": true,
      "description": "observation table",
      "datatype": "TABLE_ALIAS",
      "allowsLists": false,
      "rName": "observation",
      "useInR": true
    },
    {
      "requiredInputKind": [
        "PartitionByKey"
      ],
      "isOrdered": false,
      "partitionByOne": false,
      "name": "InitStateProb",
      "isRequired": true,
      "description": "init state table",
      "datatype": "TABLE_ALIAS",
      "allowsLists": false,
      "rName": "init.state.prob",
      "useInR": true
    },
    {
      "requiredInputKind": [
        "PartitionByKey"
      ],
      "isOrdered": false,
      "partitionByOne": false,
      "name": "StateTransitionProb",
      "isRequired": true,
      "description": "state transition table",
      "datatype": "TABLE_ALIAS",
      "allowsLists": false,
      "rName": "state.transition.prob",
      "useInR": true
    },
    {
      "requiredInputKind": [
        "PartitionByKey"
      ],
      "isOrdered": false,
      "partitionByOne": false,
      "name": "EmissionProb",
      "isRequired": true,
      "description": "emission probability table",
      "datatype": "TABLE_ALIAS",
      "allowsLists": false,
      "rName": "emission.prob",
      "useInR": true
    }
  ],
  "argument_clauses": [
    {
      "defaultValue": 2147483647,
      "lowerBound": 1,
      "upperBound": 2147483647,
      "lowerBoundType": "INCLUSIVE",
      "upperBoundType": "INCLUSIVE",
      "allowNaN": false,
      "name": "SequenceMaxSize",
      "isRequired": false,
      "description": "The input value must be no less than 1 and no greater than 2147483647. The default value is 2147483647.",
      "datatype": "INTEGER",
      "allowsLists": false,
      "rName": "sequence.max.size",
      "useInR": true
    },
    {
      "targetTable": "observation",
      "checkDuplicate": true,
      "allowPadding": true,
      "name": "Accumulate",
      "isRequired": false,
      "description": "",
      "datatype": "COLUMNS",
      "allowsLists": true,
      "rName": "accumulate",
      "useInR": true
    },
    {
      "targetTable": "InitStateProb",
      "checkDuplicate": true,
      "allowPadding": true,
      "name": "InitStateModelKey",
      "isRequired": true,
      "description": "",
      "datatype": "COLUMNS",
      "allowsLists": true,
      "rName": "init.state.model.key",
      "useInR": true
    },
    {
      "targetTable": "InitStateProb",
      "checkDuplicate": true,
      "allowPadding": true,
      "name": "InitStateKey",
      "isRequired": true,
      "description": "",
      "datatype": "COLUMNS",
      "allowsLists": true,
      "rName": "init.state.key",
      "useInR": true
    },
    {
      "targetTable": "InitStateProb",
      "checkDuplicate": true,
      "allowPadding": true,
      "name": "InitStateProbKey",
      "isRequired": true,
      "description": "",
      "datatype": "COLUMNS",
      "allowsLists": true,
      "rName": "init.state.prob.key",
      "useInR": true
    },
    {
      "targetTable": "StateTransitionProb",
      "checkDuplicate": true,
      "allowPadding": true,
      "name": "StateTransModelKey",
      "isRequired": true,
      "description": "",
      "datatype": "COLUMNS",
      "allowsLists": true,
      "rName": "state.trans.model.key",
      "useInR": true
    },
    {
      "targetTable": "StateTransitionProb",
      "checkDuplicate": true,
      "allowPadding": true,
      "name": "StateTransFromStateKey",
      "isRequired": true,
      "description": "",
      "datatype": "COLUMNS",
      "allowsLists": true,
      "rName": "state.trans.from.state.key",
      "useInR": true
    },
    {
      "targetTable": "StateTransitionProb",
      "checkDuplicate": true,
      "allowPadding": true,
      "name": "StateTransToStateKey",
      "isRequired": true,
      "description": "",
      "datatype": "COLUMNS",
      "allowsLists": true,
      "rName": "state.trans.to.state.key",
      "useInR": true
    },
    {
      "targetTable": "StateTransitionProb",
      "checkDuplicate": true,
      "allowPadding": true,
      "name": "StateTransProbKey",
      "isRequired": true,
      "description": "",
      "datatype": "COLUMNS",
      "allowsLists": true,
      "rName": "state.trans.prob.key",
      "useInR": true
    },
    {
      "targetTable": "EmissionProb",
      "checkDuplicate": true,
      "allowPadding": true,
      "name": "EmitModelKey",
      "isRequired": true,
      "description": "",
      "datatype": "COLUMNS",
      "allowsLists": true,
      "rName": "emit.model.key",
      "useInR": true
    },
    {
      "targetTable": "EmissionProb",
      "checkDuplicate": true,
      "allowPadding": true,
      "name": "EmitStateKey",
      "isRequired": true,
      "description": "",
      "datatype": "COLUMNS",
      "allowsLists": true,
      "rName": "emit.state.key",
      "useInR": true
    },
    {
      "targetTable": "EmissionProb",
      "checkDuplicate": true,
      "allowPadding": true,
      "name": "EmitObservedKey",
      "isRequired": true,
      "description": "",
      "datatype": "COLUMNS",
      "allowsLists": true,
      "rName": "emit.observed.key",
      "useInR": true
    },
    {
      "targetTable": "EmissionProb",
      "checkDuplicate": true,
      "allowPadding": true,
      "name": "EmitProbKey",
      "isRequired": true,
      "description": "",
      "datatype": "COLUMNS",
      "allowsLists": true,
      "rName": "emit.prob.key",
      "useInR": true
    },
    {
      "isOutputColumn": false,
      "name": "ModelKey",
      "isRequired": true,
      "description": "",
      "datatype": "STRING",
      "allowsLists": false,
      "rName": "model.key",
      "useInR": true
    },
    {
      "isOutputColumn": false,
      "name": "SequenceKey",
      "isRequired": true,
      "description": "",
      "datatype": "STRING",
      "allowsLists": false,
      "rName": "sequence.key",
      "useInR": true
    },
    {
      "isOutputColumn": false,
      "name": "ObservedKey",
      "isRequired": true,
      "description": "",
      "datatype": "STRING",
      "allowsLists": false,
      "rName": "observed.key",
      "useInR": true
    },
    {
      "isOutputColumn": false,
      "name": "SkipKey",
      "isRequired": false,
      "description": "",
      "datatype": "STRING",
      "allowsLists": false,
      "rName": "skip.key",
      "useInR": true
    }
  ]
}