{
  "json_schema_major_version": "1",
  "json_schema_minor_version": "1",
  "json_content_version": "1",
  "function_name": "IdentityMatch",
  "function_version": "1.1",
  "function_type": "non-driver",
  "short_description": "SQL/MR function to match the identities",
  "long_description": "SQL/MR function to match the identities",
  "input_tables": [
    {
      "isOrdered": false,
      "partitionByOne": false,
      "name": "a",
      "isRequired": true,
      "description": "'a' input contains the objects.",
      "datatype": "TABLE_ALIAS",
      "allowsLists": false,
      "rName": "a",
      "useInR": true
    },
    {
      "isOrdered": false,
      "partitionByOne": false,
      "name": "b",
      "isRequired": true,
      "description": "another input contains the objects",
      "datatype": "TABLE_ALIAS",
      "allowsLists": false,
      "rName": "b",
      "useInR": true
    }
  ],
  "argument_clauses": [
    {
      "isOutputColumn": false,
      "name": "IdColumn",
      "isRequired": true,
      "description": "A pair that contains an input 1 column and an input 2 column",
      "datatype": "STRING",
      "allowsLists": false,
      "rName": "id.column",
      "useInR": true
    },
    {
      "isOutputColumn": false,
      "allowPadding": true,
      "name": "NominalMatchColumns",
      "isRequired": false,
      "description": "The columns used for exact matching. It can contains more than one pair",
      "datatype": "STRING",
      "allowsLists": true,
      "rName": "nominal.match.columns",
      "useInR": true
    },
    {
      "isOutputColumn": false,
      "allowPadding": true,
      "name": "FuzzyMatchColumns",
      "isRequired": false,
      "description": "The columns used in fuzzy matching. In addition, this argument specifies these parameters: similarity metric type, match weight, and synonyms dictionary. The format is: {'<a.columnX: b.columnY, match_metric, match_weight [,synonym__file]>'}",
      "datatype": "STRING",
      "allowsLists": true,
      "rName": "fuzzy.match.columns",
      "useInR": true
    },
    {
      "defaultValue": 0.5,
      "lowerBound": 0.0,
      "upperBound": 1.0,
      "lowerBoundType": "INCLUSIVE",
      "upperBoundType": "INCLUSIVE",
      "allowNaN": false,
      "name": "Threshold",
      "isRequired": false,
      "description": "Only output items with a matching score greater than this value are outputted. The range is a real number between '0' and '1'. The default is '0.5' The input value must be no less than 0.0 and no greater than 1.0. The default value is 0.5.",
      "datatype": "DOUBLE",
      "allowsLists": false,
      "rName": "threshold",
      "useInR": true
    },
    {
      "isOutputColumn": false,
      "allowPadding": true,
      "name": "Accumulate",
      "isRequired": false,
      "description": "Columns from the 'a' or 'b' input tables to include in the output. The format is 'a.<column_name', 'b.<column_name'. The default is the columns 'a.id', 'b.id'",
      "datatype": "STRING",
      "allowsLists": true,
      "rName": "accumulate",
      "useInR": true
    }
  ]
}