{
  "json_schema_major_version": "1",
  "json_schema_minor_version": "1",
  "json_content_version": "1",
  "function_name": "ldist",
  "function_version": "1.1",
  "function_type": "non-driver",
  "short_description": "Computes the Levenshtein distance between words in target column and each source column",
  "long_description": "Computes the Levenshtein distance between words in target column and each source column. User can specify a maximum distance.  See implementation at http://www.merriampark.com/ld.htm",
  "input_tables": [
    {
      "isOrdered": false,
      "partitionByOne": false,
      "isRequired": true,
      "description": "",
      "datatype": "TABLE_ALIAS",
      "allowsLists": false,
      "useInR": true
    }
  ],
  "argument_clauses": [
    {
      "checkDuplicate": true,
      "requiredLength": 1,
      "allowPadding": true,
      "name": "TargetColumn",
      "alternateNames": [
        "TARGET"
      ],
      "isRequired": true,
      "description": "The input table column containing the target text whose Levenshtein distance from each source text will be calculated",
      "datatype": "COLUMNS",
      "allowsLists": false,
      "rName": "target.column",
      "useInR": true
    },
    {
      "checkDuplicate": true,
      "allowPadding": true,
      "name": "Source",
      "isRequired": true,
      "description": "A comma-delimited list of columns in the input table containing the source text whose Levenshtein distance from the target text will be calculated",
      "datatype": "COLUMNS",
      "allowsLists": true,
      "rName": "source",
      "useInR": true
    },
    {
      "lowerBound": 1,
      "lowerBoundType": "INCLUSIVE",
      "allowNaN": false,
      "name": "Threshold",
      "isRequired": false,
      "description": "If the Levenshtein distance for a (source, target) pair is equal to or less than the supplied THRESHOLD, then the Levenshtein distance is returned. If it is greater than the THRESHOLD, then -1 is returned. The default is the Levenshtein distance is returned no matter how large it is The input value must be no less than 1.",
      "datatype": "INTEGER",
      "allowsLists": false,
      "rName": "threshold",
      "useInR": true
    },
    {
      "defaultValue": [
        "distance"
      ],
      "isOutputColumn": true,
      "requiredLength": 1,
      "allowPadding": true,
      "name": "OutputColumnName",
      "alternateNames": [
        "Output_Column_Name"
      ],
      "isRequired": false,
      "description": "The column name for the output column containing the Levenshtein distance. The default is 'distance' The input list must contain exactly one value. The default value is distance.",
      "datatype": "STRING",
      "allowsLists": false,
      "rName": "output.column.name",
      "useInR": true
    },
    {
      "defaultValue": "target",
      "isOutputColumn": true,
      "name": "OutputTargetColumn",
      "alternateNames": [
        "Target_Column_Name",
		"TargetColumnName"
      ],
      "isRequired": false,
      "description": "The column name for the output column containing the compared target text. The default is 'target' The default value is target.",
      "datatype": "STRING",
      "allowsLists": false,
      "rName": "output.target.column",
      "useInR": true
    },
    {
      "defaultValue": [
        "source"
      ],
      "isOutputColumn": true,
      "requiredLength": 1,
      "allowPadding": true,
      "name": "PrintSourceColumn",
      "alternateNames": [
        "Source_Column_Name",
		"SourceColumnName"
      ],
      "isRequired": false,
      "description": "The column name for the output column containing the compared source text. The default is 'source' The input list must contain exactly one value. The default value is source.",
      "datatype": "STRING",
      "allowsLists": false,
      "rName": "print.source.column",
      "useInR": true
    },
    {
      "checkDuplicate": true,
      "allowPadding": true,
      "name": "Accumulate",
      "isRequired": false,
      "description": "A list of input table columns that will be passed as-is to the output",
      "datatype": "COLUMNS",
      "allowsLists": true,
      "rName": "accumulate",
      "useInR": true
    }
  ]
}