{
  "json_schema_major_version": "1",
  "json_schema_minor_version": "1",
  "json_content_version": "1",
  "function_name": "LocalClusteringCoefficient",
  "function_version": "1.1",
  "function_type": "graph",
  "short_description": "Graph function to calculate the local clustering coefficient of a network.",
  "long_description": "Graph function to calculate the local clustering coefficient of a network.",
  "input_tables": [
    {
      "requiredInputKind": [
        "PartitionByKey"
      ],
      "isOrdered": false,
      "partitionByOne": false,
      "name": "vertices",
      "isRequired": true,
      "description": "The input table contains vertices in the graph. ",
      "datatype": "TABLE_ALIAS",
      "allowsLists": false,
      "rName": "vertices",
      "useInR": true
    },
    {
      "requiredInputKind": [
        "PartitionByKey"
      ],
      "isOrdered": false,
      "partitionByOne": false,
      "name": "edges",
      "isRequired": true,
      "description": "The input table contains edges in the graph.",
      "datatype": "TABLE_ALIAS",
      "allowsLists": false,
      "rName": "edges",
      "useInR": true
    }
  ],
  "argument_clauses": [
    {
      "targetTable": "edges",
      "checkDuplicate": true,
      "allowPadding": true,
      "name": "TargetKey",
      "isRequired": true,
      "description": "The names of the target key columns in the edges table. The number of attributes and their types should correspond to those of the vertex_key SQL clause.",
      "datatype": "COLUMNS",
      "allowsLists": true,
      "rName": "target.key",
      "useInR": true
    },
    {
      "targetTable": "edges",
      "checkDuplicate": true,
      "allowedTypeGroups": [
        "NUMERIC"
      ],
      "requiredLength": 1,
      "allowPadding": true,
      "name": "EdgeWeight",
      "isRequired": false,
      "description": "The column name in edges table that indicates the edge weight. The weight is a positive non-zero value that is less than or equal to 1 (0...1). The default is the function takes the input as an unweighted graph. Input columns must contain numeric SQL types.",
      "datatype": "COLUMNS",
      "allowsLists": false,
      "rName": "edge.weight",
      "useInR": true
    },
    {
      "defaultValue": false,
      "name": "Directed",
      "isRequired": false,
      "description": "Whether the graph is directed or undirected (bi-directed). The default is 'false'. The default value is false.",
      "datatype": "BOOLEAN",
      "allowsLists": false,
      "rName": "directed",
      "useInR": true
    },
    {
      "isOutputColumn": false,
      "name": "DegreeRange",
      "isRequired": false,
      "description": "Edge degree range (positive integer). Format: {'[min:max]'|'[min:]'|'[:max]'}. Only the nodes with degrees within the range are output",
      "datatype": "STRING",
      "allowsLists": false,
      "rName": "degree.range",
      "useInR": true
    },
    {
      "targetTable": "vertices",
      "checkDuplicate": true,
      "allowPadding": true,
      "name": "Accumulate",
      "isRequired": false,
      "description": "Columns from the input table to be passed through from input to output.",
      "datatype": "COLUMNS",
      "allowsLists": true,
      "rName": "accumulate",
      "useInR": true
    }
  ]
}