{
  "json_schema_major_version": "1",
  "json_schema_minor_version": "1",
  "json_content_version": "1",
  "function_name": "Modularity",
  "function_version": "1.1",
  "function_type": "driver",
  "short_description": "This function divides input graph in communities.",
  "long_description": "The function establishes communities among vertices based on the edges (similarity) in a graph by maximizing modularity metric.",
  "input_tables": [
    {
      "requiredInputKind": [
        "PartitionByKey"
      ],
      "isOrdered": false,
      "partitionByOne": false,
      "name": "vertices",
      "isRequired": true,
      "description": "vertex table",
      "datatype": "TABLE_ALIAS",
      "allowsLists": false,
      "rName": "vertices",
      "useInR": true
    },
    {
      "requiredInputKind": [
        "PartitionByKey"
      ],
      "isOrdered": false,
      "partitionByOne": false,
      "name": "edges",
      "isRequired": true,
      "description": "edge table",
      "datatype": "TABLE_ALIAS",
      "allowsLists": false,
      "rName": "edges",
      "useInR": true
    },
    {
      "requiredInputKind": [
        "PartitionByKey"
      ],
      "isOrdered": false,
      "partitionByOne": false,
      "name": "sources",
      "isRequired": false,
      "description": "source table",
      "datatype": "TABLE_ALIAS",
      "allowsLists": false,
      "rName": "sources",
      "useInR": true
    }
  ],
  "argument_clauses": [
    {
      "isOutputColumn": false,
      "name": "Domain",
      "isRequired": false,
      "description": "The address of the Queen. The host parameter is the Aster Database Queen’s IP saddress or hostname.",
      "datatype": "DRIVER",
      "allowsLists": false,
      "useInR": false
    },
    {
      "isOutputColumn": false,
      "name": "Database",
      "isRequired": false,
      "description": "The name of the database where the input table is located.",
      "datatype": "DRIVER",
      "allowsLists": false,
      "useInR": false
    },
    {
      "isOutputColumn": false,
      "name": "UserId",
      "isRequired": false,
      "description": "The Aster Database user name of the user running this function.",
      "datatype": "DRIVER",
      "allowsLists": false,
      "useInR": false
    },
    {
      "isOutputColumn": false,
      "name": "Password",
      "isRequired": false,
      "description": "The Aster Database password of the user.",
      "datatype": "DRIVER",
      "allowsLists": false,
      "useInR": false
    },
    {
      "isOutputColumn": false,
      "name": "SSLSettings",
      "isRequired": false,
      "description": "A string that includes all the SSL settings, except the password for the truststore.",
      "datatype": "DRIVER",
      "allowsLists": false,
      "useInR": false
    },
    {
      "isOutputColumn": false,
      "name": "SSLTrustStorePassword",
      "isRequired": false,
      "description": "The password for the SSL truststore.",
      "datatype": "DRIVER",
      "allowsLists": false,
      "useInR": false
    },
    {
      "targetTable": "vertices",
      "checkDuplicate": true,
      "requiredLength": 1,
      "allowPadding": true,
      "name": "CommunityAssociation",
      "isRequired": false,
      "description": "Specifies the name of the column that represents the community association of the vertices. ",
      "datatype": "COLUMNS",
      "allowsLists": false,
      "rName": "community.association",
      "useInR": true
    },
    {
      "defaultValue": [
        1.0
      ],
      "lowerBound": 0.0,
      "upperBound": 1000000.0,
      "lowerBoundType": "INCLUSIVE",
      "upperBoundType": "INCLUSIVE",
      "allowPadding": false,
      "name": "Resolution",
      "isRequired": false,
      "description": "Specifies the hierarchical (zoom-in) level information for the communities. Each input value must be no less than 0.0 and no greater than 1000000.0. The default value is 1.0.",
      "datatype": "FLOAT",
      "allowsLists": true,
      "rName": "resolution",
      "useInR": true
    },
    {
      "isOutputColumn": false,
      "name": "CommunityEdgeTable",
      "isRequired": false,
      "description": "Specifies the name for the table that the function generates to contain the weights of the edges between the communities at different resolution levels.",
      "datatype": "STRING",
      "allowsLists": false,
      "rName": "community.edge.table",
      "useInR": true
    },
    {
      "defaultValue": 1,
      "lowerBound": 1,
      "lowerBoundType": "INCLUSIVE",
      "allowNaN": false,
      "name": "Seed",
      "isRequired": false,
      "description": "Specifies the seed to use for creating a random number during modularity computation. The input value must be no less than 1. The default value is 1.",
      "datatype": "LONG",
      "allowsLists": false,
      "rName": "seed",
      "useInR": true
    },
    {
      "targetTable": "vertices",
      "checkDuplicate": true,
      "allowPadding": true,
      "name": "Accumulate",
      "isRequired": false,
      "description": "Specifies the names of the columns from vertices that are to be passed to the output.",
      "datatype": "COLUMNS",
      "allowsLists": true,
      "rName": "accumulate",
      "useInR": true
    },
    {
      "targetTable": "edges",
      "checkDuplicate": true,
      "allowPadding": true,
      "name": "TargetKey",
      "isRequired": true,
      "description": "Specifies the names of the columns that comprise the target vertex key in edges table.",
      "datatype": "COLUMNS",
      "allowsLists": true,
      "rName": "target.key",
      "useInR": true
    },
    {
      "targetTable": "edges",
      "checkDuplicate": true,
      "allowedTypes": [
        "integer",
        "smallint",
        "bigint",
        "double precision",
        "numeric",
        "real"
      ],
      "requiredLength": 1,
      "allowPadding": true,
      "name": "EdgeWeight",
      "isRequired": false,
      "description": "Specifies the name of the column in the edges table that contains the edge weights for a weighted graph. Input columns can be the following SQL types: [integer, smallint, bigint, double precision, numeric, real].",
      "datatype": "COLUMNS",
      "allowsLists": false,
      "rName": "edge.weight",
      "useInR": true
    },
    {
      "defaultValue": true,
      "name": "Directed",
      "isRequired": false,
      "description": "The argument indicated whether the edges are directed or not. The default value is true.",
      "datatype": "BOOLEAN",
      "allowsLists": false,
      "rName": "directed",
      "useInR": true
    }
  ]
}

