{
  "json_schema_major_version": "1",
  "json_schema_minor_version": "1",
  "json_content_version": "1",
  "function_name": "NaiveBayesTextClassifierInternal",
  "function_version": "1.1",
  "function_type": "non-driver",
  "short_description": "Build a naive bayes text classifier.",
  "long_description": "Build a naive bayes text classifier.",
  "input_tables": [
    {
      "requiredInputKind": [
        "PartitionByKey"
      ],
      "isOrdered": false,
      "partitionByOne": false,
      "isRequired": true,
      "description": "The table defining the training tokens.",
      "datatype": "TABLE_ALIAS",
      "allowsLists": false,
      "useInR": true
    },
    {
      "requiredInputKind": [
        "Dimension"
      ],
      "isOrdered": false,
      "partitionByOne": false,
      "name": "stopwords",
      "isRequired": false,
      "description": "The table defining stop words.",
      "datatype": "TABLE_ALIAS",
      "allowsLists": false,
      "rName": "stopwords",
      "useInR": true
    },
    {
      "requiredInputKind": [
        "Dimension"
      ],
      "isOrdered": false,
      "partitionByOne": false,
      "name": "categories",
      "isRequired": false,
      "description": "The table defining allowed categories.",
      "datatype": "TABLE_ALIAS",
      "allowsLists": false,
      "rName": "categories",
      "useInR": true
    }
  ],
  "argument_clauses": [
    {
      "checkDuplicate": true,
      "allowedTypeGroups": [
        "STRING"
      ],
      "requiredLength": 1,
      "allowPadding": true,
      "name": "Token_Column",
      "isRequired": true,
      "description": "Specify the token column in token table which contains the tokens for modeling. Input columns must contain string SQL types.",
      "datatype": "COLUMNS",
      "allowsLists": false,
      "rName": "token.column",
      "useInR": true
    },
    {
      "checkDuplicate": true,
      "allowedTypeGroups": [
        "STRING",
        "INTEGER"
      ],
      "allowPadding": true,
      "name": "Doc_Id_Columns",
      "isRequired": false,
      "description": "Specify the document identifier columns in token table. Required only when model type is Bernoulli. Input columns must contain integer SQL types. Input columns must contain string SQL types.",
      "datatype": "COLUMNS",
      "allowsLists": true,
      "rName": "doc.id.columns",
      "useInR": true
    },
    {
      "checkDuplicate": true,
      "allowedTypeGroups": [
        "STRING"
      ],
      "requiredLength": 1,
      "allowPadding": true,
      "name": "Doc_Category_Column",
      "isRequired": true,
      "description": "Specify the document category column name. Input columns must contain string SQL types.",
      "datatype": "COLUMNS",
      "allowsLists": false,
      "rName": "doc.category.column",
      "useInR": true
    },
    {
      "permittedValues": [
        "MULTINOMIAL",
        "BERNOULLI"
      ],
      "defaultValue": "MULTINOMIAL",
      "isOutputColumn": false,
      "name": "Model_Type",
      "isRequired": false,
      "description": "Specify the text classifier type. The permitted input values are [MULTINOMIAL, BERNOULLI]. The default value is MULTINOMIAL.",
      "datatype": "STRING",
      "allowsLists": false,
      "rName": "model.type",
      "useInR": true
    },
    {
      "targetTable": "categories",
      "checkDuplicate": true,
      "allowedTypeGroups": [
        "STRING"
      ],
      "requiredLength": 1,
      "allowPadding": true,
      "name": "CategoryColumn",
      "isRequired": false,
      "description": "Specifies the column in category table which contains allowed categories. Input columns must contain string SQL types.",
      "datatype": "COLUMNS",
      "allowsLists": false,
      "rName": "category.column",
      "useInR": true
    },
    {
      "isOutputColumn": false,
      "allowPadding": true,
      "name": "Categories",
      "isRequired": false,
      "description": "Specify the allowed category list.",
      "datatype": "STRING",
      "allowsLists": true,
      "rName": "categories",
      "useInR": true
    },
    {
      "targetTable": "stopwords",
      "checkDuplicate": true,
      "allowedTypeGroups": [
        "STRING"
      ],
      "requiredLength": 1,
      "allowPadding": true,
      "name": "StopwordsColumn",
      "isRequired": false,
      "description": "Specifies the column in stopwords table which contains stop words. Input columns must contain string SQL types.",
      "datatype": "COLUMNS",
      "allowsLists": false,
      "rName": "stopwords.column",
      "useInR": true
    },
    {
      "isOutputColumn": false,
      "allowPadding": true,
      "name": "Stopwords",
      "isRequired": false,
      "description": "Specify the stop words list.",
      "datatype": "STRING",
      "allowsLists": true,
      "rName": "stopwords",
      "useInR": true
    }
  ]
}