{
  "json_schema_major_version": "1",
  "json_schema_minor_version": "1",
  "json_content_version": "1",
  "function_name": "naiveBayesTrain",
  "function_version": "1.0",
  "function_type": "non-driver",
  "short_description": "Map and Reduce phases of naive Bayes model training",
  "long_description": "Trains a Naive Bayes classifier on a dense matrix of training data.",
  "input_tables": [
    {
      "requiredInputKind": [
        "PartitionByAny"
      ],
      "isOrdered": false,
      "partitionByOne": false,
      "isRequired": true,
      "description": "This table defining the input training data.",
      "datatype": "TABLE_ALIAS",
      "allowsLists": false,
      "useInR": true
    }
  ],
  "argument_clauses": [
    {
      "checkDuplicate": false,
      "allowedTypeGroups": [
        "INTEGER",
        "STRING"
      ],
      "allowPadding": true,
      "name": "CategoricalInputs",
      "isRequired": false,
      "description": "categorical column list or column range Input columns must contain integer SQL types. Input columns must contain string SQL types.",
      "datatype": "COLUMNS",
      "allowsLists": true,
      "rName": "categorical.inputs",
      "useInR": true
    },
    {
      "checkDuplicate": false,
      "allowedTypeGroups": [
        "NUMERIC"
      ],
      "allowPadding": true,
      "name": "NumericInputs",
      "isRequired": false,
      "description": "numerical column list or column range Input columns must contain numeric SQL types.",
      "datatype": "COLUMNS",
      "allowsLists": true,
      "rName": "numeric.inputs",
      "useInR": true
    },
    {
      "checkDuplicate": true,
      "allowedTypeGroups": [
        "INTEGER",
        "STRING"
      ],
      "requiredLength": 1,
      "allowPadding": true,
      "name": "ResponseColumn",
      "alternateNames": [
        "Response"
      ],
      "isRequired": true,
      "description": "response column Input columns must contain integer SQL types. Input columns must contain string SQL types.",
      "datatype": "COLUMNS",
      "allowsLists": false,
      "rName": "response.column",
      "useInR": true
    }
  ],
  "cascaded_functions":[
    {
      "name":"naiveBayesMap",
      "arguments_clauses":["CATEGORICALINPUTS", "NUMERICINPUTS", "RESPONSE"]
    },
    {
      "name":"naiveBayesReduce",
      "arguments_clauses":[],
      "arguments_nonuserdefined":[],
      "partitionBy":{"key":"class","isSetByUser":false}
    }
  ]
}