{
  "json_schema_major_version": "1",
  "json_schema_minor_version": "1",
  "json_content_version": "1",
  "function_name": "NaiveBayesTextClassifierTrainer",
  "function_version": "1.1",
  "function_type": "non-driver",
  "short_description": "Trains a naive Bayes text classifier model.",
  "long_description": "Trains a naive Bayes text classifier model.",
  "input_tables": [
    {
      "requiredInputKind": [
        "PartitionByKey"
      ],
      "isOrdered": false,
      "partitionByOne": true,
      "isRequired": true,
      "description": "The table is the output of NaiveBayesTextClassifierInternal.",
      "datatype": "TABLE_ALIAS",
      "allowsLists": false,
      "useInR": true
    }
  ]
}