{
  "json_schema_major_version": "1",
  "json_schema_minor_version": "1",
  "json_content_version": "1",
  "function_name": "NerEvaluator",
  "function_version": "1.1",
  "function_type": "non-driver",
  "short_description": "Named Entity Recognition Evaluation SQL/MR function",
  "long_description": "Named Entity Recognition Evaluation SQL/MR function",
  "input_tables": [
    {
      "requiredInputKind": [
        "PartitionByKey"
      ],
      "isOrdered": false,
      "partitionByOne": false,
      "isRequired": true,
      "description": "",
      "datatype": "TABLE_ALIAS",
      "allowsLists": false,
      "useInR": true
    }
  ],
  "argument_clauses": [
    {
      "checkDuplicate": true,
      "requiredLength": 1,
      "allowPadding": true,
      "name": "TextColumn",
      "isRequired": true,
      "description": "The name of the column whose content is analyzed",
      "datatype": "COLUMNS",
      "allowsLists": false,
      "rName": "text.column",
      "useInR": true
    },
    {
      "permittedValues": [
        "en",
        "zh_CN",
        "zh_TW"
      ],
      "defaultValue": "en",
      "isOutputColumn": false,
      "name": "Language",
      "isRequired": false,
      "description": "The language used in the input text (language_type). The supported values are: 'en' | 'zh_CN' | 'zh_TW'. The default is 'en' The permitted input values are [en, zh_CN, zh_TW]. The default value is en.",
      "datatype": "STRING",
      "allowsLists": false,
      "rName": "language",
      "useInR": true
    },
    {
      "isOutputColumn": false,
      "name": "Model",
      "isRequired": true,
      "description": "The CRFs model file that is used by the function to find named entities",
      "datatype": "STRING",
      "allowsLists": false,
      "rName": "model",
      "useInR": true
    }
  ]
}