{
  "json_schema_major_version": "1",
  "json_schema_minor_version": "1",
  "json_content_version": "1",
  "function_name": "npath",
  "function_version": "1",
  "function_type": "non-driver",
  "short_description": "Teradata Aster nPath is a function for pattern matching that allows you to specify a pattern in an ordered collection of rows, specify additional conditions on the rows matching these symbols, and extract useful information from these row sequences.",
  "long_description": "Teradata Aster nPath is a function for pattern matching that allows you to specify a pattern in an ordered collection of rows, specify additional conditions on the rows matching these symbols, and extract useful information from these row sequences.",
  "input_tables": [
    {
      "requiredInputKind": [
        "PartitionByKey"
      ],
      "isOrdered": true,
      "partitionByOne": false,
      "name_tmp": "input_table",
      "isRequired": true,
      "description": "Specifies the name of the input table, view or query",
      "datatype": "TABLE_ALIAS",
      "allowsLists": false,
      "rName": "npath.table",
      "useInR": true
    }
  ],
  "argument_clauses": [
    {
	  "permittedValues": [
        "OVERLAPPING",
        "NONOVERLAPPING"
      ],
      "isOutputColumn": false,
      "allowPadding": true,
      "name": "MODE",
      "isRequired": true,
      "description": "The MODE clause indicates whether matched PATTERNs may overlap.",
      "datatype": "STRING",
      "allowsLists": false,
      "rName": "mode",
      "useInR": false
    },
    {
      "isOutputColumn": false,
      "allowPadding": true,
      "name": "PATTERN",
      "isRequired": true,
      "description": "The PATTERN clause defines the pattern that Teradata Aster nPath searches for.",
      "datatype": "STRING",
      "allowsLists": true,
      "rName": "pattern",
      "useInR": false
    },
    {
      "isOutputColumn": false,
      "name": "SYMBOLS",
      "isRequired": true,
      "description": "The SYMBOLS clause defines the row elements in the pattern, expressed as a commaseparated list of symbol definitions.",
      "datatype": "SQLEXPR",
      "allowsLists": true,
      "rName": "symbols",
      "useInR": false
    },
    {
      "isOutputColumn": false,
      "name": "RESULT",
      "isRequired": true,
      "description": "The RESULT clause defines the output columns of the Teradata Aster nPath function as a comma-separated list of expressions.",
      "datatype": "SQLEXPR",
      "allowsLists": true,
      "rName": "symbols",
      "useInR": false
    }
  ]
}