{
  "json_schema_major_version": "1",
  "json_schema_minor_version": "1",
  "json_content_version": "1",
  "function_name": "outlierFilter",
  "function_version": "1.2",
  "function_type": "driver",
  "short_description": "Removes outlier values from a target column.",
  "long_description": "Removes numerical outlier valuesfrom a target column, The user specifies a method to define outlying values.",
  "argument_clauses": [
    {
      "isOutputColumn": false,
      "name": "Domain",
      "isRequired": false,
      "description": "The address of the Queen. The host parameter is the Aster Database Queen’s IP saddress or hostname.",
      "datatype": "DRIVER",
      "allowsLists": false,
      "useInR": false
    },
    {
      "isOutputColumn": false,
      "name": "Database",
      "isRequired": false,
      "description": "The name of the database where the input table is located.",
      "datatype": "DRIVER",
      "allowsLists": false,
      "useInR": false
    },
    {
      "isOutputColumn": false,
      "name": "UserId",
      "isRequired": false,
      "description": "The Aster Database user name of the user running this function.",
      "datatype": "DRIVER",
      "allowsLists": false,
      "useInR": false
    },
    {
      "isOutputColumn": false,
      "name": "Password",
      "isRequired": false,
      "description": "The Aster Database password of the user.",
      "datatype": "DRIVER",
      "allowsLists": false,
      "useInR": false
    },
    {
      "isOutputColumn": false,
      "name": "SSLSettings",
      "isRequired": false,
      "description": "A string that includes all the SSL settings, except the password for the truststore.",
      "datatype": "DRIVER",
      "allowsLists": false,
      "useInR": false
    },
    {
      "isOutputColumn": false,
      "name": "SSLTrustStorePassword",
      "isRequired": false,
      "description": "The password for the SSL truststore.",
      "datatype": "DRIVER",
      "allowsLists": false,
      "useInR": false
    },
    {
      "isOutputTable": false,
      "name": "InputTable",
      "isRequired": true,
      "description": "Specifies the table containing the input data",
      "datatype": "TABLE_NAME",
      "allowsLists": false,
      "rName": "input.table",
      "useInR": true
    },
    {
      "isOutputTable": true,
      "name": "OutputTable",
      "isRequired": true,
      "description": "Specifies the output table with outlier data removed or replaced",
      "datatype": "TABLE_NAME",
      "allowsLists": false,
      "rName": "output.table",
      "useInR": true
    },
    {
      "isOutputColumn": false,
      "name": "TargetColumn",
      "alternateNames": [
        "FilterCol"
      ],
      "isRequired": true,
      "description": "Specifies the numeric column to be filtered for outliers.",
      "datatype": "STRING",
      "allowsLists": false,
      "rName": "target.column",
      "useInR": true
    },
    {
      "isOutputTable": true,
      "name": "OutlierTable",
      "isRequired": false,
      "description": "Specifies the outlier table with original outlier data",
      "datatype": "TABLE_NAME",
      "allowsLists": false,
      "rName": "outlier.table",
      "useInR": true
    },
    {
      "defaultValue": [
        "groupdummy8675309"
      ],
      "isOutputColumn": false,
      "allowPadding": true,
      "name": "GroupByColumns",
      "alternateNames": [
        "GroupByCols"
      ],
      "isRequired": false,
      "description": "Specifies list of columns to group the data by The default value is groupdummy8675309.",
      "datatype": "STRING",
      "allowsLists": true,
      "rName": "group.by.columns",
      "useInR": true
    },
    {
      "permittedValues": [
        "PERCENTILE",
        "TUKEY",
        "CARLING",
        "MADMEDIAN",
        "MAD-MEDIAN"
      ],
      "defaultValue": "PERCENTILE",
      "isOutputColumn": false,
      "name": "Method",
      "isRequired": false,
      "description": "Specifies method of outlier identification The permitted input values are [PERCENTILE, TUKEY, CARLING, MADMEDIAN, MAD-MEDIAN]. The default value is PERCENTILE.",
      "datatype": "STRING",
      "allowsLists": false,
      "rName": "method",
      "useInR": true
    },
    {
      "lowerBound": 0,
      "upperBound": 100,
      "lowerBoundType": "INCLUSIVE",
      "upperBoundType": "INCLUSIVE",
      "allowPadding": true,
      "name": "PercentileThreshold",
      "alternateNames": [
        "PercentileValues"
      ],
      "isRequired": false,
      "description": "Specifies percentile values used only for percentile filtering Each input value must be no less than 0.0 and no greater than 100.0.",
      "datatype": "DOUBLE",
      "allowsLists": true,
      "rName": "percentile.threshold",
      "useInR": true
    },
    {
      "defaultValue": 0.5,
      "allowNaN": false,
      "name": "PercentAccuracy",
      "alternateNames": [
        "PercentileTolerance"
      ],
      "isRequired": false,
      "description": "Specifies accuracy of percentiles for filtering The default value is 0.5.",
      "datatype": "DOUBLE",
      "allowsLists": false,
      "rName": "percent.accuracy",
      "useInR": true
    },
    {
      "defaultValue": 1.5,
      "allowNaN": false,
      "name": "IQRMultiplier",
      "isRequired": false,
      "description": "Specifies multiplier of interquartile range used n Tukey filtering The default value is 1.5.",
      "datatype": "DOUBLE",
      "allowsLists": false,
      "rName": "i.q.r.multiplier",
      "useInR": true
    },
    {
      "permittedValues": [
        "BOTH",
        "UPPER",
        "LOWER"
      ],
      "defaultValue": "BOTH",
      "isOutputColumn": false,
      "name": "RemoveTail",
      "isRequired": false,
      "description": "Specifies the side of the distribution to be filtered The permitted input values are [BOTH, UPPER, LOWER]. The default value is BOTH.",
      "datatype": "STRING",
      "allowsLists": false,
      "rName": "remove.tail",
      "useInR": true
    },
    {
      "defaultValue": "delete",
      "isOutputColumn": false,
      "name": "ReplacementValue",
      "isRequired": false,
      "description": "Specifies the values to replace outlier with or delete The default value is delete.",
      "datatype": "STRING",
      "allowsLists": false,
      "rName": "replacement.value",
      "useInR": true
    },
    {
      "defaultValue": true,
      "name": "ApproxPercentile",
      "alternateNames": [
        "UseApproxPercentile"
      ],
      "isRequired": false,
      "description": "Specifies the option to use approximate percentile filtering or not The default value is true.",
      "datatype": "BOOLEAN",
      "allowsLists": false,
      "rName": "approx.percentile",
      "useInR": true
    },
    {
      "defaultValue": 1.4826,
      "allowNaN": false,
      "name": "MadScaleConstant",
      "isRequired": false,
      "description": "Specifies the MAD scale constant used in MAD-Median method The default value is 1.4826.",
      "datatype": "DOUBLE",
      "allowsLists": false,
      "rName": "mad.scale.constant",
      "useInR": true
    },
    {
      "defaultValue": 3,
      "allowNaN": false,
      "name": "MadThreshold",
      "isRequired": false,
      "description": "Specifies the MAD Threshold used in MAD-Median filtering The default value is 3.0.",
      "datatype": "DOUBLE",
      "allowsLists": false,
      "rName": "mad.threshold",
      "useInR": true
    }
  ]
}