{
  "json_schema_major_version": "1",
  "json_schema_minor_version": "1",
  "json_content_version": "1",
  "function_name": "RtChangePointDetection",
  "function_version": "1.1",
  "function_type": "non-driver",
  "short_description": "RtChangePointDetection function detects change point for real time data.",
  "long_description": "RtChangePointDetection function detects change point for real time data.",
  "input_tables": [
    {
      "requiredInputKind": [
        "PartitionByKey"
      ],
      "isOrdered": true,
      "partitionByOne": false,
      "isRequired": true,
      "description": "This table defining the input time series data.",
      "datatype": "TABLE_ALIAS",
      "allowsLists": false,
      "useInR": true
    }
  ],
  "argument_clauses": [
    {
      "permittedValues": [
        "normal_distribution"
      ],
      "defaultValue": "normal_distribution",
      "isOutputColumn": false,
      "name": "SegmentationMethod",
      "isRequired": false,
      "description": "The fitting method for each segmentation.  The only permitted input value is normal_distribution. The default value is normal_distribution.",
      "datatype": "STRING",
      "allowsLists": false,
      "rName": "segmentation.method",
      "useInR": true
    },
    {
      "checkDuplicate": true,
      "allowedTypeGroups": [
        "NUMERIC"
      ],
      "requiredLength": 1,
      "allowPadding": true,
      "name": "ValueColumn",
      "isRequired": true,
      "description": "The column with time series data to process. Input columns must contain numeric SQL types.",
      "datatype": "COLUMNS",
      "allowsLists": false,
      "rName": "value.column",
      "useInR": true
    },
    {
      "defaultValue": 10,
      "lowerBound": 2,
      "lowerBoundType": "EXCLUSIVE",
      "allowNaN": false,
      "name": "WindowSize",
      "isRequired": false,
      "description": "Size of the sliding window. The input value must be greater than 2. The default value is 10.",
      "datatype": "INTEGER",
      "allowsLists": false,
      "rName": "window.size",
      "useInR": true
    },
    {
      "defaultValue": 10.0,
      "lowerBound": 0,
      "lowerBoundType": "EXCLUSIVE",
      "allowNaN": false,
      "name": "Threshold",
      "isRequired": false,
      "description": "A double threshold value. The difference of max likehood will be compared with this value directly. The input value must be greater than 0.0. The default value is 10.0.",
      "datatype": "DOUBLE",
      "allowsLists": false,
      "rName": "threshold",
      "useInR": true
    },
    {
      "checkDuplicate": true,
      "allowPadding": true,
      "name": "Accumulate",
      "isRequired": true,
      "description": "Additional columns which will be appended to output table.",
      "datatype": "COLUMNS",
      "allowsLists": true,
      "rName": "accumulate",
      "useInR": true
    },
    {
      "permittedValues": [
        "changepoint",
        "segment",
        "verbose"
      ],
      "defaultValue": "changepoint",
      "isOutputColumn": false,
      "name": "OutputOption",
      "isRequired": false,
      "description": "Output columns option. The permitted input values are [changepoint, segment, verbose]. The default value is changepoint.",
      "datatype": "STRING",
      "allowsLists": false,
      "rName": "output.option",
      "useInR": true
    }
  ]
}