{
  "json_schema_major_version": "1",
  "json_schema_minor_version": "1",
  "json_content_version": "1",
  "function_name": "TextChunker",
  "function_version": "1.1",
  "function_type": "non-driver",
  "short_description": "Text classification SQL/MR function",
  "long_description": "Predict the category of the document in each text column",
  "input_tables": [
    {
      "requiredInputKind": [
        "PartitionByKey"
      ],
      "isOrdered": true,
      "partitionByOne": false,
      "isRequired": true,
      "description": "The relation contains the text to be scaned",
      "datatype": "TABLE_ALIAS",
      "allowsLists": false,
      "useInR": true
    }
  ],
  "argument_clauses": [
    {
      "checkDuplicate": true,
      "requiredLength": 1,
      "allowPadding": true,
      "name": "WordColumn",
      "isRequired": true,
      "description": "The input table column that contains the words to do 'chunking' on",
      "datatype": "COLUMNS",
      "allowsLists": false,
      "rName": "word.column",
      "useInR": true
    },
    {
      "checkDuplicate": true,
      "requiredLength": 1,
      "allowPadding": true,
      "name": "PosColumn",
      "alternateNames": [
        "PosTagColumn"
      ],
      "isRequired": true,
      "description": "The input table column that contains the part-of-speech tag of words",
      "datatype": "COLUMNS",
      "allowsLists": false,
      "rName": "pos.column",
      "useInR": true
    }
  ]
}