{
  "json_schema_major_version": "1",
  "json_schema_minor_version": "1",
  "json_content_version": "1",
  "function_name": "tf_idf",
  "function_version": "2.1",
  "function_type": "non-driver",
  "short_description": "SQL/MR function for Term Frequency * Inverse Document Frequency.",
  "long_description": "Compute term frequency * inverse document frequency. The function can be used in two ways: 1. Compute 'IDF' and 'TF_IDF' value. Need two or three input tables in the case: 1). 'tf' table with schema (docid datatype, term varchar, tf double, count int) or (docid datatype, term varchar, tf double). 2). 'doccount' table with schema (count bigint). 3). An optional input: 'docperterm' table with schema (term varchar, count bigint).2. Compute 'TF_IDF' value for the prediction function. Also need two input tables: 1). 'tf' table same as 1. 2). 'idf' table with schema (term varchar, idf double). ",
  "input_tables": [
    {
      "requiredInputKind": [
        "PartitionByKey"
      ],
      "isOrdered": false,
      "partitionByOne": false,
      "name": "tf",
      "isRequired": true,
      "description": "'tf' table that contains the tf values. ",
      "datatype": "TABLE_ALIAS",
      "allowsLists": false,
      "rName": "tf",
      "useInR": true
    },
    {
      "requiredInputKind": [
        "Dimension"
      ],
      "isOrdered": false,
      "partitionByOne": false,
      "name": "doccount",
      "isRequired": false,
      "description": "'doccount' table that contains the total number of documents. ",
      "datatype": "TABLE_ALIAS",
      "allowsLists": false,
      "rName": "doccount",
      "useInR": true
    },
    {
      "requiredInputKind": [
        "PartitionByKey"
      ],
      "isOrdered": false,
      "partitionByOne": false,
      "name": "docperterm",
      "isRequired": false,
      "description": "'docperterm' table that contains the total number of documents that each term appears. ",
      "datatype": "TABLE_ALIAS",
      "allowsLists": false,
      "rName": "docperterm",
      "useInR": true
    },
    {
      "requiredInputKind": [
        "PartitionByKey"
      ],
      "isOrdered": false,
      "partitionByOne": false,
      "name": "idf",
      "isRequired": false,
      "description": "'idf' table that contains the idf values that the predict process outputs. ",
      "datatype": "TABLE_ALIAS",
      "allowsLists": false,
      "rName": "idf",
      "useInR": true
    }
  ]
}