{
  "json_schema_major_version": "1",
  "json_schema_minor_version": "1",
  "json_content_version": "1",
  "function_name": "Vwap",
  "function_version": "1.2",
  "function_type": "non-driver",
  "short_description": "Outputs volume-weighted average price (VWAP) based on specified interval",
  "long_description": "Outputs the volume-weighted average price (vwap)for a specified interval on the columns specified in 'price' and 'volume' note that all columns in the partition by clause are passed through. Interval is 0 by default.",
  "input_tables": [
    {
      "requiredInputKind": [
        "PartitionByKey"
      ],
      "isOrdered": true,
      "partitionByOne": false,
      "isRequired": true,
      "description": "The table containing the input data.",
      "datatype": "TABLE_ALIAS",
      "allowsLists": false,
      "useInR": true
    }
  ],
  "argument_clauses": [
    {
      "checkDuplicate": true,
      "allowedTypeGroups": [
        "NUMERIC"
      ],
      "requiredLength": 1,
      "allowPadding": true,
      "name": "Price",
      "isRequired": false,
      "description": "The traded price column in the input table. Input columns must contain numeric SQL types.",
      "datatype": "COLUMNS",
      "allowsLists": false,
      "rName": "price",
      "useInR": true
    },
    {
      "checkDuplicate": true,
      "allowedTypeGroups": [
        "NUMERIC"
      ],
      "requiredLength": 1,
      "allowPadding": true,
      "name": "Volume",
      "isRequired": false,
      "description": "The column that holds the count of units traded in the transaction(s) recorded in a given row. Input columns must contain numeric SQL types.",
      "datatype": "COLUMNS",
      "allowsLists": false,
      "rName": "volume",
      "useInR": true
    },
    {
      "checkDuplicate": true,
      "allowedTypeGroups": [
        "TIME"
      ],
      "requiredLength": 1,
      "allowPadding": true,
      "name": "Dt",
      "isRequired": false,
      "description": "The column that records the date and time of the trade.",
      "datatype": "COLUMNS",
      "allowsLists": false,
      "rName": "dt",
      "useInR": true
    },
    {
      "defaultValue": 0,
      "lowerBound": 0,
      "lowerBoundType": "INCLUSIVE",
      "allowNaN": false,
      "name": "TimeInterval",
      "isRequired": false,
      "description": "The length of the time interval, expressed in seconds. The input value must be no less than 0. The default value is 0.",
      "datatype": "INTEGER",
      "allowsLists": false,
      "rName": "time.interval",
      "useInR": true
    }
  ]
}