{
  "json_schema_major_version": "1",
  "json_schema_minor_version": "1",
  "json_content_version": "1",
  "function_name": "xmlparser",
  "function_version": "1.7",
  "function_type": "non-driver",
  "short_description": "Implements the XMLParser SQL/MR function.",
  "long_description": "The output column number and name are depend on the input NODES/SIBLING/ANCESTOR parameters. The nodeid, and parent_node column is default output columns. User can indicate the name of the column by OUTPUTCOLUMN_NODEID/OUTPUTCOLUMN_PARENT_NODE_NAME parameters. The other output columns includes out_grandparent_node and names of its attributes, names of siblings and their attributes, names of childrens and their attributes, name of ancestor attributes. The format of the name of an attribute is ElementName:AttributeName.",
  "input_tables": [
    {
      "isOrdered": false,
      "partitionByOne": false,
      "isRequired": true,
      "description": "The input table that contains XML documents. ",
      "datatype": "TABLE_ALIAS",
      "allowsLists": false,
      "useInR": true
    }
  ],
  "argument_clauses": [
    {
      "checkDuplicate": true,
      "allowedTypes": [
        "bytea"
      ],
      "allowedTypeGroups": [
        "STRING"
      ],
      "requiredLength": 1,
      "allowPadding": true,
      "name": "TextColumn",
      "alternateNames": [
        "Text_Column"
      ],
      "isRequired": true,
      "description": "The input table column containing the input XML data.  Input columns must contain string SQL types. Input columns can be the following SQL types: bytea.",
      "datatype": "COLUMNS",
      "allowsLists": false,
      "rName": "text.column",
      "useInR": true
    },
    {
      "isOutputColumn": false,
      "allowPadding": true,
      "name": "Nodes",
      "isRequired": true,
      "description": "A list of the [grandparent/]parent/child node-pair strings from which the function extracts data. ",
      "datatype": "STRING",
      "allowsLists": true,
      "rName": "nodes",
      "useInR": true
    },
    {
      "isOutputColumn": false,
      "allowPadding": true,
      "name": "Sibling",
      "isRequired": false,
      "description": "A list of the sibling nodes and attributes of one of the parent nodes specified in the NODES argument. ",
      "datatype": "STRING",
      "allowsLists": true,
      "rName": "sibling",
      "useInR": true
    },
    {
      "defaultValue": ",",
      "isOutputColumn": false,
      "name": "Delimiter",
      "isRequired": false,
      "description": "The delimiter that separates multiple child node values in the output.  The default value is ,.",
      "datatype": "STRING",
      "allowsLists": false,
      "rName": "delimiter",
      "useInR": true
    },
    {
      "isOutputColumn": false,
      "name": "SiblingDelimiter",
      "alternateNames": [
        "Sibling_Delimiter"
      ],
      "isRequired": false,
      "description": "The delimiter that separates multiple sibling node values in the output. The default value is comma ','. ",
      "datatype": "STRING",
      "allowsLists": false,
      "rName": "sibling.delimiter",
      "useInR": true
    },
    {
      "defaultValue": 10,
      "lowerBound": 0,
      "lowerBoundType": "EXCLUSIVE",
      "allowNaN": false,
      "name": "MaxItemNum",
      "alternateNames": [
        "Max_Item_Number",
		"MaxItemNumber"
      ],
      "isRequired": false,
      "description": "The maximum number of children/sibling nodes with the same name to be returned. This should be a positive integer.  The input value must be greater than 0. The default value is 10.",
      "datatype": "INTEGER",
      "allowsLists": false,
      "rName": "max.item.num",
      "useInR": true
    },
    {
      "isOutputColumn": false,
      "allowPadding": true,
      "name": "Ancestor",
      "isRequired": false,
      "description": "One or more ancestor node paths for all the parent nodes specified in the NODES argument. The default value is the root of the XML document. ",
      "datatype": "STRING",
      "allowsLists": true,
      "rName": "ancestor",
      "useInR": true
    },
    {
      "defaultValue": "out_nodeid",
      "isOutputColumn": true,
      "name": "OutputColumnNodeId",
      "alternateNames": [
        "OutputColumn_NodeID"
      ],
      "isRequired": false,
      "description": "The output table column name that contains the ID of each node the XMLParser function has extracted.  The default value is out_nodeid.",
      "datatype": "STRING",
      "allowsLists": false,
      "rName": "output.column.node.id",
      "useInR": true
    },
    {
      "defaultValue": "out_parent_node",
      "isOutputColumn": true,
      "name": "OutputColumnParentNodeName",
      "alternateNames": [
        "OutputColumn_Parent_Node_Name"
      ],
      "isRequired": false,
      "description": "The output table column name to store the tag names of the extracted parent nodes.  The default value is out_parent_node.",
      "datatype": "STRING",
      "allowsLists": false,
      "rName": "output.column.parent.node.name",
      "useInR": true
    },
    {
      "isOutputColumn": true,
      "name": "OutputColumnGrandparentNodeName",
      "alternateNames": [
        "OutputColumn_Grandparent_Node_Name"
      ],
      "isRequired": false,
      "description": "The output table column name to store the tag names of the extracted grandparent nodes. The default value is 'out_grandparent_node'. ",
      "datatype": "STRING",
      "allowsLists": false,
      "rName": "output.column.grandparent.node.name",
      "useInR": true
    },
    {
      "defaultValue": "false",
      "isOutputColumn": false,
      "name": "ErrorHandler",
      "alternateNames": [
        "Error_Handler"
      ],
      "isRequired": false,
      "description": "Error handler for handling the errors that occur when parsing an XML document.  The default value is false.",
      "datatype": "STRING",
      "allowsLists": false,
      "rName": "error.handler",
      "useInR": true
    },
    {
      "checkDuplicate": true,
      "allowPadding": true,
      "name": "Accumulate",
      "isRequired": false,
      "description": "Columns from the input table to be passed through from input to output.",
      "datatype": "COLUMNS",
      "allowsLists": true,
      "rName": "accumulate",
      "useInR": true
    }
  ]
}