{
  "type": "CustomCode_AssociationAster",
  "neverRecomputeExistingPartitions": false,
  "optionalDependencies": false,
  "params": {
    "customConfig": {
      "category": "Association Analysis",
      "distribution_key": "tranid",
      "distribution": "fact",
      "function": {
        "orderByColumn": [
          ""
        ],
        "partitionAttributes": [
          "tranid"
        ],
        "unaliased_inputs": {
          "count": 1.0,
          "values": [
            "grocery_transaction"
          ],
          "desc": {}
        },
        "name": "BASKET_GENERATOR",
        "partitionInputKind": [
          "PartitionByKey"
        ],
        "hasInputTable": true,
        "asterarguments": [
          {
            "name": "schema",
            "value": "",
            "label": "Schema"
          },
          {
            "name": "outputType",
            "value": "",
            "label": "Output Table Type"
          },
          {
            "name": "hashKey",
            "value": "",
            "label": "Hash Key Column"
          }
        ],
        "required_input": [],
        "isOrdered": false,
        "arguments": [
          {
            "datatype": "COLUMNS",
            "isRequired": true,
            "allowsLists": true,
            "name": "BASKET_ITEM",
            "value": [
              "item"
            ],
            "i": 0.0
          },
          {
            "datatype": "INTEGER",
            "isRequired": false,
            "allowsLists": false,
            "name": "BASKET_SIZE",
            "value": "2",
            "i": 1.0
          },
          {
            "datatype": "COLUMNS",
            "isRequired": false,
            "allowsLists": true,
            "name": "ACCUMULATE",
            "value": [
              "tranid"
            ],
            "i": 2.0
          },
          {
            "datatype": "INTEGER",
            "isRequired": false,
            "allowsLists": false,
            "name": "ITEM_SET_MAX",
            "value": "",
            "i": 3.0
          },
          {
            "datatype": "BOOLEAN",
            "isRequired": false,
            "allowsLists": false,
            "name": "COMBINATIONS",
            "value": true,
            "i": 4.0
          }
        ],
        "function_version": "1.3"
      }
    }
  },
  "customMeta": {
    "kv": {}
  },
  "redispatchPartitioning": false,
  "maxRunningActivities": 0,
  "inputs": {
    "main": {
      "items": [
        {
          "ref": "grocery_transaction",
          "deps": []
        }
      ]
    }
  },
  "outputs": {
    "main": {
      "items": [
        {
          "ref": "basketgenerator_output",
          "appendMode": false
        }
      ]
    }
  },
  "versionTag": {
    "versionNumber": 3,
    "lastModifiedBy": {
      "login": "kc186029"
    },
    "lastModifiedOn": 1517476202329
  },
  "creationTag": {
    "versionNumber": 0,
    "lastModifiedBy": {
      "login": "dt186022"
    },
    "lastModifiedOn": 1495698256533
  },
  "tags": [],
  "checklists": {
    "checklists": []
  }
}