{
  "type": "CustomCode_AssociationAster",
  "neverRecomputeExistingPartitions": false,
  "optionalDependencies": false,
  "params": {
    "customConfig": {
      "category": "Association Analysis",
      "function": {
        "isOrdered": false,
        "asterarguments": "",
        "isQueryMode": false,
        "unaliased_inputs": {
          "count": 0.0,
          "values": [],
          "desc": {}
        },
        "required_input": [],
        "name": "FPGROWTH",
        "partitionInputKind": [],
        "orderByColumn": [
          ""
        ],
        "partitionAttributes": [
          ""
        ],
        "arguments": [
          {
            "datatype": "TABLE_NAME",
            "isRequired": true,
            "allowsLists": false,
            "name": "INPUTTABLE",
            "value": "sales_transaction",
            "i": 6.0
          },
          {
            "allowsLists": false,
            "name": "OUTPUTPATTERNTABLE",
            "datatype": "TABLE_NAME",
            "value": "dss.fpgrowth_out_pattern",
            "isRequired": false,
            "isOutputTable": true,
            "i": 7.0
          },
          {
            "allowsLists": false,
            "name": "OUTPUTRULETABLE",
            "datatype": "TABLE_NAME",
            "value": "dss.fpgrowth_out_rule",
            "isRequired": false,
            "isOutputTable": true,
            "i": 8.0
          },
          {
            "datatype": "DRIVER",
            "isRequired": false,
            "allowsLists": false,
            "name": "DOMAIN",
            "value": "",
            "i": 0.0
          },
          {
            "datatype": "DRIVER",
            "isRequired": false,
            "allowsLists": false,
            "name": "DATABASE",
            "value": "",
            "i": 1.0
          },
          {
            "datatype": "DRIVER",
            "isRequired": false,
            "allowsLists": false,
            "name": "USERID",
            "value": "",
            "i": 2.0
          },
          {
            "datatype": "DRIVER",
            "isRequired": false,
            "allowsLists": false,
            "name": "PASSWORD",
            "value": "",
            "i": 3.0
          },
          {
            "datatype": "DRIVER",
            "isRequired": false,
            "allowsLists": false,
            "name": "SSLSETTINGS",
            "value": "",
            "i": 4.0
          },
          {
            "datatype": "DRIVER",
            "isRequired": false,
            "allowsLists": false,
            "name": "SSLTRUSTSTOREPASSWORD",
            "value": "",
            "i": 5.0
          },
          {
            "allowsLists": true,
            "name": "TRANITEMCOLUMNS",
            "datatype": "COLUMN_NAMES",
            "targetTable": "InputTable",
            "value": [
              "product"
            ],
            "isRequired": true,
            "i": 9.0
          },
          {
            "allowsLists": true,
            "name": "TRANIDCOLUMNS",
            "datatype": "COLUMN_NAMES",
            "targetTable": "InputTable",
            "value": [
              "orderid"
            ],
            "isRequired": true,
            "i": 10.0
          },
          {
            "datatype": "STRING",
            "isRequired": false,
            "allowsLists": false,
            "name": "PATTERNSORRULES",
            "value": "both",
            "i": 11.0
          },
          {
            "allowsLists": true,
            "name": "GROUPBYCOLUMNS",
            "datatype": "COLUMN_NAMES",
            "targetTable": "InputTable",
            "value": [
              "region"
            ],
            "isRequired": false,
            "i": 12.0
          },
          {
            "datatype": "BOOLEAN",
            "isRequired": false,
            "allowsLists": false,
            "name": "DROPTABLE",
            "value": false,
            "i": 13.0
          },
          {
            "datatype": "STRING",
            "isRequired": false,
            "allowsLists": false,
            "name": "COMPRESS",
            "value": "nocompress",
            "i": 14.0
          },
          {
            "datatype": "INTEGER",
            "isRequired": false,
            "allowsLists": false,
            "name": "GROUPSIZE",
            "value": 4.0,
            "i": 15.0
          },
          {
            "datatype": "DOUBLE",
            "isRequired": false,
            "allowsLists": false,
            "name": "MINSUPPORT",
            "value": "0.01",
            "i": 16.0
          },
          {
            "datatype": "DOUBLE",
            "isRequired": false,
            "allowsLists": false,
            "name": "MINCONFIDENCE",
            "value": "0.0",
            "i": 17.0
          },
          {
            "datatype": "STRING",
            "isRequired": false,
            "allowsLists": false,
            "name": "MAXPATTERNLENGTH",
            "value": "4",
            "i": 18.0
          },
          {
            "datatype": "STRING",
            "isRequired": false,
            "allowsLists": false,
            "name": "ANTECEDENTCOUNTRANGE",
            "value": "1-INFINITE",
            "i": 19.0
          },
          {
            "datatype": "STRING",
            "isRequired": false,
            "allowsLists": false,
            "name": "CONSEQUENCECOUNTRANGE",
            "value": "1-1",
            "i": 20.0
          },
          {
            "datatype": "STRING",
            "isRequired": false,
            "allowsLists": false,
            "name": "DELIMITER",
            "value": ",",
            "i": 21.0
          },
          {
            "datatype": "STRING",
            "isRequired": false,
            "allowsLists": false,
            "name": "PATTERNDISTRIBUTIONKEYCOLUMN",
            "value": "",
            "i": 22.0
          },
          {
            "datatype": "STRING",
            "isRequired": false,
            "allowsLists": false,
            "name": "RULEDISTRIBUTIONKEYCOLUMN",
            "value": "",
            "i": 23.0
          }
        ],
        "queries": [],
        "hasInputTable": false,
        "function_version": "1.1",
        "dropIfExists": true
      }
    }
  },
  "customMeta": {
    "kv": {}
  },
  "redispatchPartitioning": false,
  "maxRunningActivities": 0,
  "inputs": {
    "main": {
      "items": [
        {
          "ref": "sales_transaction",
          "deps": []
        }
      ]
    }
  },
  "outputs": {
    "main": {
      "items": [
        {
          "ref": "fpgrowth_output",
          "appendMode": false
        }
      ]
    }
  },
  "versionTag": {
    "versionNumber": 3,
    "lastModifiedBy": {
      "login": "kc186029"
    },
    "lastModifiedOn": 1517475380244
  },
  "creationTag": {
    "versionNumber": 0,
    "lastModifiedBy": {
      "login": "kc186029"
    },
    "lastModifiedOn": 1517474726503
  },
  "tags": [],
  "checklists": {
    "checklists": []
  }
}