{
  "type": "CustomCode_EnsembleAster",
  "neverRecomputeExistingPartitions": false,
  "optionalDependencies": false,
  "params": {
    "customConfig": {
      "category": "Ensemble",
      "distribution_key": "message",
      "distribution": "fact",
      "function": {
        "orderByColumn": [
          ""
        ],
        "partitionAttributes": [
          ""
        ],
        "unaliased_inputs": {
          "count": 0.0,
          "values": [],
          "desc": {}
        },
        "name": "FOREST_DRIVE",
        "partitionInputKind": [],
        "hasInputTable": false,
        "asterarguments": [
          {
            "name": "schema",
            "value": "",
            "label": "Schema"
          },
          {
            "name": "outputType",
            "value": "",
            "label": "Output Table Type"
          },
          {
            "name": "hashKey",
            "value": "",
            "label": "Hash Key Column"
          }
        ],
        "required_input": [],
        "isOrdered": false,
        "arguments": [
          {
            "datatype": "TABLE_NAME",
            "isRequired": true,
            "allowsLists": false,
            "name": "INPUTTABLE",
            "value": "housing_table",
            "i": 0.0
          },
          {
            "allowsLists": false,
            "name": "OUTPUTTABLE",
            "datatype": "TABLE_NAME",
            "value": "dss.rft_model",
            "isRequired": true,
            "isOutputTable": true,
            "i": 1.0
          },
          {
            "allowsLists": false,
            "name": "MONITORTABLE",
            "datatype": "TABLE_NAME",
            "value": "",
            "isRequired": false,
            "isOutputTable": true,
            "i": 2.0
          },
          {
            "datatype": "DRIVER",
            "isRequired": false,
            "allowsLists": false,
            "name": "DOMAIN",
            "value": "",
            "i": 3.0
          },
          {
            "datatype": "DRIVER",
            "isRequired": false,
            "allowsLists": false,
            "name": "DATABASE",
            "value": "",
            "i": 4.0
          },
          {
            "datatype": "DRIVER",
            "isRequired": false,
            "allowsLists": false,
            "name": "USERID",
            "value": "",
            "i": 5.0
          },
          {
            "datatype": "DRIVER",
            "isRequired": false,
            "allowsLists": false,
            "name": "PASSWORD",
            "value": "",
            "i": 6.0
          },
          {
            "datatype": "DRIVER",
            "isRequired": false,
            "allowsLists": false,
            "name": "SSLSETTINGS",
            "value": "",
            "i": 7.0
          },
          {
            "datatype": "DRIVER",
            "isRequired": false,
            "allowsLists": false,
            "name": "SSLTRUSTSTOREPASSWORD",
            "value": "",
            "i": 8.0
          },
          {
            "datatype": "STRING",
            "isRequired": false,
            "allowsLists": false,
            "name": "RESPONSE",
            "value": "homestyle",
            "i": 9.0
          },
          {
            "datatype": "STRING",
            "isRequired": false,
            "allowsLists": true,
            "name": "NUMERICINPUTS",
            "value": "price\u0000lotsize\u0000bedrooms\u0000bathrms\u0000stories\u0000garagepl",
            "i": 10.0
          },
          {
            "datatype": "STRING",
            "isRequired": false,
            "allowsLists": true,
            "name": "CATEGORICALINPUTS",
            "value": "driveway\u0000recroom\u0000fullbase\u0000gashw\u0000airco\u0000prefarea",
            "i": 11.0
          },
          {
            "datatype": "STRING",
            "isRequired": false,
            "allowsLists": false,
            "name": "TREETYPE",
            "value": "classification",
            "i": 12.0
          },
          {
            "datatype": "INTEGER",
            "isRequired": false,
            "allowsLists": false,
            "name": "NUMTREES",
            "value": "50",
            "i": 13.0
          },
          {
            "datatype": "INTEGER",
            "isRequired": false,
            "allowsLists": false,
            "name": "TREESIZE",
            "value": "",
            "i": 14.0
          },
          {
            "datatype": "INTEGER",
            "isRequired": false,
            "allowsLists": false,
            "name": "MINNODESIZE",
            "value": "1",
            "i": 15.0
          },
          {
            "datatype": "DOUBLE",
            "isRequired": false,
            "allowsLists": false,
            "name": "VARIANCE",
            "value": "0.0",
            "i": 16.0
          },
          {
            "datatype": "INTEGER",
            "isRequired": false,
            "allowsLists": false,
            "name": "MAXDEPTH",
            "value": "12",
            "i": 17.0
          },
          {
            "datatype": "INTEGER",
            "isRequired": false,
            "allowsLists": false,
            "name": "NUMSURROGATES",
            "value": "0",
            "i": 18.0
          },
          {
            "datatype": "INTEGER",
            "isRequired": false,
            "allowsLists": false,
            "name": "MAXNUMCATEGORICALVALUES",
            "value": "",
            "i": 19.0
          },
          {
            "datatype": "BOOLEAN",
            "isRequired": false,
            "allowsLists": false,
            "name": "DROPMONITORTABLE",
            "value": true,
            "i": 20.0
          }
        ],
        "dropIfExists": true,
        "function_version": "1.5"
      }
    }
  },
  "customMeta": {
    "kv": {}
  },
  "redispatchPartitioning": false,
  "maxRunningActivities": 0,
  "inputs": {
    "main": {
      "items": [
        {
          "ref": "housing_table",
          "deps": []
        }
      ]
    }
  },
  "outputs": {
    "main": {
      "items": [
        {
          "ref": "dss_forestdrive",
          "appendMode": false
        }
      ]
    }
  },
  "versionTag": {
    "versionNumber": 3,
    "lastModifiedBy": {
      "login": "dt186022"
    },
    "lastModifiedOn": 1517580361373
  },
  "creationTag": {
    "versionNumber": 0,
    "lastModifiedBy": {
      "login": "dt186022"
    },
    "lastModifiedOn": 1496196502428
  },
  "tags": [],
  "checklists": {
    "checklists": []
  }
}