{
  "type": "CustomCode_EnsembleAster",
  "neverRecomputeExistingPartitions": false,
  "optionalDependencies": false,
  "params": {
    "customConfig": {
      "category": "Ensemble",
      "distribution_key": "pid",
      "distribution": "fact",
      "function": {
        "isOrdered": false,
        "asterarguments": "",
        "isQueryMode": false,
        "unaliased_inputs": {
          "count": 0.0,
          "values": [],
          "desc": {}
        },
        "required_input": [
          {
            "isOrdered": false,
            "name": "attribute_table",
            "inputKindChoices": [
              "PartitionByKey"
            ],
            "kind": "PartitionByKey",
            "value": "iris_attribute_test",
            "orderByColumn": [
              ""
            ],
            "isRequired": true,
            "partitionAttributes": [
              "pid"
            ]
          },
          {
            "isOrdered": false,
            "name": "model_table",
            "inputKindChoices": [
              "Dimension"
            ],
            "kind": "Dimension",
            "value": "iris_attribute_output",
            "orderByColumn": [
              ""
            ],
            "isRequired": true,
            "partitionAttributes": [
              ""
            ]
          }
        ],
        "name": "SINGLE_TREE_PREDICT",
        "partitionInputKind": [],
        "orderByColumn": [
          ""
        ],
        "partitionAttributes": [
          ""
        ],
        "arguments": [
          {
            "allowsLists": true,
            "name": "ATTRTABLE_GROUPBYCOLUMNS",
            "datatype": "COLUMNS",
            "targetTable": "attribute_table",
            "value": [
              "attribute"
            ],
            "isRequired": true,
            "i": 0.0
          },
          {
            "allowsLists": true,
            "name": "ATTRTABLE_PIDCOLUMNS",
            "datatype": "COLUMNS",
            "targetTable": "attribute_table",
            "value": [
              "pid"
            ],
            "isRequired": true,
            "i": 1.0
          },
          {
            "allowsLists": false,
            "name": "ATTRTABLE_VALCOLUMN",
            "datatype": "COLUMNS",
            "targetTable": "attribute_table",
            "value": "attrvalue",
            "isRequired": true,
            "i": 2.0
          },
          {
            "allowsLists": false,
            "name": "MODELTABLE_ATTRCOLUMNS",
            "datatype": "COLUMNS",
            "targetTable": "model_table",
            "value": "attribute",
            "isRequired": true,
            "i": 3.0
          },
          {
            "allowsLists": false,
            "name": "MODELTABLE_NODECOLUMN",
            "datatype": "COLUMNS",
            "targetTable": "model_table",
            "value": "node_id",
            "isRequired": true,
            "i": 4.0
          },
          {
            "allowsLists": false,
            "name": "MODELTABLE_SIZECOLUMN",
            "datatype": "COLUMNS",
            "targetTable": "model_table",
            "value": "node_size",
            "isRequired": true,
            "i": 5.0
          },
          {
            "allowsLists": false,
            "name": "MODELTABLE_LEFTSIZECOLUMN",
            "datatype": "COLUMNS",
            "targetTable": "model_table",
            "value": "left_size",
            "isRequired": true,
            "i": 6.0
          },
          {
            "allowsLists": false,
            "name": "MODELTABLE_RIGHTSIZECOLUMN",
            "datatype": "COLUMNS",
            "targetTable": "model_table",
            "value": "right_size",
            "isRequired": true,
            "i": 7.0
          },
          {
            "allowsLists": false,
            "name": "MODELTABLE_SPLITCOLUMN",
            "datatype": "COLUMNS",
            "targetTable": "model_table",
            "value": "split_value",
            "isRequired": true,
            "i": 8.0
          },
          {
            "allowsLists": false,
            "name": "MODELTABLE_LABELCOLUMN",
            "datatype": "COLUMNS",
            "targetTable": "model_table",
            "value": "node_label",
            "isRequired": true,
            "i": 9.0
          },
          {
            "allowsLists": false,
            "name": "MODELTABLE_LEFTLABELCOLUMN",
            "datatype": "COLUMNS",
            "targetTable": "model_table",
            "value": "left_label",
            "isRequired": true,
            "i": 10.0
          },
          {
            "allowsLists": false,
            "name": "MODELTABLE_RIGHTLABELCOLUMN",
            "datatype": "COLUMNS",
            "targetTable": "model_table",
            "value": "right_label",
            "isRequired": true,
            "i": 11.0
          }
        ],
        "queries": [],
        "hasInputTable": true,
        "function_version": "1.2"
      }
    }
  },
  "customMeta": {
    "kv": {}
  },
  "redispatchPartitioning": false,
  "maxRunningActivities": 0,
  "inputs": {
    "main": {
      "items": [
        {
          "ref": "iris_attribute_test",
          "deps": []
        },
        {
          "ref": "iris_attribute_output",
          "deps": []
        }
      ]
    }
  },
  "outputs": {
    "main": {
      "items": [
        {
          "ref": "dss_singletreepredict",
          "appendMode": false
        }
      ]
    }
  },
  "versionTag": {
    "versionNumber": 3,
    "lastModifiedBy": {
      "login": "dt186022"
    },
    "lastModifiedOn": 1517579875036
  },
  "creationTag": {
    "versionNumber": 0,
    "lastModifiedBy": {
      "login": "dt186022"
    },
    "lastModifiedOn": 1496199250972
  },
  "tags": [],
  "checklists": {
    "checklists": []
  }
}