{
  "type": "CustomCode_EnsembleAster",
  "neverRecomputeExistingPartitions": false,
  "optionalDependencies": false,
  "params": {
    "customConfig": {
      "category": "Ensemble",
      "distribution_key": "sn",
      "distribution": "fact",
      "function": {
        "orderByColumn": [
          ""
        ],
        "partitionAttributes": [
          ""
        ],
        "unaliased_inputs": {
          "count": 1.0,
          "values": [
            "housing_test"
          ],
          "desc": {}
        },
        "name": "FOREST_PREDICT",
        "partitionInputKind": [
          "PartitionByAny"
        ],
        "hasInputTable": true,
        "asterarguments": [
          {
            "name": "schema",
            "value": "",
            "label": "Schema"
          },
          {
            "name": "outputType",
            "value": "",
            "label": "Output Table Type"
          },
          {
            "name": "hashKey",
            "value": "",
            "label": "Hash Key Column"
          }
        ],
        "required_input": [
          {
            "kind": "Dimension",
            "name": "ModelTable",
            "isOrdered": false,
            "value": "",
            "orderByColumn": "",
            "isRequired": false,
            "partitionAttributes": []
          }
        ],
        "isOrdered": false,
        "arguments": [
          {
            "datatype": "TABLE_NAME",
            "isRequired": false,
            "allowsLists": false,
            "name": "FOREST",
            "value": "rft_model",
            "i": 0.0
          },
          {
            "datatype": "STRING",
            "isRequired": false,
            "allowsLists": false,
            "name": "MODELFILE",
            "value": "",
            "i": 1.0
          },
          {
            "datatype": "STRING",
            "isRequired": true,
            "allowsLists": false,
            "name": "IDCOL",
            "value": "sn",
            "i": 2.0
          },
          {
            "datatype": "STRING",
            "isRequired": false,
            "allowsLists": true,
            "name": "NUMERICINPUTS",
            "value": "price\u0000lotsize\u0000bedrooms\u0000bathrms\u0000stories\u0000garagepl",
            "i": 3.0
          },
          {
            "datatype": "STRING",
            "isRequired": false,
            "allowsLists": true,
            "name": "CATEGORICALINPUTS",
            "value": "driveway\u0000recroom\u0000fullbase\u0000gashw\u0000airco\u0000prefarea",
            "i": 4.0
          },
          {
            "datatype": "BOOLEAN",
            "isRequired": false,
            "allowsLists": false,
            "name": "DETAILED",
            "value": "",
            "i": 5.0
          }
        ],
        "function_version": "1.5"
      }
    }
  },
  "customMeta": {
    "kv": {}
  },
  "redispatchPartitioning": false,
  "maxRunningActivities": 0,
  "inputs": {
    "main": {
      "items": [
        {
          "ref": "rft_model",
          "deps": []
        },
        {
          "ref": "housing_test",
          "deps": []
        }
      ]
    }
  },
  "outputs": {
    "main": {
      "items": [
        {
          "ref": "dss_forestpredict",
          "appendMode": false
        }
      ]
    }
  },
  "versionTag": {
    "versionNumber": 5,
    "lastModifiedBy": {
      "login": "dt186022"
    },
    "lastModifiedOn": 1517580715717
  },
  "creationTag": {
    "versionNumber": 0,
    "lastModifiedBy": {
      "login": "dt186022"
    },
    "lastModifiedOn": 1495374328613
  },
  "tags": [],
  "checklists": {
    "checklists": []
  }
}