{
  "type": "CustomCode_EnsembleAster",
  "neverRecomputeExistingPartitions": false,
  "optionalDependencies": false,
  "params": {
    "customConfig": {
      "category": "Ensemble",
      "distribution_key": "message",
      "distribution": "fact",
      "function": {
        "orderByColumn": [
          ""
        ],
        "partitionAttributes": [
          ""
        ],
        "unaliased_inputs": {
          "count": 0.0,
          "values": [],
          "desc": {}
        },
        "name": "SINGLE_TREE_DRIVE",
        "partitionInputKind": [],
        "hasInputTable": false,
        "asterarguments": [
          {
            "name": "schema",
            "value": "",
            "label": "Schema"
          },
          {
            "name": "outputType",
            "value": "",
            "label": "Output Table Type"
          },
          {
            "name": "hashKey",
            "value": "",
            "label": "Hash Key Column"
          }
        ],
        "required_input": [],
        "isOrdered": false,
        "arguments": [
          {
            "datatype": "TABLE_NAME",
            "isRequired": true,
            "allowsLists": false,
            "name": "ATTRIBUTETABLENAME",
            "value": "iris_attribute_train",
            "i": 0.0
          },
          {
            "datatype": "TABLE_NAME",
            "isRequired": false,
            "allowsLists": false,
            "name": "CATEGORICALATTRIBUTETABLENAME",
            "value": "",
            "i": 1.0
          },
          {
            "datatype": "TABLE_NAME",
            "isRequired": true,
            "allowsLists": false,
            "name": "RESPONSETABLENAME",
            "value": "iris_response_train",
            "i": 2.0
          },
          {
            "allowsLists": false,
            "name": "OUTPUTTABLENAME",
            "datatype": "TABLE_NAME",
            "value": "dss.iris_attribute_output",
            "isRequired": true,
            "isOutputTable": true,
            "i": 3.0
          },
          {
            "datatype": "TABLE_NAME",
            "isRequired": false,
            "allowsLists": false,
            "name": "SPLITSTABLENAME",
            "value": "",
            "i": 4.0
          },
          {
            "allowsLists": false,
            "name": "MATERIALIZESPLITSTABLEWITHNAME",
            "datatype": "TABLE_NAME",
            "value": "dss.splits_small",
            "isRequired": false,
            "isOutputTable": true,
            "i": 5.0
          },
          {
            "allowsLists": false,
            "name": "SAVEFINALRESPONSETABLETO",
            "datatype": "TABLE_NAME",
            "value": "",
            "isRequired": false,
            "isOutputTable": true,
            "i": 6.0
          },
          {
            "datatype": "DRIVER",
            "isRequired": false,
            "allowsLists": false,
            "name": "DOMAIN",
            "value": "",
            "i": 7.0
          },
          {
            "datatype": "DRIVER",
            "isRequired": false,
            "allowsLists": false,
            "name": "DATABASE",
            "value": "",
            "i": 8.0
          },
          {
            "datatype": "DRIVER",
            "isRequired": false,
            "allowsLists": false,
            "name": "USERID",
            "value": "",
            "i": 9.0
          },
          {
            "datatype": "DRIVER",
            "isRequired": false,
            "allowsLists": false,
            "name": "PASSWORD",
            "value": "",
            "i": 10.0
          },
          {
            "datatype": "DRIVER",
            "isRequired": false,
            "allowsLists": false,
            "name": "SSLSETTINGS",
            "value": "",
            "i": 11.0
          },
          {
            "datatype": "DRIVER",
            "isRequired": false,
            "allowsLists": false,
            "name": "SSLTRUSTSTOREPASSWORD",
            "value": "",
            "i": 12.0
          },
          {
            "allowsLists": true,
            "name": "SPLITSVALUECOLUMN",
            "datatype": "COLUMN_NAMES",
            "targetTable": "SplitsTable",
            "value": "",
            "isRequired": false,
            "i": 13.0
          },
          {
            "datatype": "INTEGER",
            "isRequired": false,
            "allowsLists": false,
            "name": "NUMSPLITS",
            "value": "3",
            "i": 14.0
          },
          {
            "datatype": "BOOLEAN",
            "isRequired": false,
            "allowsLists": false,
            "name": "USEAPPROXIMATESPLITS",
            "value": true,
            "i": 15.0
          },
          {
            "datatype": "BOOLEAN",
            "isRequired": false,
            "allowsLists": false,
            "name": "DROPTABLE",
            "value": "",
            "i": 16.0
          },
          {
            "datatype": "INTEGER",
            "isRequired": false,
            "allowsLists": false,
            "name": "MINNODESIZE",
            "value": "10",
            "i": 17.0
          },
          {
            "datatype": "INTEGER",
            "isRequired": false,
            "allowsLists": false,
            "name": "MAX_DEPTH",
            "value": "10",
            "i": 18.0
          },
          {
            "datatype": "STRING",
            "isRequired": false,
            "allowsLists": false,
            "name": "IMPURITYMEASUREMENT",
            "value": "gini",
            "i": 19.0
          },
          {
            "datatype": "STRING",
            "isRequired": true,
            "allowsLists": true,
            "name": "ATTRIBUTENAMECOLUMNS",
            "value": "attribute",
            "i": 20.0
          },
          {
            "allowsLists": true,
            "name": "ATTRIBUTEVALUECOLUMN",
            "datatype": "COLUMN_NAMES",
            "targetTable": "AttributeTableName",
            "value": [
              "attrvalue"
            ],
            "isRequired": true,
            "i": 21.0
          },
          {
            "allowsLists": true,
            "name": "RESPONSECOLUMN",
            "datatype": "COLUMN_NAMES",
            "targetTable": "ResponseTableName",
            "value": [
              "response"
            ],
            "isRequired": true,
            "i": 22.0
          },
          {
            "datatype": "STRING",
            "isRequired": true,
            "allowsLists": true,
            "name": "IDCOLUMNS",
            "value": "pid",
            "i": 23.0
          },
          {
            "datatype": "BOOLEAN",
            "isRequired": false,
            "allowsLists": false,
            "name": "WEIGHTED",
            "value": "",
            "i": 24.0
          },
          {
            "allowsLists": true,
            "name": "WEIGHTCOLUMN",
            "datatype": "COLUMN_NAMES",
            "targetTable": "ResponseTableName",
            "value": "",
            "isRequired": false,
            "i": 25.0
          }
        ],
        "dropIfExists": true,
        "function_version": "1.3"
      }
    }
  },
  "customMeta": {
    "kv": {}
  },
  "redispatchPartitioning": false,
  "maxRunningActivities": 0,
  "inputs": {
    "main": {
      "items": [
        {
          "ref": "iris_attribute_train",
          "deps": []
        },
        {
          "ref": "iris_response_train",
          "deps": []
        }
      ]
    }
  },
  "outputs": {
    "main": {
      "items": [
        {
          "ref": "dss_singletreedrive",
          "appendMode": false
        }
      ]
    }
  },
  "versionTag": {
    "versionNumber": 28,
    "lastModifiedBy": {
      "login": "dt186022"
    },
    "lastModifiedOn": 1517580003274
  },
  "creationTag": {
    "versionNumber": 0,
    "lastModifiedBy": {
      "login": "dt186022"
    },
    "lastModifiedOn": 1495419190188
  },
  "tags": [],
  "checklists": {
    "checklists": []
  }
}