{
  "type": "CustomCode_NaiveBayesAster_7",
  "neverRecomputeExistingPartitions": false,
  "optionalDependencies": false,
  "params": {
    "customConfig": {
      "category": "Naive Bayes",
      "aafschema": "schema_pilaa700",
      "distribution": "dimension",
      "function": {
        "isOrdered": false,
        "asterarguments": "",
        "isQueryMode": false,
        "unaliased_inputs": {
          "count": 0.0,
          "values": [],
          "desc": {}
        },
        "required_input": [
          {
            "isOrdered": false,
            "name": "input",
            "inputKindChoices": [
              "PartitionByAny"
            ],
            "kind": "PartitionByAny",
            "value": "nb_iris_input_train",
            "orderByColumn": [
              ""
            ],
            "isRequired": true,
            "partitionAttributes": [
              ""
            ]
          }
        ],
        "name": "NAIVEBAYESMAP",
        "partitionInputKind": [],
        "orderByColumn": [],
        "partitionAttributes": [],
        "arguments": [
          {
            "allowsLists": false,
            "name": "RESPONSE",
            "datatype": "COLUMNS",
            "targetTable": [
              "input"
            ],
            "value": "species",
            "isRequired": true,
            "i": 0.0
          },
          {
            "allowsLists": true,
            "name": "CATEGORICALINPUTS",
            "datatype": "COLUMNS",
            "targetTable": [
              "input"
            ],
            "value": "",
            "isRequired": false,
            "i": 1.0
          },
          {
            "allowsLists": true,
            "name": "NUMERICINPUTS",
            "datatype": "COLUMNS",
            "targetTable": [
              "input"
            ],
            "value": [
              "sepal_length",
              "sepal_width",
              "petal_length",
              "petal_width"
            ],
            "isRequired": false,
            "i": 2.0
          }
        ],
        "queries": [],
        "hasInputTable": true,
        "function_version": "1.4"
      }
    }
  },
  "customMeta": {
    "kv": {}
  },
  "redispatchPartitioning": false,
  "maxRunningActivities": 0,
  "inputs": {
    "main": {
      "items": [
        {
          "ref": "nb_iris_input_train",
          "deps": []
        }
      ]
    }
  },
  "outputs": {
    "main": {
      "items": [
        {
          "ref": "dss_700_naivebayesmap_out",
          "appendMode": false
        }
      ]
    }
  },
  "versionTag": {
    "versionNumber": 1,
    "lastModifiedBy": {
      "login": "kc186029"
    },
    "lastModifiedOn": 1516955903910
  },
  "creationTag": {
    "versionNumber": 0,
    "lastModifiedBy": {
      "login": "kc186029"
    },
    "lastModifiedOn": 1516955842507
  },
  "tags": [],
  "checklists": {
    "checklists": []
  }
}