{
  "type": "CustomCode_NaiveBayesAster_7",
  "neverRecomputeExistingPartitions": false,
  "optionalDependencies": false,
  "params": {
    "customConfig": {
      "category": "Naive Bayes",
      "distribution_key": "id",
      "aafschema": "schema_pilaa700",
      "distribution": "fact",
      "function": {
        "isOrdered": false,
        "asterarguments": "",
        "isQueryMode": false,
        "unaliased_inputs": {
          "count": 0.0,
          "values": [],
          "desc": {}
        },
        "required_input": [
          {
            "isOrdered": false,
            "name": "input",
            "inputKindChoices": [
              "PartitionByAny"
            ],
            "kind": "PartitionByAny",
            "value": "nb_iris_input_test",
            "orderByColumn": [
              ""
            ],
            "isRequired": true,
            "partitionAttributes": [
              ""
            ]
          },
          {
            "isOrdered": false,
            "name": "model",
            "inputKindChoices": [
              "Dimension"
            ],
            "kind": "Dimension",
            "value": "dss_700_naivebayesreduce_out",
            "orderByColumn": "",
            "isRequired": false,
            "partitionAttributes": ""
          }
        ],
        "name": "NAIVEBAYESPREDICT",
        "partitionInputKind": [],
        "orderByColumn": [],
        "partitionAttributes": [],
        "arguments": [
          {
            "datatype": "TABLE_NAME",
            "isRequired": false,
            "allowsLists": false,
            "name": "MODEL",
            "value": "",
            "i": 0.0
          },
          {
            "allowsLists": false,
            "name": "DOMAIN",
            "datatype": "DRIVER",
            "value": "",
            "isRequired": false,
            "permittedValues": [],
            "i": 1.0
          },
          {
            "allowsLists": false,
            "name": "DATABASE",
            "datatype": "DRIVER",
            "value": "",
            "isRequired": false,
            "permittedValues": [],
            "i": 2.0
          },
          {
            "allowsLists": false,
            "name": "USERID",
            "datatype": "DRIVER",
            "value": "",
            "isRequired": false,
            "permittedValues": [],
            "i": 3.0
          },
          {
            "allowsLists": false,
            "name": "PASSWORD",
            "datatype": "DRIVER",
            "value": "",
            "isRequired": false,
            "permittedValues": [],
            "i": 4.0
          },
          {
            "allowsLists": false,
            "name": "SSLSETTINGS",
            "datatype": "DRIVER",
            "value": "",
            "isRequired": false,
            "permittedValues": [],
            "i": 5.0
          },
          {
            "allowsLists": false,
            "name": "SSLTRUSTSTOREPASSWORD",
            "datatype": "DRIVER",
            "value": "",
            "isRequired": false,
            "permittedValues": [],
            "i": 6.0
          },
          {
            "allowsLists": false,
            "name": "IDCOL",
            "datatype": "COLUMNS",
            "targetTable": [
              "input"
            ],
            "value": "id",
            "isRequired": true,
            "i": 7.0
          },
          {
            "allowsLists": true,
            "name": "CATEGORICALINPUTS",
            "datatype": "COLUMNS",
            "targetTable": [
              "input"
            ],
            "value": "",
            "isRequired": false,
            "i": 8.0
          },
          {
            "allowsLists": true,
            "name": "NUMERICINPUTS",
            "datatype": "COLUMNS",
            "targetTable": [
              "input"
            ],
            "value": [
              "sepal_length",
              "sepal_width",
              "petal_length",
              "petal_width"
            ],
            "isRequired": false,
            "i": 9.0
          },
          {
            "allowsLists": true,
            "name": "RESPONSES",
            "datatype": "STRING",
            "value": "virginica\u0000setosa\u0000versicolor",
            "isRequired": false,
            "permittedValues": [],
            "i": 10.0
          }
        ],
        "queries": [],
        "hasInputTable": true,
        "function_version": "1.5"
      }
    }
  },
  "customMeta": {
    "kv": {}
  },
  "redispatchPartitioning": false,
  "maxRunningActivities": 0,
  "inputs": {
    "main": {
      "items": [
        {
          "ref": "dss_700_naivebayesreduce_out",
          "deps": []
        },
        {
          "ref": "nb_iris_input_test",
          "deps": []
        }
      ]
    }
  },
  "outputs": {
    "main": {
      "items": [
        {
          "ref": "dss_700_naivebayespredict_out",
          "appendMode": false
        }
      ]
    }
  },
  "versionTag": {
    "versionNumber": 7,
    "lastModifiedBy": {
      "login": "kc186029"
    },
    "lastModifiedOn": 1516957492721
  },
  "creationTag": {
    "versionNumber": 0,
    "lastModifiedBy": {
      "login": "kc186029"
    },
    "lastModifiedOn": 1516955700016
  },
  "tags": [],
  "checklists": {
    "checklists": []
  }
}