{
  "type": "CustomCode_NaiveBayesAster_7",
  "neverRecomputeExistingPartitions": false,
  "optionalDependencies": false,
  "params": {
    "customConfig": {
      "category": "Naive Bayes",
      "function": {
        "isOrdered": false,
        "asterarguments": "",
        "isQueryMode": false,
        "unaliased_inputs": {
          "count": 1.0,
          "values": [
            "nb_iris_input_train"
          ],
          "desc": {}
        },
        "cascaded_functions": [
          {
            "name": "NAIVEBAYESMAP",
            "arguments_clauses": [
              "CATEGORICALINPUTS",
              "NUMERICINPUTS",
              "RESPONSE"
            ]
          },
          {
            "partitionBy": {
              "isSetByUser": false,
              "key": "class"
            },
            "arguments_nonuserdefined": [],
            "name": "NAIVEBAYESREDUCE",
            "arguments_clauses": []
          }
        ],
        "required_input": [],
        "name": "NAIVEBAYESTRAIN",
        "partitionInputKind": [
          "PartitionByAny"
        ],
        "orderByColumn": [],
        "partitionAttributes": [],
        "arguments": [
          {
            "datatype": "COLUMNS",
            "isRequired": false,
            "allowsLists": true,
            "name": "CATEGORICALINPUTS",
            "value": "",
            "i": 0.0
          },
          {
            "datatype": "COLUMNS",
            "isRequired": false,
            "allowsLists": true,
            "name": "NUMERICINPUTS",
            "value": [
              "sepal_length",
              "sepal_width",
              "petal_length",
              "petal_width"
            ],
            "i": 1.0
          },
          {
            "datatype": "COLUMNS",
            "isRequired": true,
            "allowsLists": false,
            "name": "RESPONSE",
            "value": "species",
            "i": 2.0
          }
        ],
        "queries": [],
        "hasInputTable": true,
        "function_version": "1.0"
      }
    }
  },
  "customMeta": {
    "kv": {}
  },
  "redispatchPartitioning": false,
  "maxRunningActivities": 0,
  "inputs": {
    "main": {
      "items": [
        {
          "ref": "nb_iris_input_train",
          "deps": []
        }
      ]
    }
  },
  "outputs": {
    "main": {
      "items": [
        {
          "ref": "dss_700_naivebayestrain_out",
          "appendMode": false
        }
      ]
    }
  },
  "versionTag": {
    "versionNumber": 1,
    "lastModifiedBy": {
      "login": "kc186029"
    },
    "lastModifiedOn": 1516958103457
  },
  "creationTag": {
    "versionNumber": 0,
    "lastModifiedBy": {
      "login": "kc186029"
    },
    "lastModifiedOn": 1516958058430
  },
  "tags": [],
  "checklists": {
    "checklists": []
  }
}