Celine	John	0.315369261477046		
Celine	Carla	0.287425149700599		
Celine			Celine	0.173306772908367
Celine			Carla	0.135458167330677
Carla	John	0.304		
Carla	Winston	0.15		
Carla			Carla	0.13373253493014
Carla			Simon	0.029940119760479
John	Carla	0.272		
John	Winston	0.154		
Simon	John	0.315891472868217		
Simon	Carla	0.304263565891473		
Simon			Celine	0.183752417794971
Simon			Carla	0.131528046421663
Winston	John	0.298804780876494		
Winston	Carla	0.288844621513944		
Winston			Celine	0.166998011928429
Winston			Carla	0.121272365805169
