{
  "type": "CustomCode_AssociationAster_7",
  "neverRecomputeExistingPartitions": false,
  "optionalDependencies": false,
  "params": {
    "customConfig": {
      "category": "Association Analysis",
      "function": {
        "isOrdered": false,
        "asterarguments": "",
        "isQueryMode": false,
        "unaliased_inputs": {
          "count": 0.0,
          "values": [],
          "desc": {}
        },
        "required_input": [],
        "name": "CFILTER",
        "partitionInputKind": [],
        "orderByColumn": [],
        "partitionAttributes": [],
        "arguments": [
          {
            "datatype": "TABLE_NAME",
            "isRequired": true,
            "allowsLists": false,
            "name": "INPUTTABLE",
            "value": "sales_transaction",
            "i": 6.0
          },
          {
            "allowsLists": false,
            "name": "OUTPUTTABLE",
            "datatype": "TABLE_NAME",
            "value": "\"advaa_wrkspc1\".\"cfilter_out\"",
            "isRequired": true,
            "isOutputTable": true,
            "i": 7.0
          },
          {
            "allowsLists": false,
            "name": "DOMAIN",
            "datatype": "DRIVER",
            "value": "",
            "isRequired": false,
            "permittedValues": [],
            "i": 0.0
          },
          {
            "allowsLists": false,
            "name": "DATABASE",
            "datatype": "DRIVER",
            "value": "",
            "isRequired": false,
            "permittedValues": [],
            "i": 1.0
          },
          {
            "allowsLists": false,
            "name": "USERID",
            "datatype": "DRIVER",
            "value": "",
            "isRequired": false,
            "permittedValues": [],
            "i": 2.0
          },
          {
            "allowsLists": false,
            "name": "PASSWORD",
            "datatype": "DRIVER",
            "value": "",
            "isRequired": false,
            "permittedValues": [],
            "i": 3.0
          },
          {
            "allowsLists": false,
            "name": "SSLSETTINGS",
            "datatype": "DRIVER",
            "value": "",
            "isRequired": false,
            "permittedValues": [],
            "i": 4.0
          },
          {
            "allowsLists": false,
            "name": "SSLTRUSTSTOREPASSWORD",
            "datatype": "DRIVER",
            "value": "",
            "isRequired": false,
            "permittedValues": [],
            "i": 5.0
          },
          {
            "allowsLists": true,
            "name": "INPUTCOLUMNS",
            "datatype": "COLUMN_NAMES",
            "targetTable": [
              "InputTable"
            ],
            "value": [
              "product"
            ],
            "isRequired": true,
            "i": 8.0
          },
          {
            "allowsLists": true,
            "name": "JOINCOLUMNS",
            "datatype": "COLUMN_NAMES",
            "targetTable": [
              "InputTable"
            ],
            "value": [
              "orderid"
            ],
            "isRequired": true,
            "i": 9.0
          },
          {
            "allowsLists": true,
            "name": "OTHERCOLUMNS",
            "datatype": "COLUMN_NAMES",
            "targetTable": [
              "InputTable"
            ],
            "value": [
              "region"
            ],
            "isRequired": false,
            "i": 10.0
          },
          {
            "allowsLists": false,
            "name": "PARTITIONKEY",
            "datatype": "STRING",
            "value": "col1_item1",
            "isRequired": false,
            "permittedValues": [],
            "i": 11.0
          },
          {
            "datatype": "INTEGER",
            "isRequired": false,
            "allowsLists": false,
            "name": "MAXSET",
            "value": 100.0,
            "i": 12.0
          },
          {
            "datatype": "BOOLEAN",
            "isRequired": false,
            "allowsLists": false,
            "name": "DROPTABLE",
            "value": true,
            "i": 13.0
          }
        ],
        "queries": [],
        "hasInputTable": false,
        "dropIfExists": false,
        "function_version": "1.8"
      }
    }
  },
  "customMeta": {
    "kv": {}
  },
  "redispatchPartitioning": false,
  "maxRunningActivities": 0,
  "inputs": {
    "main": {
      "items": [
        {
          "ref": "sales_transaction",
          "deps": []
        }
      ]
    }
  },
  "outputs": {
    "main": {
      "items": [
        {
          "ref": "dss_700_cfilter_out",
          "appendMode": false
        }
      ]
    }
  },
  "versionTag": {
    "versionNumber": 4,
    "lastModifiedBy": {
      "login": "kc186029"
    },
    "lastModifiedOn": 1517211370188
  },
  "creationTag": {
    "versionNumber": 0,
    "lastModifiedBy": {
      "login": "kc186029"
    },
    "lastModifiedOn": 1517211230811
  },
  "tags": [],
  "checklists": {
    "checklists": []
  }
}