{
  "type": "CustomCode_AssociationAster_7",
  "neverRecomputeExistingPartitions": false,
  "optionalDependencies": false,
  "params": {
    "customConfig": {
      "category": "Association Analysis",
      "function": {
        "isOrdered": false,
        "asterarguments": "",
        "isQueryMode": false,
        "unaliased_inputs": {
          "count": 0.0,
          "values": [],
          "desc": {}
        },
        "required_input": [
          {
            "isOrdered": false,
            "name": "item_table",
            "inputKindChoices": [
              "PartitionByKey"
            ],
            "kind": "PartitionByKey",
            "value": "recommender_product",
            "orderByColumn": [
              ""
            ],
            "isRequired": true,
            "partitionAttributes": [
              "product_category_a"
            ]
          },
          {
            "isOrdered": false,
            "name": "user_table",
            "inputKindChoices": [
              "PartitionByKey"
            ],
            "kind": "PartitionByKey",
            "value": "recommender_user",
            "orderByColumn": [
              ""
            ],
            "isRequired": true,
            "partitionAttributes": [
              "product_category"
            ]
          }
        ],
        "name": "WSRECOMMENDERREDUCE",
        "partitionInputKind": [],
        "orderByColumn": [],
        "partitionAttributes": [],
        "arguments": [
          {
            "allowsLists": false,
            "name": "USERID",
            "datatype": "COLUMNS",
            "targetTable": [
              "user_table"
            ],
            "value": "companyname",
            "isRequired": false,
            "i": 0.0
          },
          {
            "allowsLists": false,
            "name": "USERITEM",
            "datatype": "COLUMNS",
            "targetTable": [
              "user_table"
            ],
            "value": "product_category",
            "isRequired": false,
            "i": 1.0
          },
          {
            "allowsLists": false,
            "name": "USERPREF",
            "datatype": "COLUMNS",
            "targetTable": [
              "user_table"
            ],
            "value": "prod_preference",
            "isRequired": false,
            "i": 2.0
          },
          {
            "allowsLists": false,
            "name": "ITEM1",
            "datatype": "COLUMNS",
            "targetTable": [
              "item_table"
            ],
            "value": "product_category_a",
            "isRequired": false,
            "i": 3.0
          },
          {
            "allowsLists": false,
            "name": "ITEM2",
            "datatype": "COLUMNS",
            "targetTable": [
              "item_table"
            ],
            "value": "product_category_b",
            "isRequired": false,
            "i": 4.0
          },
          {
            "allowsLists": false,
            "name": "ITEMSIMILARITY",
            "datatype": "COLUMNS",
            "targetTable": [
              "item_table"
            ],
            "value": "product_similarity",
            "isRequired": false,
            "i": 5.0
          },
          {
            "allowsLists": true,
            "name": "ACCUMULATEITEM",
            "datatype": "COLUMNS",
            "targetTable": [
              "item_table"
            ],
            "value": "",
            "isRequired": false,
            "i": 6.0
          },
          {
            "allowsLists": true,
            "name": "ACCUMULATEUSER",
            "datatype": "COLUMNS",
            "targetTable": [
              "user_table"
            ],
            "value": "",
            "isRequired": false,
            "i": 7.0
          }
        ],
        "queries": [],
        "hasInputTable": true,
        "function_version": "1.2"
      }
    }
  },
  "customMeta": {
    "kv": {}
  },
  "redispatchPartitioning": false,
  "maxRunningActivities": 0,
  "inputs": {
    "main": {
      "items": [
        {
          "ref": "recommender_product",
          "deps": []
        },
        {
          "ref": "recommender_user",
          "deps": []
        }
      ]
    }
  },
  "outputs": {
    "main": {
      "items": [
        {
          "ref": "dss_700_wsrecommenderreduce_out",
          "appendMode": false
        }
      ]
    }
  },
  "versionTag": {
    "versionNumber": 2,
    "lastModifiedBy": {
      "login": "kc186029"
    },
    "lastModifiedOn": 1517215071681
  },
  "creationTag": {
    "versionNumber": 0,
    "lastModifiedBy": {
      "login": "kc186029"
    },
    "lastModifiedOn": 1517214974535
  },
  "tags": [],
  "checklists": {
    "checklists": []
  }
}