{
  "type": "CustomCode_AsterScoringAster_7",
  "neverRecomputeExistingPartitions": false,
  "optionalDependencies": false,
  "params": {
    "customConfig": {
      "category": "Aster Scoring",
      "aafschema": "schema_pilaa700",
      "function": {
        "isOrdered": false,
        "asterarguments": "",
        "isQueryMode": false,
        "unaliased_inputs": {
          "count": 0.0,
          "values": [],
          "desc": {}
        },
        "required_input": [],
        "name": "AMLGENERATOR",
        "partitionInputKind": [],
        "orderByColumn": [],
        "partitionAttributes": [],
        "arguments": [
          {
            "allowsLists": false,
            "name": "DOMAIN",
            "datatype": "DRIVER",
            "value": "",
            "isRequired": false,
            "permittedValues": [],
            "i": 0.0
          },
          {
            "allowsLists": false,
            "name": "DATABASE",
            "datatype": "DRIVER",
            "value": "",
            "isRequired": false,
            "permittedValues": [],
            "i": 1.0
          },
          {
            "allowsLists": false,
            "name": "USERID",
            "datatype": "DRIVER",
            "value": "",
            "isRequired": false,
            "permittedValues": [],
            "i": 2.0
          },
          {
            "allowsLists": false,
            "name": "PASSWORD",
            "datatype": "DRIVER",
            "value": "",
            "isRequired": false,
            "permittedValues": [],
            "i": 3.0
          },
          {
            "allowsLists": false,
            "name": "SSLSETTINGS",
            "datatype": "DRIVER",
            "value": "",
            "isRequired": false,
            "permittedValues": [],
            "i": 4.0
          },
          {
            "allowsLists": false,
            "name": "SSLTRUSTSTOREPASSWORD",
            "datatype": "DRIVER",
            "value": "",
            "isRequired": false,
            "permittedValues": [],
            "i": 5.0
          },
          {
            "allowsLists": false,
            "name": "MODELTYPE",
            "datatype": "STRING",
            "value": "SDT",
            "isRequired": true,
            "permittedValues": [],
            "i": 6.0
          },
          {
            "allowsLists": true,
            "name": "REQUESTCOLNAMES",
            "datatype": "STRING",
            "value": "pid\u0000RI\u0000Na\u0000Mg\u0000Al\u0000Si\u0000K\u0000Ca\u0000Ba\u0000Fe",
            "isRequired": true,
            "permittedValues": [],
            "i": 7.0
          },
          {
            "allowsLists": true,
            "name": "REQUESTCOLTYPES",
            "datatype": "STRING",
            "value": "int\u0000double\u0000double\u0000double\u0000double\u0000double\u0000double\u0000double\u0000double\u0000double",
            "isRequired": true,
            "permittedValues": [],
            "i": 8.0
          },
          {
            "allowsLists": true,
            "name": "MODELTABLE",
            "datatype": "STRING",
            "value": "glass_attribute_table_output",
            "isRequired": false,
            "permittedValues": [],
            "i": 9.0
          },
          {
            "allowsLists": true,
            "name": "MODELTAG",
            "datatype": "STRING",
            "value": "",
            "isRequired": false,
            "permittedValues": [],
            "i": 10.0
          },
          {
            "datatype": "BOOLEAN",
            "isRequired": false,
            "allowsLists": true,
            "name": "INSTALLEDFILE",
            "value": "",
            "i": 11.0
          },
          {
            "allowsLists": false,
            "name": "AMLPREFIX",
            "datatype": "STRING",
            "value": "glass_model",
            "isRequired": false,
            "permittedValues": [],
            "i": 12.0
          },
          {
            "datatype": "BOOLEAN",
            "isRequired": false,
            "allowsLists": false,
            "name": "OVERWRITEOUTPUT",
            "value": false,
            "i": 13.0
          },
          {
            "allowsLists": false,
            "name": "REQUESTARGNAME1",
            "datatype": "STRING",
            "value": "ATTRTABLE_AttributeColumns",
            "isRequired": false,
            "permittedValues": [],
            "i": 14.0
          },
          {
            "allowsLists": true,
            "name": "REQUESTARGVAL1",
            "datatype": "STRING",
            "value": "RI\u0000Na\u0000Mg\u0000Al\u0000Si\u0000K\u0000Ca\u0000Ba\u0000Fe",
            "isRequired": false,
            "permittedValues": [],
            "i": 15.0
          },
          {
            "allowsLists": false,
            "name": "REQUESTARGNAME2",
            "datatype": "STRING",
            "value": "ATTRTABLE_pidColumns",
            "isRequired": false,
            "permittedValues": [],
            "i": 16.0
          },
          {
            "allowsLists": true,
            "name": "REQUESTARGVAL2",
            "datatype": "STRING",
            "value": "pid",
            "isRequired": false,
            "permittedValues": [],
            "i": 17.0
          },
          {
            "allowsLists": false,
            "name": "REQUESTARGNAME3",
            "datatype": "STRING",
            "value": "",
            "isRequired": false,
            "permittedValues": [],
            "i": 18.0
          },
          {
            "allowsLists": true,
            "name": "REQUESTARGVAL3",
            "datatype": "STRING",
            "value": "",
            "isRequired": false,
            "permittedValues": [],
            "i": 19.0
          },
          {
            "allowsLists": false,
            "name": "REQUESTARGNAME4",
            "datatype": "STRING",
            "value": "",
            "isRequired": false,
            "permittedValues": [],
            "i": 20.0
          },
          {
            "allowsLists": true,
            "name": "REQUESTARGVAL4",
            "datatype": "STRING",
            "value": "",
            "isRequired": false,
            "permittedValues": [],
            "i": 21.0
          },
          {
            "allowsLists": false,
            "name": "REQUESTARGNAME5",
            "datatype": "STRING",
            "value": "",
            "isRequired": false,
            "permittedValues": [],
            "i": 22.0
          },
          {
            "allowsLists": true,
            "name": "REQUESTARGVAL5",
            "datatype": "STRING",
            "value": "",
            "isRequired": false,
            "permittedValues": [],
            "i": 23.0
          },
          {
            "allowsLists": false,
            "name": "REQUESTARGNAME6",
            "datatype": "STRING",
            "value": "",
            "isRequired": false,
            "permittedValues": [],
            "i": 24.0
          },
          {
            "allowsLists": true,
            "name": "REQUESTARGVAL6",
            "datatype": "STRING",
            "value": "",
            "isRequired": false,
            "permittedValues": [],
            "i": 25.0
          },
          {
            "allowsLists": false,
            "name": "REQUESTARGNAME7",
            "datatype": "STRING",
            "value": "",
            "isRequired": false,
            "permittedValues": [],
            "i": 26.0
          },
          {
            "allowsLists": true,
            "name": "REQUESTARGVAL7",
            "datatype": "STRING",
            "value": "",
            "isRequired": false,
            "permittedValues": [],
            "i": 27.0
          },
          {
            "allowsLists": false,
            "name": "REQUESTARGNAME8",
            "datatype": "STRING",
            "value": "",
            "isRequired": false,
            "permittedValues": [],
            "i": 28.0
          },
          {
            "allowsLists": true,
            "name": "REQUESTARGVAL8",
            "datatype": "STRING",
            "value": "",
            "isRequired": false,
            "permittedValues": [],
            "i": 29.0
          },
          {
            "allowsLists": false,
            "name": "REQUESTARGNAME9",
            "datatype": "STRING",
            "value": "",
            "isRequired": false,
            "permittedValues": [],
            "i": 30.0
          },
          {
            "allowsLists": true,
            "name": "REQUESTARGVAL9",
            "datatype": "STRING",
            "value": "",
            "isRequired": false,
            "permittedValues": [],
            "i": 31.0
          },
          {
            "allowsLists": false,
            "name": "REQUESTARGNAME10",
            "datatype": "STRING",
            "value": "",
            "isRequired": false,
            "permittedValues": [],
            "i": 32.0
          },
          {
            "allowsLists": true,
            "name": "REQUESTARGVAL10",
            "datatype": "STRING",
            "value": "",
            "isRequired": false,
            "permittedValues": [],
            "i": 33.0
          }
        ],
        "queries": [],
        "hasInputTable": false,
        "function_version": "1.1"
      }
    }
  },
  "customMeta": {
    "kv": {}
  },
  "redispatchPartitioning": false,
  "maxRunningActivities": 0,
  "inputs": {
    "main": {
      "items": [
        {
          "ref": "glass_attribute_table_output",
          "deps": []
        }
      ]
    }
  },
  "outputs": {
    "main": {
      "items": [
        {
          "ref": "dss_700_amlgenerator_out",
          "appendMode": false
        }
      ]
    }
  },
  "versionTag": {
    "versionNumber": 2,
    "lastModifiedBy": {
      "login": "dt186022"
    },
    "lastModifiedOn": 1517464873832
  },
  "creationTag": {
    "versionNumber": 0,
    "lastModifiedBy": {
      "login": "kc186029"
    },
    "lastModifiedOn": 1517387704271
  },
  "tags": [],
  "checklists": {
    "checklists": []
  }
}