2	3	Main St->Walnut St->	4.5	false	false	.-Main StWalnut St->.-Walnut StWater St->.
1	3	Park St->Walnut St->	4.5	false	false	.-Park StWalnut St->.-Walnut StWater St->.
2	5	Main St->Walnut St->Water St->High St	10.25	false	true	.-Main StWalnut St->.-Walnut StWater St->.-Water StHigh St->.
1	5	Park St->Walnut St->Water St->High St	10.25	false	true	.-Park StWalnut St->.-Walnut StWater St->.-Water StHigh St->.
2	2	Main St->	2.25	false	false	.-Main StWalnut St->.
2	4	Main St->Walnut St->Water St->	8.0	false	false	.-Main StWalnut St->.-Walnut StWater St->.-Water StPark St->.
2	4	Main St->Walnut St->Water St->	8.0	false	false	.-Main StWalnut St->.-Walnut StWater St->.-Water StHigh St->.
1	4	Park St->Walnut St->Water St->	8.0	true	false	.-Park StWalnut St->.-Walnut StWater St->.-Water StPark St->
1	4	Park St->Walnut St->Water St->	8.0	false	false	.-Park StWalnut St->.-Walnut StWater St->.-Water StHigh St->.
1	1	Park St->	2.25	false	false	.-Park StWalnut St->.
2	1	Main St->Walnut St->Water St->Park St->	10.25	true	false	.-Main StWalnut St->.-Walnut StWater St->.-Water StPark St->.-Park StWalnut St->
