1792	2010-11-08T00:00:00.000Z	28	Nunavut	Consumer	Office Supplies	Storage & Organization
7430	2010-06-08T00:00:00.000Z	50	Nunavut	Corporate	Office Supplies	Envelopes
8419	2011-09-29T00:00:00.000Z	19	Nunavut	Small Business	Office Supplies	Paper
8419	2011-09-29T00:00:00.000Z	24	Nunavut	Small Business	Office Supplies	Paper
11495	2011-07-04T00:00:00.000Z	6	Northwest Territories	Corporate	Furniture	Tables
13280	2009-09-11T00:00:00.000Z	40	Northwest Territories	Small Business	Office Supplies	Storage & Organization
13280	2009-09-11T00:00:00.000Z	49	Northwest Territories	Small Business	Technology	Telephones and Communication
14726	2012-01-08T00:00:00.000Z	15	Northwest Territories	Consumer	Technology	Computer Peripherals
15591	2012-06-06T00:00:00.000Z	31	Northwest Territories	Small Business	Furniture	Office Furnishings
24038	2011-06-20T00:00:00.000Z	38	Northwest Territories	Corporate	Office Supplies	Pens & Art Supplies
24743	2012-06-28T00:00:00.000Z	47	Northwest Territories	Corporate	Furniture	Chairs & Chairmats
24743	2012-06-28T00:00:00.000Z	26	Northwest Territories	Corporate	Furniture	Chairs & Chairmats
33377	2011-07-31T00:00:00.000Z	20	Northwest Territories	Corporate	Office Supplies	Paper
53797	2009-10-01T00:00:00.000Z	10	Northwest Territories	Small Business	Furniture	Bookcases
1702	2011-05-06T00:00:00.000Z	23	Nunavut	Home Office	Office Supplies	Pens & Art Supplies
12352	2012-03-23T00:00:00.000Z	5	Northwest Territories	Corporate	Office Supplies	Binders and Binder Accessories
12771	2009-01-17T00:00:00.000Z	40	Northwest Territories	Small Business	Office Supplies	Labels
12771	2009-01-17T00:00:00.000Z	46	Northwest Territories	Small Business	Office Supplies	Pens & Art Supplies
13795	2011-04-10T00:00:00.000Z	30	Northwest Territories	Small Business	Office Supplies	Binders and Binder Accessories
13795	2011-04-10T00:00:00.000Z	23	Northwest Territories	Small Business	Office Supplies	Paper
13795	2011-04-10T00:00:00.000Z	37	Northwest Territories	Small Business	Office Supplies	Paper
26051	2010-06-27T00:00:00.000Z	22	Northwest Territories	Home Office	Furniture	Chairs & Chairmats
26051	2010-06-27T00:00:00.000Z	31	Northwest Territories	Home Office	Technology	Computer Peripherals
27553	2011-08-12T00:00:00.000Z	48	Northwest Territories	Corporate	Office Supplies	Storage & Organization
27553	2011-08-12T00:00:00.000Z	16	Northwest Territories	Corporate	Technology	Telephones and Communication
28003	2011-03-19T00:00:00.000Z	31	Northwest Territories	Corporate	Office Supplies	Paper
28035	2011-05-08T00:00:00.000Z	19	Northwest Territories	Home Office	Office Supplies	Binders and Binder Accessories
31111	2009-08-24T00:00:00.000Z	27	Northwest Territories	Corporate	Office Supplies	Paper
36135	2011-05-30T00:00:00.000Z	33	Northwest Territories	Consumer	Technology	Telephones and Communication
44519	2010-05-19T00:00:00.000Z	48	Northwest Territories	Corporate	Office Supplies	Binders and Binder Accessories
44519	2010-05-19T00:00:00.000Z	34	Northwest Territories	Corporate	Office Supplies	Envelopes
44519	2010-05-19T00:00:00.000Z	34	Northwest Territories	Corporate	Technology	Office Machines
45766	2010-05-07T00:00:00.000Z	37	Northwest Territories	Home Office	Furniture	Office Furnishings
45766	2010-05-07T00:00:00.000Z	28	Northwest Territories	Home Office	Technology	Office Machines
45957	2010-09-21T00:00:00.000Z	20	Northwest Territories	Home Office	Technology	Computer Peripherals
45957	2010-09-21T00:00:00.000Z	19	Northwest Territories	Home Office	Office Supplies	Paper
50754	2009-12-09T00:00:00.000Z	9	Northwest Territories	Consumer	Technology	Telephones and Communication
50914	2012-07-03T00:00:00.000Z	49	Northwest Territories	Corporate	Technology	Telephones and Communication
53511	2009-02-20T00:00:00.000Z	41	Northwest Territories	Small Business	Office Supplies	Binders and Binder Accessories
53511	2009-02-20T00:00:00.000Z	49	Northwest Territories	Small Business	Furniture	Office Furnishings
53990	2012-11-01T00:00:00.000Z	44	Northwest Territories	Corporate	Technology	Telephones and Communication
55715	2011-04-02T00:00:00.000Z	28	Northwest Territories	Corporate	Office Supplies	Binders and Binder Accessories
1539	2011-03-09T00:00:00.000Z	33	Nunavut	Corporate	Office Supplies	Binders and Binder Accessories
1539	2011-03-09T00:00:00.000Z	38	Nunavut	Corporate	Technology	Computer Peripherals
6980	2010-02-18T00:00:00.000Z	18	Nunavut	Consumer	Office Supplies	Binders and Binder Accessories
9763	2011-08-13T00:00:00.000Z	44	Northwest Territories	Corporate	Office Supplies	Labels
10789	2010-08-23T00:00:00.000Z	15	Northwest Territories	Corporate	Office Supplies	Pens & Art Supplies
18113	2012-08-28T00:00:00.000Z	27	Northwest Territories	Consumer	Furniture	Chairs & Chairmats
24097	2010-08-04T00:00:00.000Z	1	Northwest Territories	Small Business	Technology	Computer Peripherals
24097	2010-08-04T00:00:00.000Z	27	Northwest Territories	Small Business	Technology	Computer Peripherals
24097	2010-08-04T00:00:00.000Z	2	Northwest Territories	Small Business	Office Supplies	Paper
28675	2009-10-08T00:00:00.000Z	15	Northwest Territories	Consumer	Technology	Telephones and Communication
29861	2012-04-25T00:00:00.000Z	11	Northwest Territories	Small Business	Office Supplies	Labels
30947	2010-07-14T00:00:00.000Z	17	Northwest Territories	Corporate	Office Supplies	Binders and Binder Accessories
30947	2010-07-14T00:00:00.000Z	45	Northwest Territories	Corporate	Office Supplies	Labels
36134	2010-11-22T00:00:00.000Z	6	Northwest Territories	Corporate	Technology	Telephones and Communication
40067	2012-02-17T00:00:00.000Z	38	Northwest Territories	Corporate	Technology	Telephones and Communication
40804	2010-03-12T00:00:00.000Z	36	Northwest Territories	Consumer	Furniture	Chairs & Chairmats
43364	2012-04-07T00:00:00.000Z	21	Northwest Territories	Corporate	Office Supplies	Envelopes
47460	2010-10-10T00:00:00.000Z	12	Northwest Territories	Corporate	Office Supplies	Pens & Art Supplies
52321	2011-11-05T00:00:00.000Z	48	Northwest Territories	Small Business	Office Supplies	Storage & Organization
52321	2011-11-05T00:00:00.000Z	45	Northwest Territories	Small Business	Furniture	Tables
52929	2011-04-08T00:00:00.000Z	43	Northwest Territories	Small Business	Technology	Office Machines
52929	2011-04-08T00:00:00.000Z	19	Northwest Territories	Small Business	Office Supplies	Pens & Art Supplies
52929	2011-04-08T00:00:00.000Z	7	Northwest Territories	Small Business	Office Supplies	Pens & Art Supplies
52929	2011-04-08T00:00:00.000Z	20	Northwest Territories	Small Business	Office Supplies	Rubber Bands
56453	2012-04-11T00:00:00.000Z	1	Northwest Territories	Corporate	Technology	Office Machines
59047	2011-01-28T00:00:00.000Z	10	Atlantic	Corporate	Technology	Computer Peripherals
59047	2011-01-28T00:00:00.000Z	26	Atlantic	Corporate	Furniture	Office Furnishings
5607	2011-12-31T00:00:00.000Z	8	Nunavut	Home Office	Technology	Telephones and Communication
6884	2009-01-15T00:00:00.000Z	41	Nunavut	Home Office	Office Supplies	Paper
6884	2009-01-15T00:00:00.000Z	47	Nunavut	Home Office	Office Supplies	Paper
11460	2010-08-24T00:00:00.000Z	30	Northwest Territories	Home Office	Office Supplies	Labels
15205	2011-03-17T00:00:00.000Z	18	Northwest Territories	Corporate	Furniture	Chairs & Chairmats
15205	2011-03-17T00:00:00.000Z	42	Northwest Territories	Corporate	Furniture	Office Furnishings
19078	2009-07-27T00:00:00.000Z	21	Northwest Territories	Corporate	Office Supplies	Appliances
19138	2011-09-05T00:00:00.000Z	30	Northwest Territories	Home Office	Office Supplies	Storage & Organization
22501	2010-05-18T00:00:00.000Z	2	Northwest Territories	Corporate	Office Supplies	Envelopes
24294	2009-08-02T00:00:00.000Z	24	Northwest Territories	Home Office	Technology	Office Machines
26499	2010-02-21T00:00:00.000Z	11	Northwest Territories	Corporate	Office Supplies	Labels
26854	2009-06-21T00:00:00.000Z	1	Northwest Territories	Home Office	Furniture	Office Furnishings
28870	2011-11-10T00:00:00.000Z	35	Northwest Territories	Corporate	Technology	Telephones and Communication
29095	2011-03-08T00:00:00.000Z	40	Northwest Territories	Small Business	Office Supplies	Binders and Binder Accessories
31270	2012-11-23T00:00:00.000Z	21	Northwest Territories	Corporate	Furniture	Chairs & Chairmats
31270	2012-11-23T00:00:00.000Z	3	Northwest Territories	Corporate	Furniture	Chairs & Chairmats
31270	2012-11-23T00:00:00.000Z	5	Northwest Territories	Corporate	Technology	Computer Peripherals
44708	2009-07-27T00:00:00.000Z	15	Northwest Territories	Small Business	Furniture	Office Furnishings
47873	2010-11-13T00:00:00.000Z	8	Northwest Territories	Corporate	Furniture	Office Furnishings
51938	2011-05-17T00:00:00.000Z	5	Northwest Territories	Corporate	Technology	Telephones and Communication
1154	2012-02-14T00:00:00.000Z	44	Nunavut	Home Office	Furniture	Bookcases
1154	2012-02-14T00:00:00.000Z	11	Nunavut	Home Office	Furniture	Tables
3232	2012-10-08T00:00:00.000Z	5	Nunavut	Small Business	Office Supplies	Binders and Binder Accessories
4612	2010-09-19T00:00:00.000Z	9	Nunavut	Corporate	Office Supplies	Appliances
5316	2009-01-30T00:00:00.000Z	42	Nunavut	Corporate	Technology	Computer Peripherals
10499	2010-11-16T00:00:00.000Z	29	Northwest Territories	Corporate	Furniture	Tables
13346	2012-11-15T00:00:00.000Z	44	Northwest Territories	Corporate	Office Supplies	Paper
22532	2011-02-08T00:00:00.000Z	13	Northwest Territories	Consumer	Office Supplies	Binders and Binder Accessories
23584	2012-03-12T00:00:00.000Z	14	Northwest Territories	Corporate	Technology	Office Machines
24387	2011-08-10T00:00:00.000Z	23	Northwest Territories	Small Business	Furniture	Office Furnishings
24387	2011-08-10T00:00:00.000Z	17	Northwest Territories	Small Business	Furniture	Tables
25377	2012-11-26T00:00:00.000Z	3	Northwest Territories	Corporate	Technology	Office Machines
32743	2010-05-07T00:00:00.000Z	19	Northwest Territories	Corporate	Office Supplies	Appliances
33703	2010-02-06T00:00:00.000Z	4	Northwest Territories	Corporate	Technology	Computer Peripherals
33703	2010-02-06T00:00:00.000Z	25	Northwest Territories	Corporate	Office Supplies	Storage & Organization
33703	2010-02-06T00:00:00.000Z	4	Northwest Territories	Corporate	Office Supplies	Storage & Organization
34177	2009-08-15T00:00:00.000Z	13	Northwest Territories	Corporate	Office Supplies	Labels
34177	2009-08-15T00:00:00.000Z	26	Northwest Territories	Corporate	Office Supplies	Labels
34177	2009-08-15T00:00:00.000Z	50	Northwest Territories	Corporate	Technology	Telephones and Communication
36707	2009-11-29T00:00:00.000Z	47	Northwest Territories	Home Office	Office Supplies	Rubber Bands
40132	2012-02-23T00:00:00.000Z	26	Northwest Territories	Corporate	Furniture	Chairs & Chairmats
40132	2012-02-23T00:00:00.000Z	36	Northwest Territories	Corporate	Furniture	Tables
40132	2012-02-23T00:00:00.000Z	16	Northwest Territories	Corporate	Office Supplies	Binders and Binder Accessories
41184	2011-09-22T00:00:00.000Z	7	Northwest Territories	Home Office	Office Supplies	Storage & Organization
41409	2011-07-21T00:00:00.000Z	1	Northwest Territories	Corporate	Office Supplies	Binders and Binder Accessories
44772	2009-03-31T00:00:00.000Z	1	Northwest Territories	Corporate	Technology	Telephones and Communication
50374	2009-05-30T00:00:00.000Z	30	Northwest Territories	Home Office	Office Supplies	Binders and Binder Accessories
51971	2011-10-03T00:00:00.000Z	39	Northwest Territories	Home Office	Office Supplies	Storage & Organization
51971	2011-10-03T00:00:00.000Z	22	Northwest Territories	Home Office	Furniture	Tables
678	2010-02-26T00:00:00.000Z	44	Nunavut	Home Office	Office Supplies	Paper
10535	2011-05-27T00:00:00.000Z	25	Northwest Territories	Corporate	Furniture	Office Furnishings
10535	2011-05-27T00:00:00.000Z	46	Northwest Territories	Corporate	Office Supplies	Pens & Art Supplies
22469	2010-10-11T00:00:00.000Z	44	Northwest Territories	Corporate	Technology	Telephones and Communication
27680	2010-01-26T00:00:00.000Z	32	Northwest Territories	Small Business	Office Supplies	Appliances
27680	2010-01-26T00:00:00.000Z	19	Northwest Territories	Small Business	Office Supplies	Paper
33159	2012-04-27T00:00:00.000Z	3	Northwest Territories	Corporate	Technology	Telephones and Communication
33888	2009-08-20T00:00:00.000Z	31	Northwest Territories	Home Office	Office Supplies	Binders and Binder Accessories
33888	2009-08-20T00:00:00.000Z	3	Northwest Territories	Home Office	Office Supplies	Storage & Organization
33888	2009-08-20T00:00:00.000Z	47	Northwest Territories	Home Office	Office Supplies	Storage & Organization
40160	2009-10-15T00:00:00.000Z	23	Northwest Territories	Consumer	Furniture	Office Furnishings
43236	2010-07-03T00:00:00.000Z	20	Northwest Territories	Corporate	Furniture	Office Furnishings
43781	2010-02-02T00:00:00.000Z	45	Northwest Territories	Small Business	Office Supplies	Envelopes
43781	2010-02-02T00:00:00.000Z	21	Northwest Territories	Small Business	Office Supplies	Binders and Binder Accessories
45861	2011-08-25T00:00:00.000Z	39	Northwest Territories	Small Business	Technology	Telephones and Communication
52193	2010-03-05T00:00:00.000Z	1	Northwest Territories	Corporate	Office Supplies	Labels
52193	2010-03-05T00:00:00.000Z	47	Northwest Territories	Corporate	Office Supplies	Pens & Art Supplies
59651	2010-05-20T00:00:00.000Z	36	Atlantic	Corporate	Office Supplies	Binders and Binder Accessories
59651	2010-05-20T00:00:00.000Z	18	Atlantic	Corporate	Furniture	Office Furnishings
483	2011-07-10T00:00:00.000Z	30	Nunavut	Corporate	Technology	Telephones and Communication
5284	2011-07-08T00:00:00.000Z	7	Nunavut	Home Office	Office Supplies	Binders and Binder Accessories
7906	2009-10-17T00:00:00.000Z	37	Nunavut	Consumer	Office Supplies	Appliances
11137	2012-11-29T00:00:00.000Z	48	Northwest Territories	Small Business	Office Supplies	Storage & Organization
16193	2012-04-09T00:00:00.000Z	8	Northwest Territories	Corporate	Office Supplies	Storage & Organization
16193	2012-04-09T00:00:00.000Z	29	Northwest Territories	Corporate	Technology	Telephones and Communication
18887	2010-12-05T00:00:00.000Z	9	Northwest Territories	Corporate	Technology	Telephones and Communication
21285	2010-07-03T00:00:00.000Z	32	Northwest Territories	Corporate	Office Supplies	Pens & Art Supplies
21285	2010-07-03T00:00:00.000Z	47	Northwest Territories	Corporate	Office Supplies	Pens & Art Supplies
24871	2011-03-23T00:00:00.000Z	6	Northwest Territories	Corporate	Furniture	Office Furnishings
25318	2011-11-19T00:00:00.000Z	22	Northwest Territories	Small Business	Furniture	Office Furnishings
27111	2009-03-11T00:00:00.000Z	11	Northwest Territories	Home Office	Technology	Computer Peripherals
27111	2009-03-11T00:00:00.000Z	18	Northwest Territories	Home Office	Office Supplies	Storage & Organization
27111	2009-03-11T00:00:00.000Z	44	Northwest Territories	Home Office	Technology	Telephones and Communication
28135	2009-09-25T00:00:00.000Z	37	Northwest Territories	Corporate	Office Supplies	Appliances
34215	2011-05-14T00:00:00.000Z	6	Northwest Territories	Home Office	Office Supplies	Binders and Binder Accessories
40036	2010-06-07T00:00:00.000Z	10	Northwest Territories	Home Office	Technology	Telephones and Communication
43267	2011-05-16T00:00:00.000Z	17	Northwest Territories	Home Office	Office Supplies	Appliances
48101	2011-09-12T00:00:00.000Z	4	Northwest Territories	Home Office	Office Supplies	Paper
49921	2011-02-17T00:00:00.000Z	5	Northwest Territories	Small Business	Technology	Office Machines
49921	2011-02-17T00:00:00.000Z	1	Northwest Territories	Small Business	Office Supplies	Storage & Organization
50117	2011-06-03T00:00:00.000Z	17	Northwest Territories	Small Business	Office Supplies	Labels
51169	2010-12-24T00:00:00.000Z	2	Northwest Territories	Home Office	Furniture	Office Furnishings
54276	2010-02-06T00:00:00.000Z	21	Northwest Territories	Small Business	Office Supplies	Paper
57344	2010-09-24T00:00:00.000Z	47	Northwest Territories	Corporate	Technology	Telephones and Communication
58368	2012-07-09T00:00:00.000Z	4	Atlantic	Corporate	Furniture	Office Furnishings
58368	2012-07-09T00:00:00.000Z	39	Atlantic	Corporate	Office Supplies	Paper
58368	2012-07-09T00:00:00.000Z	5	Atlantic	Corporate	Office Supplies	Storage & Organization
1412	2010-03-12T00:00:00.000Z	13	Nunavut	Consumer	Office Supplies	Labels
1412	2010-03-12T00:00:00.000Z	21	Nunavut	Consumer	Office Supplies	Rubber Bands
2277	2011-01-01T00:00:00.000Z	10	Nunavut	Home Office	Technology	Computer Peripherals
2277	2011-01-01T00:00:00.000Z	21	Nunavut	Home Office	Office Supplies	Paper
10437	2009-08-18T00:00:00.000Z	50	Northwest Territories	Corporate	Office Supplies	Binders and Binder Accessories
12544	2009-03-03T00:00:00.000Z	34	Northwest Territories	Corporate	Furniture	Office Furnishings
12704	2010-02-09T00:00:00.000Z	44	Northwest Territories	Small Business	Technology	Copiers and Fax
12704	2010-02-09T00:00:00.000Z	28	Northwest Territories	Small Business	Office Supplies	Storage & Organization
15907	2011-04-11T00:00:00.000Z	36	Northwest Territories	Home Office	Furniture	Bookcases
15907	2011-04-11T00:00:00.000Z	36	Northwest Territories	Home Office	Furniture	Office Furnishings
15907	2011-04-11T00:00:00.000Z	4	Northwest Territories	Home Office	Office Supplies	Paper
20071	2011-09-17T00:00:00.000Z	31	Northwest Territories	Home Office	Furniture	Chairs & Chairmats
26370	2011-08-08T00:00:00.000Z	12	Northwest Territories	Home Office	Office Supplies	Paper
26370	2011-08-08T00:00:00.000Z	20	Northwest Territories	Home Office	Office Supplies	Storage & Organization
40902	2009-07-07T00:00:00.000Z	25	Northwest Territories	Home Office	Office Supplies	Binders and Binder Accessories
41153	2009-03-02T00:00:00.000Z	29	Northwest Territories	Corporate	Technology	Computer Peripherals
42695	2010-12-22T00:00:00.000Z	12	Northwest Territories	Small Business	Technology	Telephones and Communication
43392	2010-12-31T00:00:00.000Z	39	Northwest Territories	Small Business	Office Supplies	Envelopes
48839	2010-07-10T00:00:00.000Z	1	Northwest Territories	Corporate	Office Supplies	Labels
54628	2010-06-05T00:00:00.000Z	21	Northwest Territories	Home Office	Technology	Computer Peripherals
57600	2012-11-11T00:00:00.000Z	32	Northwest Territories	Small Business	Office Supplies	Binders and Binder Accessories
57600	2012-11-11T00:00:00.000Z	44	Atlantic	Small Business	Office Supplies	Labels
57600	2012-11-11T00:00:00.000Z	12	Atlantic	Small Business	Office Supplies	Paper
58055	2011-10-27T00:00:00.000Z	26	Atlantic	Consumer	Furniture	Office Furnishings
2631	2010-09-23T00:00:00.000Z	27	Nunavut	Corporate	Technology	Computer Peripherals
3524	2012-05-02T00:00:00.000Z	21	Nunavut	Small Business	Office Supplies	Paper
3908	2010-03-08T00:00:00.000Z	8	Nunavut	Corporate	Technology	Telephones and Communication
6016	2012-01-20T00:00:00.000Z	19	Nunavut	Home Office	Office Supplies	Paper
6916	2010-06-04T00:00:00.000Z	40	Nunavut	Consumer	Office Supplies	Storage & Organization
7110	2011-08-07T00:00:00.000Z	22	Nunavut	Corporate	Furniture	Chairs & Chairmats
11911	2010-11-10T00:00:00.000Z	25	Northwest Territories	Consumer	Office Supplies	Binders and Binder Accessories
22151	2010-07-31T00:00:00.000Z	49	Northwest Territories	Corporate	Furniture	Office Furnishings
23488	2009-01-06T00:00:00.000Z	30	Northwest Territories	Home Office	Furniture	Bookcases
28289	2010-01-14T00:00:00.000Z	31	Northwest Territories	Corporate	Office Supplies	Paper
30658	2011-03-26T00:00:00.000Z	35	Northwest Territories	Corporate	Technology	Copiers and Fax
30658	2011-03-26T00:00:00.000Z	44	Northwest Territories	Corporate	Office Supplies	Storage & Organization
31558	2011-07-23T00:00:00.000Z	12	Northwest Territories	Home Office	Office Supplies	Appliances
31558	2011-07-23T00:00:00.000Z	42	Northwest Territories	Home Office	Technology	Computer Peripherals
33186	2012-08-28T00:00:00.000Z	24	Northwest Territories	Corporate	Technology	Telephones and Communication
36646	2010-06-08T00:00:00.000Z	24	Northwest Territories	Small Business	Office Supplies	Storage & Organization
37541	2010-02-26T00:00:00.000Z	3	Northwest Territories	Small Business	Technology	Computer Peripherals
37541	2010-02-26T00:00:00.000Z	10	Northwest Territories	Small Business	Office Supplies	Paper
37541	2010-02-26T00:00:00.000Z	18	Northwest Territories	Small Business	Office Supplies	Storage & Organization
43203	2012-02-14T00:00:00.000Z	32	Northwest Territories	Home Office	Office Supplies	Paper
58626	2011-12-30T00:00:00.000Z	23	Atlantic	Small Business	Furniture	Chairs & Chairmats
58626	2011-12-30T00:00:00.000Z	21	Atlantic	Small Business	Furniture	Chairs & Chairmats
58626	2011-12-30T00:00:00.000Z	18	Atlantic	Small Business	Technology	Computer Peripherals
58688	2009-03-29T00:00:00.000Z	18	Atlantic	Small Business	Office Supplies	Pens & Art Supplies
59045	2011-02-13T00:00:00.000Z	30	Atlantic	Small Business	Office Supplies	Binders and Binder Accessories
933	2012-08-04T00:00:00.000Z	15	Nunavut	Small Business	Office Supplies	Binders and Binder Accessories
1540	2012-08-04T00:00:00.000Z	30	Nunavut	Home Office	Office Supplies	Pens & Art Supplies
4132	2011-05-28T00:00:00.000Z	5	Nunavut	Corporate	Office Supplies	Labels
5409	2012-01-08T00:00:00.000Z	11	Nunavut	Corporate	Office Supplies	Paper
5925	2011-11-12T00:00:00.000Z	44	Nunavut	Home Office	Furniture	Office Furnishings
5925	2011-11-12T00:00:00.000Z	25	Nunavut	Home Office	Technology	Telephones and Communication
6535	2012-06-12T00:00:00.000Z	11	Nunavut	Corporate	Office Supplies	Pens & Art Supplies
8995	2011-05-17T00:00:00.000Z	5	Nunavut	Consumer	Office Supplies	Binders and Binder Accessories
8995	2011-05-17T00:00:00.000Z	41	Northwest Territories	Consumer	Office Supplies	Paper
8995	2011-05-17T00:00:00.000Z	35	Northwest Territories	Consumer	Furniture	Office Furnishings
8995	2011-05-17T00:00:00.000Z	42	Northwest Territories	Consumer	Office Supplies	Paper
8995	2011-05-17T00:00:00.000Z	46	Northwest Territories	Consumer	Office Supplies	Rubber Bands
11456	2010-04-12T00:00:00.000Z	15	Northwest Territories	Corporate	Furniture	Office Furnishings
14372	2012-10-23T00:00:00.000Z	34	Northwest Territories	Corporate	Furniture	Bookcases
14819	2010-01-25T00:00:00.000Z	48	Northwest Territories	Home Office	Office Supplies	Appliances
14819	2010-01-25T00:00:00.000Z	27	Northwest Territories	Home Office	Furniture	Bookcases
16932	2010-04-15T00:00:00.000Z	25	Northwest Territories	Consumer	Office Supplies	Paper
16932	2010-04-15T00:00:00.000Z	20	Northwest Territories	Consumer	Office Supplies	Pens & Art Supplies
19010	2009-06-07T00:00:00.000Z	18	Northwest Territories	Small Business	Office Supplies	Binders and Binder Accessories
21636	2009-08-10T00:00:00.000Z	35	Northwest Territories	Home Office	Technology	Telephones and Communication
23264	2010-12-07T00:00:00.000Z	16	Northwest Territories	Corporate	Office Supplies	Paper
23264	2010-12-07T00:00:00.000Z	27	Northwest Territories	Corporate	Office Supplies	Labels
24007	2010-08-26T00:00:00.000Z	26	Northwest Territories	Home Office	Technology	Computer Peripherals
24007	2010-08-26T00:00:00.000Z	28	Northwest Territories	Home Office	Office Supplies	Envelopes
24007	2010-08-26T00:00:00.000Z	42	Northwest Territories	Home Office	Office Supplies	Labels
26023	2010-08-20T00:00:00.000Z	49	Northwest Territories	Corporate	Office Supplies	Rubber Bands
26182	2010-01-16T00:00:00.000Z	30	Northwest Territories	Corporate	Furniture	Bookcases
32229	2010-08-30T00:00:00.000Z	8	Northwest Territories	Corporate	Technology	Office Machines
32229	2010-08-30T00:00:00.000Z	15	Northwest Territories	Corporate	Office Supplies	Pens & Art Supplies
33123	2010-11-24T00:00:00.000Z	41	Northwest Territories	Corporate	Furniture	Bookcases
40518	2009-03-13T00:00:00.000Z	3	Northwest Territories	Home Office	Office Supplies	Binders and Binder Accessories
41696	2009-07-13T00:00:00.000Z	45	Northwest Territories	Small Business	Office Supplies	Appliances
42981	2009-05-30T00:00:00.000Z	4	Northwest Territories	Home Office	Office Supplies	Binders and Binder Accessories
54567	2009-08-02T00:00:00.000Z	31	Northwest Territories	Small Business	Furniture	Office Furnishings
57127	2010-02-16T00:00:00.000Z	13	Northwest Territories	Consumer	Office Supplies	Paper
59207	2009-05-18T00:00:00.000Z	42	Atlantic	Corporate	Furniture	Tables
643	2011-03-24T00:00:00.000Z	21	Nunavut	Corporate	Office Supplies	Storage & Organization
998	2009-11-25T00:00:00.000Z	16	Nunavut	Small Business	Office Supplies	Envelopes
1344	2012-04-15T00:00:00.000Z	15	Nunavut	Corporate	Technology	Telephones and Communication
1344	2012-04-15T00:00:00.000Z	18	Nunavut	Corporate	Technology	Telephones and Communication
2532	2011-10-10T00:00:00.000Z	39	Nunavut	Corporate	Office Supplies	Labels
2532	2011-10-10T00:00:00.000Z	24	Nunavut	Corporate	Technology	Telephones and Communication
2791	2009-10-09T00:00:00.000Z	47	Nunavut	Corporate	Office Supplies	Binders and Binder Accessories
2791	2009-10-09T00:00:00.000Z	49	Nunavut	Corporate	Furniture	Chairs & Chairmats
2791	2009-10-09T00:00:00.000Z	18	Nunavut	Corporate	Office Supplies	Paper
9126	2009-11-17T00:00:00.000Z	47	Northwest Territories	Corporate	Office Supplies	Appliances
9927	2011-08-16T00:00:00.000Z	32	Northwest Territories	Corporate	Furniture	Bookcases
9927	2011-08-16T00:00:00.000Z	44	Northwest Territories	Corporate	Furniture	Chairs & Chairmats
9927	2011-08-16T00:00:00.000Z	34	Northwest Territories	Corporate	Technology	Computer Peripherals
11202	2012-03-17T00:00:00.000Z	8	Northwest Territories	Corporate	Office Supplies	Binders and Binder Accessories
16039	2012-05-16T00:00:00.000Z	3	Northwest Territories	Home Office	Technology	Computer Peripherals
17764	2009-09-16T00:00:00.000Z	27	Northwest Territories	Home Office	Office Supplies	Paper
22342	2009-05-29T00:00:00.000Z	13	Northwest Territories	Small Business	Technology	Telephones and Communication
31781	2009-01-16T00:00:00.000Z	46	Northwest Territories	Corporate	Office Supplies	Binders and Binder Accessories
31781	2009-01-16T00:00:00.000Z	41	Northwest Territories	Corporate	Office Supplies	Rubber Bands
37634	2012-05-21T00:00:00.000Z	32	Northwest Territories	Corporate	Office Supplies	Storage & Organization
39364	2012-11-09T00:00:00.000Z	29	Northwest Territories	Corporate	Furniture	Office Furnishings
39364	2012-11-09T00:00:00.000Z	15	Northwest Territories	Corporate	Office Supplies	Binders and Binder Accessories
42209	2010-03-29T00:00:00.000Z	5	Northwest Territories	Corporate	Office Supplies	Appliances
42209	2010-03-29T00:00:00.000Z	31	Northwest Territories	Corporate	Furniture	Chairs & Chairmats
43109	2012-12-21T00:00:00.000Z	19	Northwest Territories	Corporate	Office Supplies	Binders and Binder Accessories
43109	2012-12-21T00:00:00.000Z	25	Northwest Territories	Corporate	Technology	Computer Peripherals
43109	2012-12-21T00:00:00.000Z	10	Northwest Territories	Corporate	Technology	Computer Peripherals
45440	2012-08-09T00:00:00.000Z	5	Northwest Territories	Corporate	Furniture	Chairs & Chairmats
52807	2010-11-25T00:00:00.000Z	28	Northwest Territories	Consumer	Office Supplies	Pens & Art Supplies
54528	2011-01-04T00:00:00.000Z	17	Northwest Territories	Consumer	Office Supplies	Pens & Art Supplies
54528	2011-01-04T00:00:00.000Z	8	Northwest Territories	Consumer	Office Supplies	Pens & Art Supplies
55875	2009-11-25T00:00:00.000Z	50	Northwest Territories	Small Business	Furniture	Office Furnishings
55875	2009-11-25T00:00:00.000Z	31	Northwest Territories	Small Business	Office Supplies	Storage & Organization
57509	2009-02-21T00:00:00.000Z	39	Northwest Territories	Home Office	Office Supplies	Labels
57509	2009-02-21T00:00:00.000Z	11	Northwest Territories	Home Office	Furniture	Tables
58150	2010-05-07T00:00:00.000Z	24	Atlantic	Corporate	Office Supplies	Binders and Binder Accessories
59585	2012-09-22T00:00:00.000Z	45	Atlantic	Consumer	Technology	Office Machines
3	2010-10-13T00:00:00.000Z	6	Nunavut	Small Business	Office Supplies	Storage & Organization
2275	2012-10-21T00:00:00.000Z	49	Nunavut	Small Business	Office Supplies	Pens & Art Supplies
2757	2011-07-19T00:00:00.000Z	39	Nunavut	Corporate	Furniture	Chairs & Chairmats
5506	2010-11-07T00:00:00.000Z	22	Nunavut	Corporate	Office Supplies	Paper
8833	2012-05-04T00:00:00.000Z	40	Nunavut	Small Business	Office Supplies	Storage & Organization
12096	2012-09-19T00:00:00.000Z	46	Northwest Territories	Home Office	Technology	Telephones and Communication
12096	2012-09-19T00:00:00.000Z	23	Northwest Territories	Home Office	Furniture	Office Furnishings
12419	2011-10-15T00:00:00.000Z	12	Northwest Territories	Corporate	Technology	Office Machines
12929	2010-08-30T00:00:00.000Z	19	Northwest Territories	Corporate	Furniture	Chairs & Chairmats
12929	2010-08-30T00:00:00.000Z	20	Northwest Territories	Corporate	Office Supplies	Paper
16423	2012-08-05T00:00:00.000Z	19	Northwest Territories	Corporate	Office Supplies	Paper
18308	2009-10-09T00:00:00.000Z	30	Northwest Territories	Corporate	Office Supplies	Binders and Binder Accessories
18308	2009-10-09T00:00:00.000Z	15	Northwest Territories	Corporate	Technology	Computer Peripherals
18308	2009-10-09T00:00:00.000Z	49	Northwest Territories	Corporate	Technology	Telephones and Communication
31393	2012-05-11T00:00:00.000Z	4	Northwest Territories	Corporate	Furniture	Office Furnishings
31684	2012-09-16T00:00:00.000Z	15	Northwest Territories	Corporate	Office Supplies	Paper
31684	2012-09-16T00:00:00.000Z	28	Northwest Territories	Corporate	Office Supplies	Storage & Organization
35266	2011-01-10T00:00:00.000Z	39	Northwest Territories	Corporate	Office Supplies	Pens & Art Supplies
35266	2011-01-10T00:00:00.000Z	28	Northwest Territories	Corporate	Furniture	Tables
37860	2010-08-27T00:00:00.000Z	1	Northwest Territories	Corporate	Furniture	Office Furnishings
38884	2012-08-17T00:00:00.000Z	47	Northwest Territories	Consumer	Office Supplies	Paper
38884	2012-08-17T00:00:00.000Z	20	Northwest Territories	Consumer	Furniture	Tables
39457	2011-06-02T00:00:00.000Z	40	Northwest Territories	Home Office	Furniture	Chairs & Chairmats
42561	2010-02-06T00:00:00.000Z	15	Northwest Territories	Consumer	Technology	Telephones and Communication
46912	2012-06-30T00:00:00.000Z	5	Northwest Territories	Home Office	Furniture	Office Furnishings
58144	2009-12-16T00:00:00.000Z	29	Atlantic	Small Business	Office Supplies	Paper
58340	2011-01-08T00:00:00.000Z	36	Atlantic	Corporate	Office Supplies	Appliances
613	2011-06-17T00:00:00.000Z	12	Nunavut	Corporate	Office Supplies	Binders and Binder Accessories
613	2011-06-17T00:00:00.000Z	22	Nunavut	Corporate	Office Supplies	Storage & Organization
6982	2011-11-16T00:00:00.000Z	32	Nunavut	Corporate	Technology	Computer Peripherals
6982	2011-11-16T00:00:00.000Z	5	Nunavut	Corporate	Furniture	Bookcases
6982	2011-11-16T00:00:00.000Z	41	Nunavut	Corporate	Furniture	Office Furnishings
8391	2011-08-28T00:00:00.000Z	4	Nunavut	Corporate	Furniture	Chairs & Chairmats
10791	2011-08-19T00:00:00.000Z	20	Northwest Territories	Small Business	Office Supplies	Paper
10945	2012-01-03T00:00:00.000Z	14	Northwest Territories	Consumer	Technology	Telephones and Communication
13702	2011-09-10T00:00:00.000Z	6	Northwest Territories	Small Business	Office Supplies	Paper
15937	2012-11-06T00:00:00.000Z	32	Northwest Territories	Corporate	Technology	Computer Peripherals
15937	2012-11-06T00:00:00.000Z	17	Northwest Territories	Corporate	Furniture	Office Furnishings
16545	2010-05-09T00:00:00.000Z	10	Northwest Territories	Small Business	Office Supplies	Pens & Art Supplies
16547	2009-02-18T00:00:00.000Z	30	Northwest Territories	Corporate	Furniture	Chairs & Chairmats
16547	2009-02-18T00:00:00.000Z	8	Northwest Territories	Corporate	Furniture	Tables
16706	2012-06-27T00:00:00.000Z	47	Northwest Territories	Corporate	Furniture	Office Furnishings
16706	2012-06-27T00:00:00.000Z	6	Northwest Territories	Corporate	Office Supplies	Pens & Art Supplies
16706	2012-06-27T00:00:00.000Z	49	Northwest Territories	Corporate	Technology	Telephones and Communication
17286	2010-09-21T00:00:00.000Z	7	Northwest Territories	Small Business	Furniture	Chairs & Chairmats
20007	2009-08-05T00:00:00.000Z	49	Northwest Territories	Small Business	Office Supplies	Pens & Art Supplies
25733	2012-05-12T00:00:00.000Z	24	Northwest Territories	Home Office	Office Supplies	Binders and Binder Accessories
27392	2012-03-02T00:00:00.000Z	37	Northwest Territories	Corporate	Technology	Office Machines
28871	2012-04-15T00:00:00.000Z	10	Northwest Territories	Small Business	Technology	Computer Peripherals
29030	2012-01-02T00:00:00.000Z	10	Northwest Territories	Corporate	Office Supplies	Pens & Art Supplies
34246	2010-10-07T00:00:00.000Z	49	Northwest Territories	Home Office	Office Supplies	Appliances
34246	2010-10-07T00:00:00.000Z	18	Northwest Territories	Home Office	Technology	Office Machines
34246	2010-10-07T00:00:00.000Z	27	Northwest Territories	Home Office	Office Supplies	Envelopes
35047	2010-06-09T00:00:00.000Z	31	Northwest Territories	Home Office	Office Supplies	Rubber Bands
36644	2012-05-13T00:00:00.000Z	24	Northwest Territories	Corporate	Technology	Computer Peripherals
39846	2009-02-27T00:00:00.000Z	14	Northwest Territories	Corporate	Technology	Computer Peripherals
45217	2010-09-01T00:00:00.000Z	40	Northwest Territories	Consumer	Technology	Telephones and Communication
47462	2011-06-09T00:00:00.000Z	43	Northwest Territories	Corporate	Office Supplies	Binders and Binder Accessories
47462	2011-06-09T00:00:00.000Z	18	Northwest Territories	Corporate	Office Supplies	Pens & Art Supplies
47462	2011-06-09T00:00:00.000Z	41	Northwest Territories	Corporate	Office Supplies	Rubber Bands
48295	2009-11-23T00:00:00.000Z	48	Northwest Territories	Small Business	Technology	Office Machines
49952	2011-11-19T00:00:00.000Z	12	Northwest Territories	Corporate	Furniture	Office Furnishings
51970	2012-01-11T00:00:00.000Z	1	Northwest Territories	Small Business	Technology	Office Machines
53156	2012-03-10T00:00:00.000Z	47	Northwest Territories	Corporate	Office Supplies	Labels
59202	2012-09-08T00:00:00.000Z	7	Atlantic	Consumer	Office Supplies	Labels
59202	2012-09-08T00:00:00.000Z	36	Atlantic	Consumer	Office Supplies	Pens & Art Supplies
868	2012-06-08T00:00:00.000Z	32	Nunavut	Home Office	Office Supplies	Appliances
868	2012-06-08T00:00:00.000Z	31	Nunavut	Home Office	Technology	Computer Peripherals
1761	2010-12-23T00:00:00.000Z	25	Nunavut	Corporate	Technology	Copiers and Fax
2976	2010-12-09T00:00:00.000Z	30	Nunavut	Consumer	Furniture	Chairs & Chairmats
11941	2010-06-24T00:00:00.000Z	4	Northwest Territories	Corporate	Office Supplies	Storage & Organization
11941	2010-06-24T00:00:00.000Z	26	Northwest Territories	Corporate	Furniture	Tables
14116	2011-10-09T00:00:00.000Z	1	Northwest Territories	Small Business	Office Supplies	Binders and Binder Accessories
14116	2011-10-09T00:00:00.000Z	42	Northwest Territories	Small Business	Office Supplies	Binders and Binder Accessories
15108	2009-08-27T00:00:00.000Z	50	Northwest Territories	Small Business	Office Supplies	Paper
16451	2009-07-22T00:00:00.000Z	9	Northwest Territories	Corporate	Office Supplies	Binders and Binder Accessories
19655	2009-01-11T00:00:00.000Z	31	Northwest Territories	Corporate	Technology	Computer Peripherals
21607	2012-03-15T00:00:00.000Z	17	Northwest Territories	Home Office	Office Supplies	Pens & Art Supplies
25767	2012-03-03T00:00:00.000Z	7	Northwest Territories	Corporate	Technology	Computer Peripherals
25767	2012-03-03T00:00:00.000Z	15	Northwest Territories	Corporate	Office Supplies	Paper
28165	2012-07-09T00:00:00.000Z	2	Northwest Territories	Corporate	Office Supplies	Binders and Binder Accessories
29795	2011-11-25T00:00:00.000Z	49	Northwest Territories	Small Business	Office Supplies	Binders and Binder Accessories
29795	2011-11-25T00:00:00.000Z	48	Northwest Territories	Small Business	Furniture	Bookcases
31492	2010-10-15T00:00:00.000Z	26	Northwest Territories	Small Business	Office Supplies	Appliances
31492	2010-10-15T00:00:00.000Z	34	Northwest Territories	Small Business	Office Supplies	Storage & Organization
31492	2010-10-15T00:00:00.000Z	23	Northwest Territories	Small Business	Office Supplies	Storage & Organization
35847	2009-01-30T00:00:00.000Z	23	Northwest Territories	Corporate	Technology	Computer Peripherals
41063	2012-11-21T00:00:00.000Z	22	Northwest Territories	Home Office	Office Supplies	Pens & Art Supplies
41063	2012-11-21T00:00:00.000Z	10	Northwest Territories	Home Office	Technology	Telephones and Communication
41063	2012-11-21T00:00:00.000Z	26	Northwest Territories	Home Office	Technology	Telephones and Communication
43330	2009-04-27T00:00:00.000Z	40	Northwest Territories	Home Office	Technology	Telephones and Communication
44071	2012-04-15T00:00:00.000Z	19	Northwest Territories	Corporate	Office Supplies	Binders and Binder Accessories
44071	2012-04-15T00:00:00.000Z	20	Northwest Territories	Corporate	Technology	Telephones and Communication
46980	2011-01-17T00:00:00.000Z	34	Northwest Territories	Corporate	Office Supplies	Labels
55363	2010-12-28T00:00:00.000Z	14	Northwest Territories	Consumer	Office Supplies	Storage & Organization
59395	2012-04-22T00:00:00.000Z	20	Atlantic	Small Business	Office Supplies	Paper
6182	2012-07-21T00:00:00.000Z	40	Nunavut	Corporate	Office Supplies	Paper
6182	2012-07-21T00:00:00.000Z	18	Nunavut	Corporate	Office Supplies	Paper
9127	2011-10-10T00:00:00.000Z	7	Northwest Territories	Corporate	Office Supplies	Storage & Organization
9509	2012-10-07T00:00:00.000Z	36	Northwest Territories	Home Office	Furniture	Chairs & Chairmats
9509	2012-10-07T00:00:00.000Z	5	Northwest Territories	Home Office	Office Supplies	Paper
9509	2012-10-07T00:00:00.000Z	32	Northwest Territories	Home Office	Office Supplies	Paper
16741	2010-09-30T00:00:00.000Z	6	Northwest Territories	Small Business	Office Supplies	Paper
18144	2011-06-07T00:00:00.000Z	48	Northwest Territories	Corporate	Office Supplies	Paper
18144	2011-06-07T00:00:00.000Z	8	Northwest Territories	Corporate	Office Supplies	Storage & Organization
18144	2011-06-07T00:00:00.000Z	41	Northwest Territories	Corporate	Technology	Telephones and Communication
19686	2010-08-15T00:00:00.000Z	2	Northwest Territories	Corporate	Technology	Office Machines
19686	2010-08-15T00:00:00.000Z	11	Northwest Territories	Corporate	Office Supplies	Binders and Binder Accessories
20160	2011-10-22T00:00:00.000Z	42	Northwest Territories	Small Business	Office Supplies	Paper
21383	2009-01-30T00:00:00.000Z	31	Northwest Territories	Consumer	Technology	Office Machines
24128	2010-11-23T00:00:00.000Z	13	Northwest Territories	Corporate	Office Supplies	Paper
24128	2010-11-23T00:00:00.000Z	43	Northwest Territories	Corporate	Technology	Telephones and Communication
27555	2009-09-01T00:00:00.000Z	32	Northwest Territories	Consumer	Office Supplies	Paper
27778	2011-09-02T00:00:00.000Z	1	Northwest Territories	Corporate	Office Supplies	Binders and Binder Accessories
27778	2011-09-02T00:00:00.000Z	34	Northwest Territories	Corporate	Furniture	Bookcases
31364	2009-05-01T00:00:00.000Z	2	Northwest Territories	Corporate	Office Supplies	Storage & Organization
32193	2010-10-20T00:00:00.000Z	4	Northwest Territories	Small Business	Office Supplies	Paper
32193	2010-10-20T00:00:00.000Z	27	Northwest Territories	Small Business	Office Supplies	Rubber Bands
33444	2012-10-06T00:00:00.000Z	11	Northwest Territories	Corporate	Office Supplies	Pens & Art Supplies
33444	2012-10-06T00:00:00.000Z	8	Northwest Territories	Corporate	Office Supplies	Storage & Organization
37253	2012-09-01T00:00:00.000Z	46	Northwest Territories	Small Business	Technology	Computer Peripherals
54083	2011-07-21T00:00:00.000Z	10	Northwest Territories	Home Office	Office Supplies	Appliances
55298	2009-08-02T00:00:00.000Z	1	Northwest Territories	Corporate	Furniture	Chairs & Chairmats
55366	2012-10-10T00:00:00.000Z	7	Northwest Territories	Corporate	Technology	Computer Peripherals
293	2012-10-01T00:00:00.000Z	49	Nunavut	Consumer	Office Supplies	Appliances
293	2012-10-01T00:00:00.000Z	27	Nunavut	Consumer	Office Supplies	Binders and Binder Accessories
995	2011-05-30T00:00:00.000Z	46	Nunavut	Home Office	Furniture	Office Furnishings
18080	2009-06-22T00:00:00.000Z	7	Northwest Territories	Corporate	Furniture	Chairs & Chairmats
20263	2009-11-14T00:00:00.000Z	8	Northwest Territories	Small Business	Office Supplies	Binders and Binder Accessories
20263	2009-11-14T00:00:00.000Z	33	Northwest Territories	Small Business	Technology	Telephones and Communication
21889	2010-04-01T00:00:00.000Z	21	Northwest Territories	Consumer	Furniture	Office Furnishings
21889	2010-04-01T00:00:00.000Z	16	Northwest Territories	Consumer	Office Supplies	Storage & Organization
25634	2010-07-29T00:00:00.000Z	29	Northwest Territories	Corporate	Technology	Computer Peripherals
25634	2010-07-29T00:00:00.000Z	26	Northwest Territories	Corporate	Office Supplies	Envelopes
26116	2012-10-29T00:00:00.000Z	36	Northwest Territories	Small Business	Office Supplies	Paper
27909	2012-02-07T00:00:00.000Z	1	Northwest Territories	Corporate	Office Supplies	Paper
27909	2012-02-07T00:00:00.000Z	47	Northwest Territories	Corporate	Office Supplies	Rubber Bands
32806	2011-06-21T00:00:00.000Z	8	Northwest Territories	Home Office	Furniture	Office Furnishings
33894	2010-06-14T00:00:00.000Z	14	Northwest Territories	Corporate	Office Supplies	Paper
33894	2010-06-14T00:00:00.000Z	48	Northwest Territories	Corporate	Technology	Computer Peripherals
33894	2010-06-14T00:00:00.000Z	13	Northwest Territories	Corporate	Technology	Computer Peripherals
42564	2012-09-12T00:00:00.000Z	35	Northwest Territories	Small Business	Furniture	Chairs & Chairmats
44839	2012-06-11T00:00:00.000Z	27	Northwest Territories	Consumer	Furniture	Office Furnishings
47943	2009-11-14T00:00:00.000Z	12	Northwest Territories	Home Office	Office Supplies	Labels
47943	2009-11-14T00:00:00.000Z	48	Northwest Territories	Home Office	Office Supplies	Pens & Art Supplies
50278	2010-05-25T00:00:00.000Z	2	Northwest Territories	Corporate	Office Supplies	Binders and Binder Accessories
50278	2010-05-25T00:00:00.000Z	20	Northwest Territories	Corporate	Furniture	Tables
52386	2009-01-05T00:00:00.000Z	6	Northwest Territories	Home Office	Technology	Office Machines
52964	2010-03-31T00:00:00.000Z	44	Northwest Territories	Corporate	Furniture	Office Furnishings
58434	2009-03-09T00:00:00.000Z	42	Atlantic	Home Office	Furniture	Office Furnishings
59558	2012-07-16T00:00:00.000Z	34	Atlantic	Small Business	Office Supplies	Labels
515	2010-08-28T00:00:00.000Z	19	Nunavut	Consumer	Office Supplies	Appliances
515	2010-08-28T00:00:00.000Z	21	Nunavut	Consumer	Furniture	Office Furnishings
5894	2009-08-12T00:00:00.000Z	7	Nunavut	Corporate	Office Supplies	Binders and Binder Accessories
5894	2009-08-12T00:00:00.000Z	3	Nunavut	Corporate	Office Supplies	Appliances
10022	2009-03-04T00:00:00.000Z	1	Northwest Territories	Small Business	Office Supplies	Paper
12289	2011-12-24T00:00:00.000Z	25	Northwest Territories	Corporate	Technology	Office Machines
12485	2010-08-07T00:00:00.000Z	24	Northwest Territories	Home Office	Furniture	Chairs & Chairmats
13313	2009-07-16T00:00:00.000Z	47	Northwest Territories	Home Office	Office Supplies	Appliances
15106	2011-01-27T00:00:00.000Z	42	Northwest Territories	Home Office	Furniture	Office Furnishings
15106	2011-01-27T00:00:00.000Z	39	Northwest Territories	Home Office	Technology	Office Machines
15106	2011-01-27T00:00:00.000Z	35	Northwest Territories	Home Office	Office Supplies	Pens & Art Supplies
17409	2010-08-17T00:00:00.000Z	31	Northwest Territories	Small Business	Technology	Computer Peripherals
28486	2009-08-26T00:00:00.000Z	2	Northwest Territories	Corporate	Office Supplies	Storage & Organization
29287	2009-07-02T00:00:00.000Z	50	Northwest Territories	Consumer	Office Supplies	Binders and Binder Accessories
29287	2009-07-02T00:00:00.000Z	49	Northwest Territories	Consumer	Technology	Office Machines
29510	2011-04-15T00:00:00.000Z	22	Northwest Territories	Home Office	Furniture	Bookcases
31618	2011-07-11T00:00:00.000Z	14	Northwest Territories	Corporate	Office Supplies	Binders and Binder Accessories
33734	2011-10-17T00:00:00.000Z	13	Northwest Territories	Corporate	Office Supplies	Paper
36001	2011-03-28T00:00:00.000Z	45	Northwest Territories	Home Office	Office Supplies	Binders and Binder Accessories
36001	2011-03-28T00:00:00.000Z	47	Northwest Territories	Home Office	Office Supplies	Binders and Binder Accessories
59234	2012-07-29T00:00:00.000Z	32	Atlantic	Corporate	Office Supplies	Appliances
59234	2012-07-29T00:00:00.000Z	16	Atlantic	Corporate	Furniture	Chairs & Chairmats
807	2010-11-23T00:00:00.000Z	45	Nunavut	Home Office	Office Supplies	Paper
807	2010-11-23T00:00:00.000Z	32	Nunavut	Home Office	Office Supplies	Rubber Bands
4676	2011-08-31T00:00:00.000Z	11	Nunavut	Home Office	Technology	Telephones and Communication
4676	2011-08-31T00:00:00.000Z	50	Nunavut	Home Office	Office Supplies	Labels
4676	2011-08-31T00:00:00.000Z	3	Nunavut	Home Office	Office Supplies	Paper
4676	2011-08-31T00:00:00.000Z	30	Nunavut	Home Office	Technology	Telephones and Communication
5569	2010-04-29T00:00:00.000Z	12	Nunavut	Corporate	Furniture	Office Furnishings
17283	2011-09-14T00:00:00.000Z	4	Northwest Territories	Home Office	Technology	Office Machines
24515	2010-05-06T00:00:00.000Z	41	Northwest Territories	Home Office	Technology	Office Machines
26272	2012-06-29T00:00:00.000Z	6	Northwest Territories	Home Office	Furniture	Chairs & Chairmats
26531	2011-06-20T00:00:00.000Z	26	Northwest Territories	Corporate	Technology	Telephones and Communication
26567	2009-09-04T00:00:00.000Z	8	Northwest Territories	Corporate	Office Supplies	Binders and Binder Accessories
26567	2009-09-04T00:00:00.000Z	10	Northwest Territories	Corporate	Technology	Computer Peripherals
26567	2009-09-04T00:00:00.000Z	22	Northwest Territories	Corporate	Furniture	Office Furnishings
26567	2009-09-04T00:00:00.000Z	48	Northwest Territories	Corporate	Technology	Telephones and Communication
27109	2012-02-08T00:00:00.000Z	48	Northwest Territories	Consumer	Technology	Computer Peripherals
27264	2011-06-04T00:00:00.000Z	3	Northwest Territories	Small Business	Furniture	Office Furnishings
31077	2010-10-23T00:00:00.000Z	36	Northwest Territories	Small Business	Technology	Telephones and Communication
31169	2011-06-09T00:00:00.000Z	6	Northwest Territories	Home Office	Furniture	Office Furnishings
33922	2010-02-27T00:00:00.000Z	31	Northwest Territories	Home Office	Technology	Office Machines
34631	2009-10-23T00:00:00.000Z	5	Northwest Territories	Corporate	Office Supplies	Binders and Binder Accessories
34631	2009-10-23T00:00:00.000Z	19	Northwest Territories	Corporate	Technology	Copiers and Fax
39683	2011-08-10T00:00:00.000Z	31	Northwest Territories	Corporate	Office Supplies	Binders and Binder Accessories
39683	2011-08-10T00:00:00.000Z	41	Northwest Territories	Corporate	Furniture	Chairs & Chairmats
39683	2011-08-10T00:00:00.000Z	6	Northwest Territories	Corporate	Furniture	Office Furnishings
39683	2011-08-10T00:00:00.000Z	30	Northwest Territories	Corporate	Office Supplies	Rubber Bands
43329	2010-03-07T00:00:00.000Z	42	Northwest Territories	Corporate	Office Supplies	Appliances
49154	2009-03-06T00:00:00.000Z	26	Northwest Territories	Home Office	Office Supplies	Appliances
50565	2012-08-30T00:00:00.000Z	43	Northwest Territories	Corporate	Office Supplies	Envelopes
54274	2010-11-23T00:00:00.000Z	20	Northwest Territories	Corporate	Office Supplies	Appliances
