{
  "type": "CustomCode_ClusterAster",
  "neverRecomputeExistingPartitions": false,
  "optionalDependencies": false,
  "params": {
    "customConfig": {
      "category": "Cluster Analysis",
      "distribution_key": "canopyid",
      "distribution": "fact",
      "function": {
        "isOrdered": false,
        "asterarguments": "",
        "isQueryMode": false,
        "unaliased_inputs": {
          "count": 0.0,
          "values": [],
          "desc": {}
        },
        "required_input": [],
        "name": "CANOPY",
        "partitionInputKind": [],
        "orderByColumn": "",
        "partitionAttributes": "",
        "arguments": [
          {
            "datatype": "TABLE_NAME",
            "isRequired": true,
            "allowsLists": false,
            "name": "INPUTTABLE",
            "value": "computers_train1_public",
            "i": 0.0
          },
          {
            "datatype": "DRIVER",
            "isRequired": false,
            "allowsLists": false,
            "name": "DOMAIN",
            "value": "",
            "i": 1.0
          },
          {
            "datatype": "DRIVER",
            "isRequired": false,
            "allowsLists": false,
            "name": "DATABASE",
            "value": "",
            "i": 2.0
          },
          {
            "datatype": "DRIVER",
            "isRequired": false,
            "allowsLists": false,
            "name": "USERID",
            "value": "",
            "i": 3.0
          },
          {
            "datatype": "DRIVER",
            "isRequired": false,
            "allowsLists": false,
            "name": "PASSWORD",
            "value": "",
            "i": 4.0
          },
          {
            "datatype": "DRIVER",
            "isRequired": false,
            "allowsLists": false,
            "name": "SSLSETTINGS",
            "value": "",
            "i": 5.0
          },
          {
            "datatype": "DRIVER",
            "isRequired": false,
            "allowsLists": false,
            "name": "SSLTRUSTSTOREPASSWORD",
            "value": "",
            "i": 6.0
          },
          {
            "datatype": "DOUBLE",
            "isRequired": true,
            "allowsLists": false,
            "name": "LOOSEDISTANCE",
            "value": "1000",
            "i": 7.0
          },
          {
            "datatype": "DOUBLE",
            "isRequired": true,
            "allowsLists": false,
            "name": "TIGHTDISTANCE",
            "value": "500",
            "i": 8.0
          }
        ],
        "queries": [],
        "hasInputTable": false,
        "function_version": "2.0"
      }
    }
  },
  "customMeta": {
    "kv": {}
  },
  "redispatchPartitioning": false,
  "inputs": {
    "main": {
      "items": [
        {
          "ref": "computers_train1_public",
          "deps": []
        }
      ]
    }
  },
  "outputs": {
    "main": {
      "items": [
        {
          "ref": "canopy_out",
          "appendMode": false
        }
      ]
    }
  },
  "versionTag": {
    "versionNumber": 8,
    "lastModifiedBy": {
      "login": "dt186022"
    },
    "lastModifiedOn": 1513334730954
  },
  "creationTag": {
    "versionNumber": 0,
    "lastModifiedBy": {
      "login": "dt186022"
    },
    "lastModifiedOn": 1496217264216
  },
  "tags": [],
  "checklists": {
    "checklists": []
  }
}