{
  "type": "CustomCode_DataTransformationAster",
  "neverRecomputeExistingPartitions": false,
  "optionalDependencies": false,
  "params": {
    "customConfig": {
      "category": "Data Transformation",
      "function": {
        "isOrdered": false,
        "asterarguments": "",
        "isQueryMode": false,
        "unaliased_inputs": {
          "count": 1.0,
          "values": [
            "apache_logs"
          ],
          "desc": {}
        },
        "required_input": [],
        "name": "APACHE_LOG_PARSER",
        "partitionInputKind": [
          "PartitionByAny"
        ],
        "orderByColumn": [
          ""
        ],
        "partitionAttributes": [
          ""
        ],
        "arguments": [
          {
            "datatype": "COLUMNS",
            "isRequired": true,
            "allowsLists": false,
            "name": "LOG_COLUMN",
            "value": "logdata",
            "i": 0.0
          },
          {
            "datatype": "STRING",
            "isRequired": false,
            "allowsLists": false,
            "name": "LOG_FORMAT",
            "value": "%h %l %u %t \"%r\" %\u003es %b \"%{Referer}i\" \"%{User-agent}i\"",
            "i": 1.0
          },
          {
            "datatype": "STRING",
            "isRequired": false,
            "allowsLists": true,
            "name": "EXCLUDE_FILES",
            "value": ".png\u0000.xml\u0000.js",
            "i": 2.0
          },
          {
            "datatype": "BOOLEAN",
            "isRequired": false,
            "allowsLists": false,
            "name": "RETURN_SEARCH_INFO",
            "value": false,
            "i": 3.0
          }
        ],
        "queries": [],
        "hasInputTable": true,
        "function_version": "2.3"
      }
    }
  },
  "customMeta": {
    "kv": {}
  },
  "redispatchPartitioning": false,
  "maxRunningActivities": 0,
  "inputs": {
    "main": {
      "items": [
        {
          "ref": "apache_logs",
          "deps": []
        }
      ]
    }
  },
  "outputs": {
    "main": {
      "items": [
        {
          "ref": "dss_apache_logs_out",
          "appendMode": false
        }
      ]
    }
  },
  "versionTag": {
    "versionNumber": 1,
    "lastModifiedBy": {
      "login": "kc186029"
    },
    "lastModifiedOn": 1517577647682
  },
  "creationTag": {
    "versionNumber": 0,
    "lastModifiedBy": {
      "login": "kc186029"
    },
    "lastModifiedOn": 1517577623917
  },
  "tags": [],
  "checklists": {
    "checklists": []
  }
}