{
  "type": "CustomCode_DataTransformationAster",
  "neverRecomputeExistingPartitions": false,
  "optionalDependencies": false,
  "params": {
    "customConfig": {
      "category": "Data Transformation",
      "function": {
        "isOrdered": false,
        "asterarguments": "",
        "isQueryMode": false,
        "unaliased_inputs": {
          "count": 1.0,
          "values": [
            "xml_input1"
          ],
          "desc": {}
        },
        "required_input": [],
        "name": "XMLPARSER",
        "partitionInputKind": [],
        "orderByColumn": [
          ""
        ],
        "partitionAttributes": [
          ""
        ],
        "arguments": [
          {
            "datatype": "COLUMNS",
            "isRequired": true,
            "allowsLists": false,
            "name": "TEXT_COLUMN",
            "value": "xmldoc",
            "i": 0.0
          },
          {
            "datatype": "STRING",
            "isRequired": true,
            "allowsLists": true,
            "name": "NODES",
            "value": "price/member",
            "i": 1.0
          },
          {
            "datatype": "STRING",
            "isRequired": false,
            "allowsLists": true,
            "name": "SIBLING",
            "value": "author",
            "i": 2.0
          },
          {
            "datatype": "STRING",
            "isRequired": false,
            "allowsLists": false,
            "name": "DELIMITER",
            "value": "",
            "i": 3.0
          },
          {
            "datatype": "STRING",
            "isRequired": false,
            "allowsLists": false,
            "name": "SIBLING_DELIMITER",
            "value": ";",
            "i": 4.0
          },
          {
            "datatype": "INTEGER",
            "isRequired": false,
            "allowsLists": false,
            "name": "MAX_ITEM_NUMBER",
            "value": 10.0,
            "i": 5.0
          },
          {
            "datatype": "STRING",
            "isRequired": false,
            "allowsLists": true,
            "name": "ANCESTOR",
            "value": "",
            "i": 6.0
          },
          {
            "datatype": "STRING",
            "isRequired": false,
            "allowsLists": false,
            "name": "OUTPUTCOLUMN_NODEID",
            "value": "out_nodeid",
            "i": 7.0
          },
          {
            "datatype": "STRING",
            "isRequired": false,
            "allowsLists": false,
            "name": "OUTPUTCOLUMN_PARENT_NODE_NAME",
            "value": "out_parent_node",
            "i": 8.0
          },
          {
            "datatype": "STRING",
            "isRequired": false,
            "allowsLists": false,
            "name": "OUTPUTCOLUMN_GRANDPARENT_NODE_NAME",
            "value": "",
            "i": 9.0
          },
          {
            "datatype": "STRING",
            "isRequired": false,
            "allowsLists": false,
            "name": "ERROR_HANDLER",
            "value": "false",
            "i": 10.0
          },
          {
            "datatype": "COLUMNS",
            "isRequired": false,
            "allowsLists": true,
            "name": "ACCUMULATE",
            "value": [
              "xid"
            ],
            "i": 11.0
          }
        ],
        "queries": [],
        "hasInputTable": true,
        "function_version": "1.7"
      }
    }
  },
  "customMeta": {
    "kv": {}
  },
  "redispatchPartitioning": false,
  "maxRunningActivities": 0,
  "inputs": {
    "main": {
      "items": [
        {
          "ref": "xml_input1",
          "deps": []
        }
      ]
    }
  },
  "outputs": {
    "main": {
      "items": [
        {
          "ref": "dss_xml_parser_out",
          "appendMode": false
        }
      ]
    }
  },
  "versionTag": {
    "versionNumber": 3,
    "lastModifiedBy": {
      "login": "kc186029"
    },
    "lastModifiedOn": 1517564141852
  },
  "creationTag": {
    "versionNumber": 0,
    "lastModifiedBy": {
      "login": "kc186029"
    },
    "lastModifiedOn": 1517563958120
  },
  "tags": [],
  "checklists": {
    "checklists": []
  }
}