{
  "type": "CustomCode_DataTransformationAster",
  "neverRecomputeExistingPartitions": false,
  "optionalDependencies": false,
  "params": {
    "customConfig": {
      "category": "Data Transformation",
      "function": {
        "isOrdered": false,
        "asterarguments": "",
        "isQueryMode": false,
        "unaliased_inputs": {
          "count": 1.0,
          "values": [
            "pivot_input"
          ],
          "desc": {}
        },
        "required_input": [],
        "name": "PIVOT",
        "partitionInputKind": [
          "PartitionByKey"
        ],
        "orderByColumn": [
          ""
        ],
        "partitionAttributes": [
          "id"
        ],
        "arguments": [
          {
            "datatype": "COLUMNS",
            "isRequired": true,
            "allowsLists": true,
            "name": "PARTITIONS",
            "value": [
              "id"
            ],
            "i": 0.0
          },
          {
            "datatype": "INTEGER",
            "isRequired": false,
            "allowsLists": false,
            "name": "ROWS",
            "value": "3",
            "i": 1.0
          },
          {
            "datatype": "COLUMNS",
            "isRequired": false,
            "allowsLists": false,
            "name": "PIVOT_COLUMN",
            "value": "",
            "i": 2.0
          },
          {
            "datatype": "STRING",
            "isRequired": false,
            "allowsLists": true,
            "name": "PIVOT_KEYS",
            "value": "",
            "i": 3.0
          },
          {
            "datatype": "COLUMNS",
            "isRequired": true,
            "allowsLists": true,
            "name": "METRICS",
            "value": [
              "val"
            ],
            "i": 4.0
          },
          {
            "datatype": "BOOLEAN",
            "isRequired": false,
            "allowsLists": false,
            "name": "NUMERICPIVOTKEY",
            "value": false,
            "i": 5.0
          }
        ],
        "queries": [],
        "hasInputTable": true,
        "function_version": "1.0"
      }
    }
  },
  "customMeta": {
    "kv": {}
  },
  "redispatchPartitioning": false,
  "maxRunningActivities": 0,
  "inputs": {
    "main": {
      "items": [
        {
          "ref": "pivot_input",
          "deps": []
        }
      ]
    }
  },
  "outputs": {
    "main": {
      "items": [
        {
          "ref": "dss_pivot_out",
          "appendMode": false
        }
      ]
    }
  },
  "versionTag": {
    "versionNumber": 3,
    "lastModifiedBy": {
      "login": "kc186029"
    },
    "lastModifiedOn": 1517576771309
  },
  "creationTag": {
    "versionNumber": 0,
    "lastModifiedBy": {
      "login": "kc186029"
    },
    "lastModifiedOn": 1517576693185
  },
  "tags": [],
  "checklists": {
    "checklists": []
  }
}