{
  "type": "CustomCode_DataTransformationAster",
  "neverRecomputeExistingPartitions": false,
  "optionalDependencies": false,
  "params": {
    "customConfig": {
      "category": "Data Transformation",
      "function": {
        "isOrdered": false,
        "asterarguments": "",
        "isQueryMode": false,
        "unaliased_inputs": {
          "count": 1.0,
          "values": [
            "xml_input1"
          ],
          "desc": {}
        },
        "required_input": [],
        "name": "XMLRELATION",
        "partitionInputKind": [],
        "orderByColumn": [
          ""
        ],
        "partitionAttributes": [
          ""
        ],
        "arguments": [
          {
            "datatype": "COLUMNS",
            "isRequired": true,
            "allowsLists": false,
            "name": "TEXTCOLUMN",
            "value": "xmldoc",
            "i": 0.0
          },
          {
            "datatype": "COLUMNS",
            "isRequired": true,
            "allowsLists": true,
            "name": "DOCIDCOLUMNS",
            "value": [
              "xid"
            ],
            "i": 1.0
          },
          {
            "datatype": "INTEGER",
            "isRequired": false,
            "allowsLists": false,
            "name": "MAXDEPTH",
            "value": "3",
            "i": 2.0
          },
          {
            "datatype": "BOOLEAN",
            "isRequired": false,
            "allowsLists": false,
            "name": "ATTRIBUTETONODE",
            "value": false,
            "i": 3.0
          },
          {
            "datatype": "STRING",
            "isRequired": false,
            "allowsLists": false,
            "name": "ATTRIBUTEDELIMITER",
            "value": ",",
            "i": 4.0
          },
          {
            "datatype": "STRING",
            "isRequired": false,
            "allowsLists": true,
            "name": "EXCLUDEELEMENTS",
            "value": "",
            "i": 5.0
          },
          {
            "datatype": "STRING",
            "isRequired": false,
            "allowsLists": false,
            "name": "OUTPUT",
            "value": "fullpath",
            "i": 6.0
          },
          {
            "datatype": "STRING",
            "isRequired": false,
            "allowsLists": false,
            "name": "ERROR_HANDLER",
            "value": "false",
            "i": 7.0
          },
          {
            "datatype": "COLUMNS",
            "isRequired": false,
            "allowsLists": true,
            "name": "ACCUMULATE",
            "value": "",
            "i": 8.0
          }
        ],
        "queries": [],
        "hasInputTable": true,
        "function_version": "1.3"
      }
    }
  },
  "customMeta": {
    "kv": {}
  },
  "redispatchPartitioning": false,
  "maxRunningActivities": 0,
  "inputs": {
    "main": {
      "items": [
        {
          "ref": "xml_input1",
          "deps": []
        }
      ]
    }
  },
  "outputs": {
    "main": {
      "items": [
        {
          "ref": "dss_xml_relation_out",
          "appendMode": false
        }
      ]
    }
  },
  "versionTag": {
    "versionNumber": 2,
    "lastModifiedBy": {
      "login": "kc186029"
    },
    "lastModifiedOn": 1517564826463
  },
  "creationTag": {
    "versionNumber": 0,
    "lastModifiedBy": {
      "login": "kc186029"
    },
    "lastModifiedOn": 1517564802476
  },
  "tags": [],
  "checklists": {
    "checklists": []
  }
}