Northwest Territories	Envelopes	Labels	1	9	16	0.00694444444444444	0.00377358490566038	0.111111111111111	1.84027777777778	-0.890369537840792
Northwest Territories	Envelopes	Computer Peripherals	2	9	30	0.0148148148148148	0.00754716981132075	0.222222222222222	1.96296296296296	0.0754550455797281
Northwest Territories	Envelopes	Appliances	1	9	17	0.0065359477124183	0.00377358490566038	0.111111111111111	1.73202614379085	-0.890369537840792
Northwest Territories	Envelopes	Binders and Binder Accessories	2	9	44	0.0101010101010101	0.00754716981132075	0.222222222222222	1.33838383838384	0.0754550455797281
Northwest Territories	Envelopes	Office Machines	2	9	23	0.0193236714975845	0.00754716981132075	0.222222222222222	2.56038647342995	0.0754550455797281
Northwest Territories	Copiers and Fax	Binders and Binder Accessories	1	3	44	0.00757575757575758	0.00377358490566038	0.333333333333333	2.00757575757576	-0.890369537840792
Northwest Territories	Copiers and Fax	Storage & Organization	2	3	29	0.0459770114942529	0.00754716981132075	0.666666666666667	6.09195402298851	0.0754550455797281
Nunavut	Tables	Bookcases	1	1	2	0.5	0.0181818181818182	1.0	27.5	-0.458831467741124
Northwest Territories	Tables	Labels	1	12	16	0.00520833333333333	0.00377358490566038	0.0833333333333333	1.38020833333333	-0.890369537840792
Northwest Territories	Tables	Chairs & Chairmats	2	12	22	0.0151515151515152	0.00754716981132075	0.166666666666667	2.00757575757576	0.0754550455797281
Northwest Territories	Tables	Office Furnishings	1	12	38	0.00219298245614035	0.00377358490566038	0.0833333333333333	0.581140350877193	-0.890369537840792
Northwest Territories	Tables	Binders and Binder Accessories	2	12	44	0.00757575757575758	0.00754716981132075	0.166666666666667	1.00378787878788	0.0754550455797281
Northwest Territories	Tables	Pens & Art Supplies	1	12	23	0.0036231884057971	0.00377358490566038	0.0833333333333333	0.960144927536232	-0.890369537840792
Northwest Territories	Tables	Paper	1	12	40	0.00208333333333333	0.00377358490566038	0.0833333333333333	0.552083333333333	-0.890369537840792
Northwest Territories	Tables	Storage & Organization	3	12	29	0.0258620689655172	0.0113207547169811	0.25	2.28448275862069	1.04127962900025
Nunavut	Office Furnishings	Appliances	1	5	6	0.0333333333333333	0.0181818181818182	0.2	1.83333333333333	-0.458831467741124
Northwest Territories	Office Furnishings	Chairs & Chairmats	2	38	22	0.00478468899521531	0.00754716981132075	0.0526315789473684	0.633971291866029	0.0754550455797281
Atlantic	Office Furnishings	Binders and Binder Accessories	1	5	3	0.0666666666666667	0.0555555555555556	0.2	1.2	
Northwest Territories	Office Furnishings	Binders and Binder Accessories	4	38	44	0.00956937799043062	0.0150943396226415	0.105263157894737	0.633971291866029	2.00710421242077
Nunavut	Office Furnishings	Binders and Binder Accessories	1	5	10	0.02	0.0181818181818182	0.2	1.1	-0.458831467741124
Northwest Territories	Office Furnishings	Pens & Art Supplies	3	38	23	0.0102974828375286	0.0113207547169811	0.0789473684210526	0.909610983981693	1.04127962900025
Northwest Territories	Office Furnishings	Paper	1	38	40	6.57894736842105E-4	0.00377358490566038	0.0263157894736842	0.174342105263158	-0.890369537840792
Atlantic	Office Furnishings	Paper	1	5	4	0.05	0.0555555555555556	0.2	0.9	
Atlantic	Office Furnishings	Storage & Organization	1	5	1	0.2	0.0555555555555556	0.2	3.6	
Nunavut	Office Furnishings	Paper	1	5	12	0.0166666666666667	0.0181818181818182	0.2	0.916666666666667	-0.458831467741124
Northwest Territories	Office Furnishings	Storage & Organization	2	38	29	0.00362976406533575	0.00754716981132075	0.0526315789473684	0.480943738656987	0.0754550455797281
Nunavut	Office Furnishings	Bookcases	1	5	2	0.1	0.0181818181818182	0.2	5.5	-0.458831467741124
Northwest Territories	Office Furnishings	Bookcases	1	38	11	0.00239234449760766	0.00377358490566038	0.0263157894736842	0.633971291866029	-0.890369537840792
Nunavut	Office Furnishings	Computer Peripherals	1	5	6	0.0333333333333333	0.0181818181818182	0.2	1.83333333333333	-0.458831467741124
Nunavut	Office Furnishings	Rubber Bands	1	5	2	0.1	0.0181818181818182	0.2	5.5	-0.458831467741124
Northwest Territories	Office Furnishings	Computer Peripherals	2	38	30	0.00350877192982456	0.00754716981132075	0.0526315789473684	0.464912280701754	0.0754550455797281
Atlantic	Office Furnishings	Computer Peripherals	1	5	2	0.1	0.0555555555555556	0.2	1.8	
Northwest Territories	Office Furnishings	Rubber Bands	1	38	10	0.00263157894736842	0.00377358490566038	0.0263157894736842	0.697368421052632	-0.890369537840792
Northwest Territories	Office Furnishings	Tables	1	38	12	0.00219298245614035	0.00377358490566038	0.0263157894736842	0.581140350877193	-0.890369537840792
Northwest Territories	Office Furnishings	Office Machines	2	38	23	0.0045766590389016	0.00754716981132075	0.0526315789473684	0.606407322654462	0.0754550455797281
Nunavut	Office Furnishings	Telephones and Communication	1	5	7	0.0285714285714286	0.0181818181818182	0.2	1.57142857142857	-0.458831467741124
Northwest Territories	Office Furnishings	Telephones and Communication	3	38	40	0.00592105263157895	0.0113207547169811	0.0789473684210526	0.523026315789474	1.04127962900025
Northwest Territories	Appliances	Chairs & Chairmats	1	17	22	0.00267379679144385	0.00377358490566038	0.0588235294117647	0.70855614973262	-0.890369537840792
Nunavut	Appliances	Office Furnishings	1	6	5	0.0333333333333333	0.0181818181818182	0.166666666666667	1.83333333333333	-0.458831467741124
Atlantic	Appliances	Chairs & Chairmats	1	2	2	0.25	0.0555555555555556	0.5	4.5	
Atlantic	Chairs & Chairmats	Appliances	1	2	2	0.25	0.0555555555555556	0.5	4.5	
Northwest Territories	Chairs & Chairmats	Office Furnishings	2	22	38	0.00478468899521531	0.00754716981132075	0.0909090909090909	0.633971291866029	0.0754550455797281
Northwest Territories	Chairs & Chairmats	Appliances	1	22	17	0.00267379679144385	0.00377358490566038	0.0454545454545455	0.70855614973262	-0.890369537840792
Northwest Territories	Chairs & Chairmats	Binders and Binder Accessories	2	22	44	0.00413223140495868	0.00754716981132075	0.0909090909090909	0.547520661157025	0.0754550455797281
Nunavut	Appliances	Binders and Binder Accessories	2	6	10	0.0666666666666667	0.0363636363636364	0.333333333333333	1.83333333333333	2.17944947177034
Nunavut	Chairs & Chairmats	Binders and Binder Accessories	1	5	10	0.02	0.0181818181818182	0.2	1.1	-0.458831467741124
Northwest Territories	Chairs & Chairmats	Paper	2	22	40	0.00454545454545455	0.00754716981132075	0.0909090909090909	0.602272727272727	0.0754550455797281
Northwest Territories	Appliances	Storage & Organization	1	17	29	0.00202839756592292	0.00377358490566038	0.0588235294117647	0.537525354969574	-0.890369537840792
Northwest Territories	Appliances	Paper	1	17	40	0.00147058823529412	0.00377358490566038	0.0588235294117647	0.389705882352941	-0.890369537840792
Nunavut	Chairs & Chairmats	Paper	1	5	12	0.0166666666666667	0.0181818181818182	0.2	0.916666666666667	-0.458831467741124
Northwest Territories	Appliances	Bookcases	1	17	11	0.0053475935828877	0.00377358490566038	0.0588235294117647	1.41711229946524	-0.890369537840792
Northwest Territories	Chairs & Chairmats	Bookcases	1	22	11	0.00413223140495868	0.00377358490566038	0.0454545454545455	1.09504132231405	-0.890369537840792
Northwest Territories	Appliances	Computer Peripherals	1	17	30	0.00196078431372549	0.00377358490566038	0.0588235294117647	0.519607843137255	-0.890369537840792
Northwest Territories	Chairs & Chairmats	Computer Peripherals	3	22	30	0.0136363636363636	0.0113207547169811	0.136363636363636	1.20454545454545	1.04127962900025
Nunavut	Appliances	Computer Peripherals	1	6	6	0.0277777777777778	0.0181818181818182	0.166666666666667	1.52777777777778	-0.458831467741124
Atlantic	Chairs & Chairmats	Computer Peripherals	1	2	2	0.25	0.0555555555555556	0.5	4.5	
Northwest Territories	Chairs & Chairmats	Rubber Bands	1	22	10	0.00454545454545455	0.00377358490566038	0.0454545454545455	1.20454545454545	-0.890369537840792
Northwest Territories	Appliances	Envelopes	1	17	9	0.0065359477124183	0.00377358490566038	0.0588235294117647	1.73202614379085	-0.890369537840792
Northwest Territories	Chairs & Chairmats	Tables	2	22	12	0.0151515151515152	0.00754716981132075	0.0909090909090909	2.00757575757576	0.0754550455797281
Northwest Territories	Appliances	Office Machines	1	17	23	0.00255754475703325	0.00377358490566038	0.0588235294117647	0.677749360613811	-0.890369537840792
Northwest Territories	Telephones and Communication	Labels	1	40	16	0.0015625	0.00377358490566038	0.025	0.4140625	-0.890369537840792
Nunavut	Telephones and Communication	Labels	2	7	4	0.142857142857143	0.0363636363636364	0.285714285714286	3.92857142857143	2.17944947177034
Northwest Territories	Telephones and Communication	Computer Peripherals	3	40	30	0.0075	0.0113207547169811	0.075	0.6625	1.04127962900025
Northwest Territories	Office Machines	Rubber Bands	1	23	10	0.00434782608695652	0.00377358490566038	0.0434782608695652	1.15217391304348	-0.890369537840792
Northwest Territories	Office Machines	Appliances	1	23	17	0.00255754475703325	0.00377358490566038	0.0434782608695652	0.677749360613811	-0.890369537840792
Northwest Territories	Telephones and Communication	Office Furnishings	3	40	38	0.00592105263157895	0.0113207547169811	0.075	0.523026315789474	1.04127962900025
Northwest Territories	Office Machines	Office Furnishings	2	23	38	0.0045766590389016	0.00754716981132075	0.0869565217391304	0.606407322654462	0.0754550455797281
Nunavut	Telephones and Communication	Office Furnishings	1	7	5	0.0285714285714286	0.0181818181818182	0.142857142857143	1.57142857142857	-0.458831467741124
Northwest Territories	Telephones and Communication	Pens & Art Supplies	2	40	23	0.00434782608695652	0.00754716981132075	0.05	0.576086956521739	0.0754550455797281
Northwest Territories	Office Machines	Binders and Binder Accessories	3	23	44	0.00889328063241107	0.0113207547169811	0.130434782608696	0.785573122529644	1.04127962900025
Northwest Territories	Telephones and Communication	Binders and Binder Accessories	4	40	44	0.00909090909090909	0.0150943396226415	0.1	0.602272727272727	2.00710421242077
Northwest Territories	Office Machines	Pens & Art Supplies	3	23	23	0.0170132325141777	0.0113207547169811	0.130434782608696	1.50283553875236	1.04127962900025
Northwest Territories	Telephones and Communication	Storage & Organization	5	40	29	0.021551724137931	0.0188679245283019	0.125	1.14224137931034	2.97292879584129
Nunavut	Telephones and Communication	Paper	1	7	12	0.0119047619047619	0.0181818181818182	0.142857142857143	0.654761904761905	-0.458831467741124
Northwest Territories	Telephones and Communication	Paper	2	40	40	0.0025	0.00754716981132075	0.05	0.33125	0.0754550455797281
Northwest Territories	Office Machines	Storage & Organization	1	23	29	0.00149925037481259	0.00377358490566038	0.0434782608695652	0.397301349325337	-0.890369537840792
Northwest Territories	Office Machines	Envelopes	2	23	9	0.0193236714975845	0.00754716981132075	0.0869565217391304	2.56038647342995	0.0754550455797281
Northwest Territories	Bookcases	Computer Peripherals	1	11	30	0.00303030303030303	0.00377358490566038	0.0909090909090909	0.803030303030303	-0.890369537840792
Nunavut	Bookcases	Computer Peripherals	1	2	6	0.0833333333333333	0.0181818181818182	0.5	4.58333333333333	-0.458831467741124
Northwest Territories	Bookcases	Appliances	1	11	17	0.0053475935828877	0.00377358490566038	0.0909090909090909	1.41711229946524	-0.890369537840792
Northwest Territories	Bookcases	Chairs & Chairmats	1	11	22	0.00413223140495868	0.00377358490566038	0.0909090909090909	1.09504132231405	-0.890369537840792
Northwest Territories	Bookcases	Office Furnishings	1	11	38	0.00239234449760766	0.00377358490566038	0.0909090909090909	0.633971291866029	-0.890369537840792
Nunavut	Bookcases	Office Furnishings	1	2	5	0.1	0.0181818181818182	0.5	5.5	-0.458831467741124
Northwest Territories	Bookcases	Binders and Binder Accessories	2	11	44	0.00826446280991736	0.00754716981132075	0.181818181818182	1.09504132231405	0.0754550455797281
Northwest Territories	Bookcases	Paper	1	11	40	0.00227272727272727	0.00377358490566038	0.0909090909090909	0.602272727272727	-0.890369537840792
Nunavut	Bookcases	Tables	1	2	1	0.5	0.0181818181818182	0.5	27.5	-0.458831467741124
Northwest Territories	Labels	Computer Peripherals	1	16	30	0.00208333333333333	0.00377358490566038	0.0625	0.552083333333333	-0.890369537840792
Nunavut	Labels	Rubber Bands	1	4	2	0.125	0.0181818181818182	0.25	6.875	-0.458831467741124
Atlantic	Labels	Pens & Art Supplies	1	3	2	0.166666666666667	0.0555555555555556	0.333333333333333	3.0	
Northwest Territories	Labels	Pens & Art Supplies	3	16	23	0.0244565217391304	0.0113207547169811	0.1875	2.16032608695652	1.04127962900025
Northwest Territories	Labels	Binders and Binder Accessories	2	16	44	0.00568181818181818	0.00754716981132075	0.125	0.752840909090909	0.0754550455797281
Nunavut	Labels	Paper	1	4	12	0.0208333333333333	0.0181818181818182	0.25	1.14583333333333	-0.458831467741124
Northwest Territories	Labels	Paper	2	16	40	0.00625	0.00754716981132075	0.125	0.828125	0.0754550455797281
Northwest Territories	Labels	Envelopes	1	16	9	0.00694444444444444	0.00377358490566038	0.0625	1.84027777777778	-0.890369537840792
Northwest Territories	Labels	Tables	1	16	12	0.00520833333333333	0.00377358490566038	0.0625	1.38020833333333	-0.890369537840792
Northwest Territories	Labels	Telephones and Communication	1	16	40	0.0015625	0.00377358490566038	0.0625	0.4140625	-0.890369537840792
Nunavut	Labels	Telephones and Communication	2	4	7	0.142857142857143	0.0363636363636364	0.5	3.92857142857143	2.17944947177034
Nunavut	Paper	Chairs & Chairmats	1	12	5	0.0166666666666667	0.0181818181818182	0.0833333333333333	0.916666666666667	-0.458831467741124
Nunavut	Paper	Office Furnishings	1	12	5	0.0166666666666667	0.0181818181818182	0.0833333333333333	0.916666666666667	-0.458831467741124
Northwest Territories	Storage & Organization	Office Furnishings	2	29	38	0.00362976406533575	0.00754716981132075	0.0689655172413793	0.480943738656987	0.0754550455797281
Northwest Territories	Storage & Organization	Appliances	1	29	17	0.00202839756592292	0.00377358490566038	0.0344827586206897	0.537525354969574	-0.890369537840792
Northwest Territories	Paper	Appliances	1	40	17	0.00147058823529412	0.00377358490566038	0.025	0.389705882352941	-0.890369537840792
Northwest Territories	Paper	Chairs & Chairmats	2	40	22	0.00454545454545455	0.00754716981132075	0.05	0.602272727272727	0.0754550455797281
Atlantic	Storage & Organization	Office Furnishings	1	1	5	0.2	0.0555555555555556	1.0	3.6	
Atlantic	Paper	Office Furnishings	1	4	5	0.05	0.0555555555555556	0.25	0.9	
Northwest Territories	Paper	Office Furnishings	1	40	38	6.57894736842105E-4	0.00377358490566038	0.025	0.174342105263158	-0.890369537840792
Northwest Territories	Storage & Organization	Pens & Art Supplies	1	29	23	0.00149925037481259	0.00377358490566038	0.0344827586206897	0.397301349325337	-0.890369537840792
Nunavut	Storage & Organization	Binders and Binder Accessories	1	6	10	0.0166666666666667	0.0181818181818182	0.166666666666667	0.916666666666667	-0.458831467741124
Northwest Territories	Paper	Binders and Binder Accessories	2	40	44	0.00227272727272727	0.00754716981132075	0.05	0.301136363636364	0.0754550455797281
Northwest Territories	Storage & Organization	Binders and Binder Accessories	1	29	44	7.83699059561128E-4	0.00377358490566038	0.0344827586206897	0.207680250783699	-0.890369537840792
Nunavut	Paper	Binders and Binder Accessories	2	12	10	0.0333333333333333	0.0363636363636364	0.166666666666667	0.916666666666667	2.17944947177034
Northwest Territories	Paper	Pens & Art Supplies	1	40	23	0.00108695652173913	0.00377358490566038	0.025	0.28804347826087	-0.890369537840792
Atlantic	Storage & Organization	Paper	1	1	4	0.25	0.0555555555555556	1.0	4.5	
Northwest Territories	Storage & Organization	Paper	4	29	40	0.0137931034482759	0.0150943396226415	0.137931034482759	0.913793103448276	2.00710421242077
Atlantic	Paper	Storage & Organization	1	4	1	0.25	0.0555555555555556	0.25	4.5	
Northwest Territories	Paper	Storage & Organization	4	40	29	0.0137931034482759	0.0150943396226415	0.1	0.913793103448276	2.00710421242077
Northwest Territories	Paper	Bookcases	1	40	11	0.00227272727272727	0.00377358490566038	0.025	0.602272727272727	-0.890369537840792
Nunavut	Paper	Labels	1	12	4	0.0208333333333333	0.0181818181818182	0.0833333333333333	1.14583333333333	-0.458831467741124
Northwest Territories	Paper	Labels	2	40	16	0.00625	0.00754716981132075	0.05	0.828125	0.0754550455797281
Nunavut	Paper	Rubber Bands	2	12	2	0.166666666666667	0.0363636363636364	0.166666666666667	4.58333333333333	2.17944947177034
Northwest Territories	Storage & Organization	Computer Peripherals	3	29	30	0.0103448275862069	0.0113207547169811	0.103448275862069	0.913793103448276	1.04127962900025
Nunavut	Paper	Computer Peripherals	1	12	6	0.0138888888888889	0.0181818181818182	0.0833333333333333	0.763888888888889	-0.458831467741124
Northwest Territories	Paper	Rubber Bands	2	40	10	0.01	0.00754716981132075	0.05	1.325	0.0754550455797281
Northwest Territories	Paper	Computer Peripherals	5	40	30	0.0208333333333333	0.0188679245283019	0.125	1.10416666666667	2.97292879584129
Northwest Territories	Storage & Organization	Tables	3	29	12	0.0258620689655172	0.0113207547169811	0.103448275862069	2.28448275862069	1.04127962900025
Northwest Territories	Paper	Tables	1	40	12	0.00208333333333333	0.00377358490566038	0.025	0.552083333333333	-0.890369537840792
Northwest Territories	Storage & Organization	Copiers and Fax	2	29	3	0.0459770114942529	0.00754716981132075	0.0689655172413793	6.09195402298851	0.0754550455797281
Nunavut	Paper	Telephones and Communication	1	12	7	0.0119047619047619	0.0181818181818182	0.0833333333333333	0.654761904761905	-0.458831467741124
Northwest Territories	Storage & Organization	Telephones and Communication	5	29	40	0.021551724137931	0.0188679245283019	0.172413793103448	1.14224137931034	2.97292879584129
Northwest Territories	Paper	Telephones and Communication	2	40	40	0.0025	0.00754716981132075	0.05	0.33125	0.0754550455797281
Northwest Territories	Storage & Organization	Office Machines	1	29	23	0.00149925037481259	0.00377358490566038	0.0344827586206897	0.397301349325337	-0.890369537840792
Atlantic	Binders and Binder Accessories	Office Furnishings	1	3	5	0.0666666666666667	0.0555555555555556	0.333333333333333	1.2	
Northwest Territories	Binders and Binder Accessories	Office Furnishings	4	44	38	0.00956937799043062	0.0150943396226415	0.0909090909090909	0.633971291866029	2.00710421242077
Northwest Territories	Binders and Binder Accessories	Chairs & Chairmats	2	44	22	0.00413223140495868	0.00754716981132075	0.0454545454545455	0.547520661157025	0.0754550455797281
Nunavut	Binders and Binder Accessories	Office Furnishings	1	10	5	0.02	0.0181818181818182	0.1	1.1	-0.458831467741124
Nunavut	Binders and Binder Accessories	Chairs & Chairmats	1	10	5	0.02	0.0181818181818182	0.1	1.1	-0.458831467741124
Nunavut	Binders and Binder Accessories	Appliances	2	10	6	0.0666666666666667	0.0363636363636364	0.2	1.83333333333333	2.17944947177034
Northwest Territories	Pens & Art Supplies	Office Furnishings	3	23	38	0.0102974828375286	0.0113207547169811	0.130434782608696	0.909610983981693	1.04127962900025
Northwest Territories	Pens & Art Supplies	Binders and Binder Accessories	1	23	44	9.88142292490119E-4	0.00377358490566038	0.0434782608695652	0.261857707509881	-0.890369537840792
Northwest Territories	Binders and Binder Accessories	Pens & Art Supplies	1	44	23	9.88142292490119E-4	0.00377358490566038	0.0227272727272727	0.261857707509881	-0.890369537840792
Northwest Territories	Pens & Art Supplies	Paper	1	23	40	0.00108695652173913	0.00377358490566038	0.0434782608695652	0.28804347826087	-0.890369537840792
Nunavut	Binders and Binder Accessories	Paper	2	10	12	0.0333333333333333	0.0363636363636364	0.2	0.916666666666667	2.17944947177034
Northwest Territories	Binders and Binder Accessories	Storage & Organization	1	44	29	7.83699059561128E-4	0.00377358490566038	0.0227272727272727	0.207680250783699	-0.890369537840792
Northwest Territories	Pens & Art Supplies	Storage & Organization	1	23	29	0.00149925037481259	0.00377358490566038	0.0434782608695652	0.397301349325337	-0.890369537840792
Northwest Territories	Binders and Binder Accessories	Paper	2	44	40	0.00227272727272727	0.00754716981132075	0.0454545454545455	0.301136363636364	0.0754550455797281
Nunavut	Binders and Binder Accessories	Storage & Organization	1	10	6	0.0166666666666667	0.0181818181818182	0.1	0.916666666666667	-0.458831467741124
Northwest Territories	Binders and Binder Accessories	Bookcases	2	44	11	0.00826446280991736	0.00754716981132075	0.0454545454545455	1.09504132231405	0.0754550455797281
Northwest Territories	Binders and Binder Accessories	Labels	2	44	16	0.00568181818181818	0.00754716981132075	0.0454545454545455	0.752840909090909	0.0754550455797281
Atlantic	Pens & Art Supplies	Labels	1	2	3	0.166666666666667	0.0555555555555556	0.5	3.0	
Northwest Territories	Pens & Art Supplies	Labels	3	23	16	0.0244565217391304	0.0113207547169811	0.130434782608696	2.16032608695652	1.04127962900025
Northwest Territories	Binders and Binder Accessories	Rubber Bands	3	44	10	0.0204545454545455	0.0113207547169811	0.0681818181818182	1.80681818181818	1.04127962900025
Northwest Territories	Binders and Binder Accessories	Computer Peripherals	3	44	30	0.00681818181818182	0.0113207547169811	0.0681818181818182	0.602272727272727	1.04127962900025
Nunavut	Binders and Binder Accessories	Rubber Bands	1	10	2	0.05	0.0181818181818182	0.1	2.75	-0.458831467741124
Northwest Territories	Pens & Art Supplies	Rubber Bands	2	23	10	0.0173913043478261	0.00754716981132075	0.0869565217391304	2.30434782608696	0.0754550455797281
Nunavut	Binders and Binder Accessories	Computer Peripherals	1	10	6	0.0166666666666667	0.0181818181818182	0.1	0.916666666666667	-0.458831467741124
Northwest Territories	Binders and Binder Accessories	Envelopes	2	44	9	0.0101010101010101	0.00754716981132075	0.0454545454545455	1.33838383838384	0.0754550455797281
Northwest Territories	Binders and Binder Accessories	Tables	2	44	12	0.00757575757575758	0.00754716981132075	0.0454545454545455	1.00378787878788	0.0754550455797281
Northwest Territories	Pens & Art Supplies	Tables	1	23	12	0.0036231884057971	0.00377358490566038	0.0434782608695652	0.960144927536232	-0.890369537840792
Northwest Territories	Binders and Binder Accessories	Copiers and Fax	1	44	3	0.00757575757575758	0.00377358490566038	0.0227272727272727	2.00757575757576	-0.890369537840792
Northwest Territories	Binders and Binder Accessories	Telephones and Communication	4	44	40	0.00909090909090909	0.0150943396226415	0.0909090909090909	0.602272727272727	2.00710421242077
Northwest Territories	Pens & Art Supplies	Office Machines	3	23	23	0.0170132325141777	0.0113207547169811	0.130434782608696	1.50283553875236	1.04127962900025
Northwest Territories	Binders and Binder Accessories	Office Machines	3	44	23	0.00889328063241107	0.0113207547169811	0.0681818181818182	0.785573122529644	1.04127962900025
Northwest Territories	Pens & Art Supplies	Telephones and Communication	2	23	40	0.00434782608695652	0.00754716981132075	0.0869565217391304	0.576086956521739	0.0754550455797281
Nunavut	Computer Peripherals	Bookcases	1	6	2	0.0833333333333333	0.0181818181818182	0.166666666666667	4.58333333333333	-0.458831467741124
Northwest Territories	Computer Peripherals	Bookcases	1	30	11	0.00303030303030303	0.00377358490566038	0.0333333333333333	0.803030303030303	-0.890369537840792
Northwest Territories	Computer Peripherals	Labels	1	30	16	0.00208333333333333	0.00377358490566038	0.0333333333333333	0.552083333333333	-0.890369537840792
Nunavut	Rubber Bands	Labels	1	2	4	0.125	0.0181818181818182	0.5	6.875	-0.458831467741124
Northwest Territories	Rubber Bands	Chairs & Chairmats	1	10	22	0.00454545454545455	0.00377358490566038	0.1	1.20454545454545	-0.890369537840792
Nunavut	Computer Peripherals	Appliances	1	6	6	0.0277777777777778	0.0181818181818182	0.166666666666667	1.52777777777778	-0.458831467741124
Northwest Territories	Rubber Bands	Office Furnishings	1	10	38	0.00263157894736842	0.00377358490566038	0.1	0.697368421052632	-0.890369537840792
Northwest Territories	Computer Peripherals	Appliances	1	30	17	0.00196078431372549	0.00377358490566038	0.0333333333333333	0.519607843137255	-0.890369537840792
Nunavut	Computer Peripherals	Office Furnishings	1	6	5	0.0333333333333333	0.0181818181818182	0.166666666666667	1.83333333333333	-0.458831467741124
Northwest Territories	Computer Peripherals	Chairs & Chairmats	3	30	22	0.0136363636363636	0.0113207547169811	0.1	1.20454545454545	1.04127962900025
Northwest Territories	Computer Peripherals	Office Furnishings	2	30	38	0.00350877192982456	0.00754716981132075	0.0666666666666667	0.464912280701754	0.0754550455797281
Atlantic	Computer Peripherals	Chairs & Chairmats	1	2	2	0.25	0.0555555555555556	0.5	4.5	
Atlantic	Computer Peripherals	Office Furnishings	1	2	5	0.1	0.0555555555555556	0.5	1.8	
Nunavut	Rubber Bands	Office Furnishings	1	2	5	0.1	0.0181818181818182	0.5	5.5	-0.458831467741124
Northwest Territories	Rubber Bands	Pens & Art Supplies	2	10	23	0.0173913043478261	0.00754716981132075	0.2	2.30434782608696	0.0754550455797281
Northwest Territories	Computer Peripherals	Binders and Binder Accessories	3	30	44	0.00681818181818182	0.0113207547169811	0.1	0.602272727272727	1.04127962900025
Nunavut	Rubber Bands	Binders and Binder Accessories	1	2	10	0.05	0.0181818181818182	0.5	2.75	-0.458831467741124
Northwest Territories	Rubber Bands	Binders and Binder Accessories	3	10	44	0.0204545454545455	0.0113207547169811	0.3	1.80681818181818	1.04127962900025
Nunavut	Computer Peripherals	Binders and Binder Accessories	1	6	10	0.0166666666666667	0.0181818181818182	0.166666666666667	0.916666666666667	-0.458831467741124
Nunavut	Rubber Bands	Paper	2	2	12	0.166666666666667	0.0363636363636364	1.0	4.58333333333333	2.17944947177034
Northwest Territories	Computer Peripherals	Paper	5	30	40	0.0208333333333333	0.0188679245283019	0.166666666666667	1.10416666666667	2.97292879584129
Northwest Territories	Computer Peripherals	Storage & Organization	3	30	29	0.0103448275862069	0.0113207547169811	0.1	0.913793103448276	1.04127962900025
Nunavut	Computer Peripherals	Paper	1	6	12	0.0138888888888889	0.0181818181818182	0.166666666666667	0.763888888888889	-0.458831467741124
Northwest Territories	Rubber Bands	Paper	2	10	40	0.01	0.00754716981132075	0.2	1.325	0.0754550455797281
Northwest Territories	Computer Peripherals	Envelopes	2	30	9	0.0148148148148148	0.00754716981132075	0.0666666666666667	1.96296296296296	0.0754550455797281
Northwest Territories	Computer Peripherals	Telephones and Communication	3	30	40	0.0075	0.0113207547169811	0.1	0.6625	1.04127962900025
Northwest Territories	Rubber Bands	Office Machines	1	10	23	0.00434782608695652	0.00377358490566038	0.1	1.15217391304348	-0.890369537840792
